uid,anno_index,coord_x,coord_y,coord_z,diameter,malscore,sphericiy,margin,spiculation,texture,calcification,internal_structure,lobulation,subtlety
1.3.6.1.4.1.14519.5.2.1.6279.6001.832260670372728970918746541371,IL057_157636,0.209,0.6592,0.4323,0.0176,3,4,5,1,5,6,1,1,2
1.3.6.1.4.1.14519.5.2.1.6279.6001.832260670372728970918746541371,IL057_203649,0.5654,0.5518,0.8346,0.0215,1,5,5,1,5,3,1,1,3
1.3.6.1.4.1.14519.5.2.1.6279.6001.832260670372728970918746541371,61813,0.209,0.6592,0.4286,0.0176,3,3,4,2,5,6,1,2,5
1.3.6.1.4.1.14519.5.2.1.6279.6001.832260670372728970918746541371,66181,0.5674,0.5537,0.8346,0.0215,1,2,5,1,5,3,1,4,4
1.3.6.1.4.1.14519.5.2.1.6279.6001.832260670372728970918746541371,9774,0.21,0.6592,0.4286,0.0215,3,3,5,1,5,6,1,1,5
1.3.6.1.4.1.14519.5.2.1.6279.6001.832260670372728970918746541371,9778,0.5674,0.5537,0.8346,0.0215,1,3,4,1,5,3,1,1,5
1.3.6.1.4.1.14519.5.2.1.6279.6001.832260670372728970918746541371,Nodule 001,0.208,0.6592,0.4286,0.0176,2,4,5,1,5,6,1,1,4
1.3.6.1.4.1.14519.5.2.1.6279.6001.832260670372728970918746541371,Nodule 002,0.5664,0.5537,0.8346,0.0195,1,3,5,1,5,3,1,2,4
