uid,anno_index,coord_x,coord_y,coord_z,diameter,malscore,sphericiy,margin,spiculation,texture,calcification,internal_structure,lobulation,subtlety
1.3.6.1.4.1.14519.5.2.1.6279.6001.199261544234308780356714831537,Nodule 001,0.248,0.4053,0.8422,0.0312,5,3,4,3,5,6,1,2,5
1.3.6.1.4.1.14519.5.2.1.6279.6001.199261544234308780356714831537,59853,0.2559,0.4062,0.8422,0.0391,4,4,4,1,4,6,1,1,5
1.3.6.1.4.1.14519.5.2.1.6279.6001.199261544234308780356714831537,MI014_14565,0.2549,0.4053,0.8422,0.041,4,4,2,1,4,6,1,1,5
1.3.6.1.4.1.14519.5.2.1.6279.6001.199261544234308780356714831537,0,0.25,0.4043,0.8422,0.0273,3,4,4,1,5,6,1,1,5
