uid,anno_index,coord_x,coord_y,coord_z,diameter,malscore,sphericiy,margin,spiculation,texture,calcification,internal_structure,lobulation,subtlety
1.3.6.1.4.1.14519.5.2.1.6279.6001.134370886216012873213579659366,Nodule 004,0.3359,0.7471,0.3812,0.0176,2,5,5,1,5,6,1,1,3
1.3.6.1.4.1.14519.5.2.1.6279.6001.134370886216012873213579659366,Nodule 002,0.3232,0.6016,0.849,0.0352,5,3,3,1,5,6,1,2,4
1.3.6.1.4.1.14519.5.2.1.6279.6001.134370886216012873213579659366,IL057_123778,0.3262,0.6025,0.8465,0.0547,4,4,1,1,3,6,1,3,3
1.3.6.1.4.1.14519.5.2.1.6279.6001.134370886216012873213579659366,IL057_123785,0.3379,0.7471,0.3837,0.0176,1,5,4,1,5,5,1,2,4
1.3.6.1.4.1.14519.5.2.1.6279.6001.134370886216012873213579659366,MI014_18212,0.3301,0.5996,0.8465,0.0469,3,4,1,1,3,6,1,1,4
1.3.6.1.4.1.14519.5.2.1.6279.6001.134370886216012873213579659366,MI014_18245,0.3369,0.7461,0.3837,0.0234,3,4,1,1,3,6,1,1,4
1.3.6.1.4.1.14519.5.2.1.6279.6001.134370886216012873213579659366,2,0.3379,0.7461,0.3812,0.0195,3,2,2,3,5,6,1,1,4
1.3.6.1.4.1.14519.5.2.1.6279.6001.134370886216012873213579659366,6,0.3271,0.5996,0.8416,0.0508,3,3,2,3,5,6,1,3,4
