uid,anno_index,coord_x,coord_y,coord_z,diameter,malscore,sphericiy,margin,spiculation,texture,calcification,internal_structure,lobulation,subtlety
1.3.6.1.4.1.14519.5.2.1.6279.6001.174692377730646477496286081479,77013,0.3613,0.6592,0.8773,0.0371,4,4,3,3,5,6,1,3,5
1.3.6.1.4.1.14519.5.2.1.6279.6001.174692377730646477496286081479,0,0.3613,0.6602,0.8804,0.0391,3,3,3,1,5,6,1,1,5
1.3.6.1.4.1.14519.5.2.1.6279.6001.174692377730646477496286081479,Nodule 001,0.3594,0.6572,0.8804,0.041,4,4,4,2,5,6,1,2,5
1.3.6.1.4.1.14519.5.2.1.6279.6001.174692377730646477496286081479,70769,0.3604,0.6543,0.8804,0.043,4,3,2,4,4,6,1,3,4
