uid,anno_index,coord_x,coord_y,coord_z,diameter,malscore,sphericiy,margin,spiculation,texture,calcification,internal_structure,lobulation,subtlety
1.3.6.1.4.1.14519.5.2.1.6279.6001.323408652979949774528873200770,Nodule 001,0.7168,0.5166,0.5226,0.0938,5,3,3,5,5,6,1,3,5
1.3.6.1.4.1.14519.5.2.1.6279.6001.323408652979949774528873200770,Nodule 002,0.7295,0.6426,0.8008,0.0918,5,3,3,2,5,6,1,3,5
1.3.6.1.4.1.14519.5.2.1.6279.6001.323408652979949774528873200770,IL057_159672,0.7275,0.6455,0.797,0.1035,5,3,4,5,5,6,1,2,5
1.3.6.1.4.1.14519.5.2.1.6279.6001.323408652979949774528873200770,IL057_159667,0.7051,0.5166,0.5188,0.1289,5,3,4,2,5,6,1,5,5
1.3.6.1.4.1.14519.5.2.1.6279.6001.323408652979949774528873200770,MI014_17624,0.7256,0.6436,0.8008,0.0801,3,3,2,2,5,6,1,5,5
1.3.6.1.4.1.14519.5.2.1.6279.6001.323408652979949774528873200770,0,0.7178,0.5127,0.5,0.0918,5,3,4,5,5,6,1,2,5
1.3.6.1.4.1.14519.5.2.1.6279.6001.323408652979949774528873200770,5,0.7207,0.6426,0.8008,0.0938,3,5,5,1,5,6,1,4,5
