uid,anno_index,coord_x,coord_y,coord_z,diameter,malscore,sphericiy,margin,spiculation,texture,calcification,internal_structure,lobulation,subtlety
1.3.6.1.4.1.14519.5.2.1.6279.6001.106630482085576298661469304872,1,0.2725,0.5303,0.4964,0.0215,1,5,5,1,5,3,1,1,5
1.3.6.1.4.1.14519.5.2.1.6279.6001.106630482085576298661469304872,160663,0.2695,0.5303,0.4929,0.0254,3,3,4,1,5,6,1,1,3
1.3.6.1.4.1.14519.5.2.1.6279.6001.106630482085576298661469304872,Nodule 002,0.2715,0.5303,0.4929,0.0215,1,4,5,1,5,3,1,1,5
1.3.6.1.4.1.14519.5.2.1.6279.6001.106630482085576298661469304872,163136,0.2715,0.5303,0.4929,0.0254,3,3,5,2,5,6,1,1,4
