uid,anno_index,coord_x,coord_y,coord_z,diameter,malscore,sphericiy,margin,spiculation,texture,calcification,internal_structure,lobulation,subtlety
1.3.6.1.4.1.14519.5.2.1.6279.6001.178680586845223339579041794709,2,0.7188,0.6074,0.3158,0.0312,2,5,5,1,5,6,1,1,3
1.3.6.1.4.1.14519.5.2.1.6279.6001.178680586845223339579041794709,163289,0.7188,0.6084,0.3158,0.0332,3,4,4,2,5,6,1,2,4
1.3.6.1.4.1.14519.5.2.1.6279.6001.178680586845223339579041794709,161380,0.7168,0.6064,0.312,0.0293,3,3,4,1,5,6,1,2,3
1.3.6.1.4.1.14519.5.2.1.6279.6001.178680586845223339579041794709,Nodule 001,0.7188,0.6084,0.3158,0.0293,4,4,4,2,5,6,1,1,4
