uid,anno_index,coord_x,coord_y,coord_z,diameter,malscore,sphericiy,margin,spiculation,texture,calcification,internal_structure,lobulation,subtlety
1.3.6.1.4.1.14519.5.2.1.6279.6001.128023902651233986592378348912,Nodule 002,0.6289,0.748,0.7556,0.043,5,2,3,3,5,6,1,2,4
1.3.6.1.4.1.14519.5.2.1.6279.6001.128023902651233986592378348912,IL057_127306,0.6299,0.7441,0.7556,0.0508,4,4,2,2,4,6,1,5,4
1.3.6.1.4.1.14519.5.2.1.6279.6001.128023902651233986592378348912,MI014_12049,0.6309,0.748,0.7556,0.043,4,3,2,2,5,6,1,3,4
1.3.6.1.4.1.14519.5.2.1.6279.6001.128023902651233986592378348912,0,0.6309,0.7461,0.7556,0.0391,4,5,4,5,4,6,1,1,5
