uid,anno_index,coord_x,coord_y,coord_z,diameter,malscore,sphericiy,margin,spiculation,texture,calcification,internal_structure,lobulation,subtlety
1.3.6.1.4.1.14519.5.2.1.6279.6001.111258527162678142285870245028,2732,0.3291,0.6074,0.9032,0.0449,5,2,3,1,1,6,1,2,3
1.3.6.1.4.1.14519.5.2.1.6279.6001.111258527162678142285870245028,2742,0.2148,0.6973,0.5692,0.0234,3,3,2,1,1,6,1,1,1
1.3.6.1.4.1.14519.5.2.1.6279.6001.111258527162678142285870245028,Nodule 003,0.3271,0.6045,0.9071,0.0371,4,3,4,1,3,6,1,2,4
1.3.6.1.4.1.14519.5.2.1.6279.6001.111258527162678142285870245028,IL057_166171,0.3301,0.6064,0.9111,0.0586,4,4,3,2,1,6,1,3,4
1.3.6.1.4.1.14519.5.2.1.6279.6001.111258527162678142285870245028,IL057_166418,0.2129,0.6982,0.5692,0.0293,4,5,2,2,1,6,1,3,1
1.3.6.1.4.1.14519.5.2.1.6279.6001.111258527162678142285870245028,71288,0.3281,0.6045,0.9051,0.041,3,4,2,3,1,6,1,2,5
1.3.6.1.4.1.14519.5.2.1.6279.6001.111258527162678142285870245028,71297,0.2129,0.6973,0.5711,0.0234,3,3,1,2,1,6,1,1,3
