uid,anno_index,coord_x,coord_y,coord_z,diameter,malscore,sphericiy,margin,spiculation,texture,calcification,internal_structure,lobulation,subtlety
1.3.6.1.4.1.14519.5.2.1.6279.6001.487745546557477250336016826588,Nodule 001,0.6201,0.46,0.8577,0.084,5,3,3,5,5,6,1,3,5
1.3.6.1.4.1.14519.5.2.1.6279.6001.487745546557477250336016826588,IL057_159699,0.6162,0.4541,0.8613,0.0996,5,3,4,5,5,6,1,4,5
1.3.6.1.4.1.14519.5.2.1.6279.6001.487745546557477250336016826588,MI014_19465,0.6191,0.457,0.8577,0.0898,5,4,2,5,5,6,1,4,5
1.3.6.1.4.1.14519.5.2.1.6279.6001.487745546557477250336016826588,0,0.6152,0.4541,0.8613,0.1113,4,5,4,5,4,6,1,1,5
