uid,anno_index,coord_x,coord_y,coord_z,diameter,malscore,sphericiy,margin,spiculation,texture,calcification,internal_structure,lobulation,subtlety
1.3.6.1.4.1.14519.5.2.1.6279.6001.192419869605596446455526220766,Nodule 001,0.7129,0.2949,0.5801,0.0273,4,4,5,1,5,6,1,2,4
1.3.6.1.4.1.14519.5.2.1.6279.6001.192419869605596446455526220766,7362,0.7148,0.293,0.5823,0.0273,3,4,3,2,3,6,1,2,2
1.3.6.1.4.1.14519.5.2.1.6279.6001.192419869605596446455526220766,54211,0.7139,0.2939,0.5823,0.0215,3,2,3,2,5,6,1,3,5
1.3.6.1.4.1.14519.5.2.1.6279.6001.192419869605596446455526220766,IL057_157276,0.7139,0.2939,0.5801,0.0215,3,3,3,1,5,6,1,3,2
