uid,anno_index,coord_x,coord_y,coord_z,diameter,malscore,sphericiy,margin,spiculation,texture,calcification,internal_structure,lobulation,subtlety
1.3.6.1.4.1.14519.5.2.1.6279.6001.245391706475696258069508046497,Nodule 001,0.833,0.293,0.5234,0.0254,3,4,5,1,5,6,1,2,5
1.3.6.1.4.1.14519.5.2.1.6279.6001.245391706475696258069508046497,3140,0.833,0.2969,0.5234,0.0273,3,3,4,2,4,6,1,2,3
1.3.6.1.4.1.14519.5.2.1.6279.6001.245391706475696258069508046497,11442,0.833,0.293,0.5195,0.0234,2,3,4,1,5,6,1,1,3
1.3.6.1.4.1.14519.5.2.1.6279.6001.245391706475696258069508046497,9823,0.832,0.2949,0.5195,0.0195,2,4,3,1,3,6,1,2,3
