uid,anno_index,coord_x,coord_y,coord_z,diameter,malscore,sphericiy,margin,spiculation,texture,calcification,internal_structure,lobulation,subtlety
1.3.6.1.4.1.14519.5.2.1.6279.6001.458525794434429386945463560826,Nodule 001,0.3887,0.5537,0.8821,0.0391,4,2,4,2,5,6,1,2,5
1.3.6.1.4.1.14519.5.2.1.6279.6001.458525794434429386945463560826,37896,0.3877,0.5557,0.885,0.0293,4,3,2,1,4,6,1,3,3
1.3.6.1.4.1.14519.5.2.1.6279.6001.458525794434429386945463560826,25093,0.3887,0.5557,0.8811,0.0312,5,4,4,4,4,6,1,4,4
1.3.6.1.4.1.14519.5.2.1.6279.6001.458525794434429386945463560826,0,0.3916,0.5547,0.8811,0.0332,5,5,5,4,5,6,1,3,5
