uid,anno_index,coord_x,coord_y,coord_z,diameter,malscore,sphericiy,margin,spiculation,texture,calcification,internal_structure,lobulation,subtlety
1.3.6.1.4.1.14519.5.2.1.6279.6001.164988920331211858091402361989,57615,0.2285,0.2969,0.5565,0.0273,3,5,4,5,5,6,1,4,5
1.3.6.1.4.1.14519.5.2.1.6279.6001.164988920331211858091402361989,39932,0.2285,0.2969,0.5565,0.0234,4,3,5,3,5,6,1,1,5
1.3.6.1.4.1.14519.5.2.1.6279.6001.164988920331211858091402361989,9487,0.2275,0.2969,0.5565,0.0293,3,3,5,1,5,6,1,2,4
1.3.6.1.4.1.14519.5.2.1.6279.6001.164988920331211858091402361989,3,0.2295,0.2969,0.5586,0.0293,2,5,5,1,5,6,1,4,3
