uid,anno_index,coord_x,coord_y,coord_z,diameter,malscore,sphericiy,margin,spiculation,texture,calcification,internal_structure,lobulation,subtlety
1.3.6.1.4.1.14519.5.2.1.6279.6001.336894364358709782463716339027,1,0.7783,0.2861,0.5588,0.0176,2,5,5,1,5,6,1,1,3
1.3.6.1.4.1.14519.5.2.1.6279.6001.336894364358709782463716339027,37763,0.7773,0.2852,0.5578,0.0156,1,2,4,1,5,3,1,3,3
1.3.6.1.4.1.14519.5.2.1.6279.6001.336894364358709782463716339027,Nodule 003,0.7764,0.2852,0.5588,0.0156,4,4,5,1,5,6,1,1,4
1.3.6.1.4.1.14519.5.2.1.6279.6001.336894364358709782463716339027,19706,0.7773,0.2852,0.5588,0.0156,2,3,4,1,5,6,1,1,2
