uid,anno_index,coord_x,coord_y,coord_z,diameter,malscore,sphericiy,margin,spiculation,texture,calcification,internal_structure,lobulation,subtlety
1.3.6.1.4.1.14519.5.2.1.6279.6001.135657246677982059395844827629,Nodule 002,0.2012,0.5264,0.7422,0.0508,1,5,5,1,5,5,1,1,5
1.3.6.1.4.1.14519.5.2.1.6279.6001.135657246677982059395844827629,10184,0.2041,0.5264,0.7453,0.0488,1,5,5,1,5,5,1,1,5
1.3.6.1.4.1.14519.5.2.1.6279.6001.135657246677982059395844827629,0,0.2031,0.5264,0.7484,0.0508,3,5,5,3,5,6,1,1,5
1.3.6.1.4.1.14519.5.2.1.6279.6001.135657246677982059395844827629,2712,0.2031,0.5283,0.7453,0.0527,3,5,4,2,4,6,1,2,5
