uid,anno_index,coord_x,coord_y,coord_z,diameter,malscore,sphericiy,margin,spiculation,texture,calcification,internal_structure,lobulation,subtlety
1.3.6.1.4.1.14519.5.2.1.6279.6001.202464973819273687476049035824,141534,0.7129,0.6738,0.3314,0.0195,1,5,1,1,5,3,1,2,5
1.3.6.1.4.1.14519.5.2.1.6279.6001.202464973819273687476049035824,4,0.7119,0.6738,0.3324,0.0234,1,5,5,1,5,3,1,1,5
1.3.6.1.4.1.14519.5.2.1.6279.6001.202464973819273687476049035824,167140,0.7129,0.6738,0.3314,0.0195,1,5,5,1,5,3,1,1,5
1.3.6.1.4.1.14519.5.2.1.6279.6001.202464973819273687476049035824,Nodule 006,0.7119,0.6729,0.3314,0.0254,4,3,4,2,5,6,1,2,4
