uid,anno_index,coord_x,coord_y,coord_z,diameter,malscore,sphericiy,margin,spiculation,texture,calcification,internal_structure,lobulation,subtlety
1.3.6.1.4.1.14519.5.2.1.6279.6001.141069661700670042960678408762,13632,0.2188,0.71,0.6589,0.0273,3,3,4,1,4,6,1,1,2
1.3.6.1.4.1.14519.5.2.1.6279.6001.141069661700670042960678408762,Nodule 001,0.2178,0.7109,0.6589,0.0293,4,3,4,2,5,6,1,2,5
1.3.6.1.4.1.14519.5.2.1.6279.6001.141069661700670042960678408762,13348,0.2188,0.71,0.6589,0.0273,2,3,4,1,5,6,1,2,4
1.3.6.1.4.1.14519.5.2.1.6279.6001.141069661700670042960678408762,0,0.2197,0.709,0.6607,0.0215,2,5,5,1,5,6,1,1,5
