uid,anno_index,coord_x,coord_y,coord_z,diameter,malscore,sphericiy,margin,spiculation,texture,calcification,internal_structure,lobulation,subtlety
1.3.6.1.4.1.14519.5.2.1.6279.6001.450501966058662668272378865145,1894,0.6592,0.5664,0.845,0.0391,3,4,2,2,4,6,1,3,4
1.3.6.1.4.1.14519.5.2.1.6279.6001.450501966058662668272378865145,1891,0.7959,0.3984,0.531,0.0156,3,4,4,2,5,6,1,2,3
1.3.6.1.4.1.14519.5.2.1.6279.6001.450501966058662668272378865145,15254,0.6602,0.5674,0.8527,0.0391,1,3,5,1,5,5,1,3,5
1.3.6.1.4.1.14519.5.2.1.6279.6001.450501966058662668272378865145,11800,0.6592,0.5664,0.845,0.0371,1,4,4,1,5,5,1,1,4
1.3.6.1.4.1.14519.5.2.1.6279.6001.450501966058662668272378865145,11794,0.7949,0.3975,0.531,0.0137,1,5,5,1,5,3,1,1,3
1.3.6.1.4.1.14519.5.2.1.6279.6001.450501966058662668272378865145,Nodule 002,0.793,0.3965,0.531,0.0156,2,5,5,1,5,6,1,1,3
1.3.6.1.4.1.14519.5.2.1.6279.6001.450501966058662668272378865145,Nodule 001,0.6582,0.5664,0.8488,0.0312,5,2,3,2,4,6,1,2,5
