uid,anno_index,coord_x,coord_y,coord_z,diameter,malscore,sphericiy,margin,spiculation,texture,calcification,internal_structure,lobulation,subtlety
1.3.6.1.4.1.14519.5.2.1.6279.6001.276556509002726404418399209377,Nodule 002,0.29,0.1504,0.4486,0.0449,5,3,4,3,5,6,1,3,5
1.3.6.1.4.1.14519.5.2.1.6279.6001.276556509002726404418399209377,Nodule 001,0.1963,0.4873,0.5189,0.0332,3,2,4,1,5,6,1,1,4
1.3.6.1.4.1.14519.5.2.1.6279.6001.276556509002726404418399209377,13532,0.1963,0.4863,0.5189,0.0254,3,3,4,1,5,6,1,3,4
1.3.6.1.4.1.14519.5.2.1.6279.6001.276556509002726404418399209377,13528,0.2861,0.1533,0.4486,0.0254,3,4,4,4,5,6,1,4,4
1.3.6.1.4.1.14519.5.2.1.6279.6001.276556509002726404418399209377,MI014_8025,0.2842,0.1504,0.4486,0.0352,4,3,2,2,5,6,1,3,4
1.3.6.1.4.1.14519.5.2.1.6279.6001.276556509002726404418399209377,MI014_8029,0.1973,0.4863,0.5189,0.0273,3,3,3,1,5,6,1,2,4
