uid,anno_index,coord_x,coord_y,coord_z,diameter,malscore,sphericiy,margin,spiculation,texture,calcification,internal_structure,lobulation,subtlety
1.3.6.1.4.1.14519.5.2.1.6279.6001.693480911433291675609148051914,65742,0.249,0.3887,0.4135,0.0234,2,3,4,1,5,6,1,2,4
1.3.6.1.4.1.14519.5.2.1.6279.6001.693480911433291675609148051914,78504,0.335,0.583,0.2577,0.0254,1,2,3,2,5,6,1,3,1
1.3.6.1.4.1.14519.5.2.1.6279.6001.693480911433291675609148051914,Nodule 003,0.335,0.5801,0.2577,0.0273,3,3,5,1,5,6,1,1,4
1.3.6.1.4.1.14519.5.2.1.6279.6001.693480911433291675609148051914,Nodule 002,0.248,0.3887,0.4135,0.0234,3,4,5,1,5,6,1,1,5
1.3.6.1.4.1.14519.5.2.1.6279.6001.693480911433291675609148051914,14374,0.248,0.3867,0.4154,0.0273,4,4,4,2,4,6,1,2,5
1.3.6.1.4.1.14519.5.2.1.6279.6001.693480911433291675609148051914,14375,0.3359,0.5811,0.2577,0.0215,3,3,2,2,3,6,1,1,5
1.3.6.1.4.1.14519.5.2.1.6279.6001.693480911433291675609148051914,0,0.249,0.3887,0.4154,0.0234,3,5,5,1,5,6,1,1,5
