uid,anno_index,coord_x,coord_y,coord_z,diameter,malscore,sphericiy,margin,spiculation,texture,calcification,internal_structure,lobulation,subtlety
1.3.6.1.4.1.14519.5.2.1.6279.6001.216252660192313507027754194207,34928,0.2422,0.3301,0.4104,0.0234,3,3,5,1,5,6,1,1,4
1.3.6.1.4.1.14519.5.2.1.6279.6001.216252660192313507027754194207,34925,0.2764,0.6074,0.5112,0.0273,1,3,2,1,5,3,1,2,4
1.3.6.1.4.1.14519.5.2.1.6279.6001.216252660192313507027754194207,Nodule 003,0.2451,0.333,0.4104,0.0254,4,4,5,1,5,6,1,1,4
1.3.6.1.4.1.14519.5.2.1.6279.6001.216252660192313507027754194207,Nodule 002,0.2744,0.6084,0.5093,0.0371,4,3,4,1,4,6,1,2,4
1.3.6.1.4.1.14519.5.2.1.6279.6001.216252660192313507027754194207,7518,0.2451,0.334,0.4086,0.0254,3,3,4,1,5,6,1,1,2
1.3.6.1.4.1.14519.5.2.1.6279.6001.216252660192313507027754194207,8167,0.2754,0.6074,0.5112,0.0352,3,4,3,1,3,5,1,1,4
1.3.6.1.4.1.14519.5.2.1.6279.6001.216252660192313507027754194207,0,0.2441,0.332,0.4104,0.0234,2,5,5,1,5,6,1,1,5
1.3.6.1.4.1.14519.5.2.1.6279.6001.216252660192313507027754194207,3,0.2754,0.6074,0.5112,0.0352,1,5,5,1,5,3,1,1,5
