uid,anno_index,coord_x,coord_y,coord_z,diameter,malscore,sphericiy,margin,spiculation,texture,calcification,internal_structure,lobulation,subtlety
1.3.6.1.4.1.14519.5.2.1.6279.6001.898642529028521482602829374444,56449,0.3447,0.2559,0.3275,0.0293,2,4,3,1,5,6,1,1,4
1.3.6.1.4.1.14519.5.2.1.6279.6001.898642529028521482602829374444,56453,0.7832,0.3281,0.4875,0.0273,2,4,3,1,5,6,1,1,3
1.3.6.1.4.1.14519.5.2.1.6279.6001.898642529028521482602829374444,Nodule 001,0.7812,0.3271,0.4875,0.0254,3,4,5,1,5,6,1,1,5
1.3.6.1.4.1.14519.5.2.1.6279.6001.898642529028521482602829374444,13546,0.3438,0.2549,0.3275,0.0234,3,4,3,1,4,6,1,2,4
1.3.6.1.4.1.14519.5.2.1.6279.6001.898642529028521482602829374444,13551,0.7822,0.3281,0.4875,0.0215,3,4,2,1,3,6,1,1,4
1.3.6.1.4.1.14519.5.2.1.6279.6001.898642529028521482602829374444,0,0.3457,0.2539,0.33,0.0234,2,5,5,2,5,6,1,1,5
1.3.6.1.4.1.14519.5.2.1.6279.6001.898642529028521482602829374444,1,0.7822,0.3281,0.4875,0.0234,3,5,5,1,3,6,1,2,5
