uid,anno_index,coord_x,coord_y,coord_z,diameter,malscore,sphericiy,margin,spiculation,texture,calcification,internal_structure,lobulation,subtlety
1.3.6.1.4.1.14519.5.2.1.6279.6001.230675342744370103160629638194,IL057_92964,0.2295,0.3174,0.5314,0.0215,3,2,3,3,3,6,1,3,2
1.3.6.1.4.1.14519.5.2.1.6279.6001.230675342744370103160629638194,Nodule 002,0.2295,0.3184,0.5314,0.0234,3,3,4,1,4,6,1,2,3
1.3.6.1.4.1.14519.5.2.1.6279.6001.230675342744370103160629638194,5720,0.2285,0.3174,0.5314,0.0176,3,2,2,3,3,6,1,1,2
