uid,anno_index,coord_x,coord_y,coord_z,diameter,malscore,sphericiy,margin,spiculation,texture,calcification,internal_structure,lobulation,subtlety
1.3.6.1.4.1.14519.5.2.1.6279.6001.138904664700896606480369521124,Nodule 004,0.8125,0.2373,0.5363,0.0195,2,4,4,1,5,6,1,1,4
1.3.6.1.4.1.14519.5.2.1.6279.6001.138904664700896606480369521124,Nodule 003,0.2188,0.4346,0.5447,0.0254,1,3,5,1,5,3,1,1,5
1.3.6.1.4.1.14519.5.2.1.6279.6001.138904664700896606480369521124,Nodule 001,0.2998,0.6309,0.6341,0.0605,1,2,5,1,5,3,1,1,5
1.3.6.1.4.1.14519.5.2.1.6279.6001.138904664700896606480369521124,IL057_85831,0.3008,0.6299,0.6313,0.0508,1,3,4,2,5,3,1,2,5
1.3.6.1.4.1.14519.5.2.1.6279.6001.138904664700896606480369521124,IL057_85835,0.2207,0.4355,0.5447,0.0234,1,3,4,1,5,3,1,1,4
1.3.6.1.4.1.14519.5.2.1.6279.6001.138904664700896606480369521124,IL057_85842,0.8125,0.2383,0.5335,0.0156,3,4,4,2,5,6,1,1,3
1.3.6.1.4.1.14519.5.2.1.6279.6001.138904664700896606480369521124,MI014_16898,0.2197,0.4326,0.5447,0.0254,1,3,5,1,5,3,1,2,5
1.3.6.1.4.1.14519.5.2.1.6279.6001.138904664700896606480369521124,MI014_16894,0.2969,0.6279,0.6341,0.0586,1,3,5,1,5,3,1,4,5
1.3.6.1.4.1.14519.5.2.1.6279.6001.138904664700896606480369521124,MI014_16905,0.8115,0.2383,0.5335,0.0176,3,4,3,1,3,6,1,2,5
