uid,anno_index,coord_x,coord_y,coord_z,diameter,malscore,sphericiy,margin,spiculation,texture,calcification,internal_structure,lobulation,subtlety
1.3.6.1.4.1.14519.5.2.1.6279.6001.252814707117018427472206147014,IL057_160776,0.1592,0.416,0.4875,0.0254,3,3,4,2,5,6,1,2,3
1.3.6.1.4.1.14519.5.2.1.6279.6001.252814707117018427472206147014,IL057_160777,0.6279,0.7021,0.3679,0.0215,3,3,4,1,4,6,1,2,3
1.3.6.1.4.1.14519.5.2.1.6279.6001.252814707117018427472206147014,61665,0.6279,0.7021,0.3696,0.0215,2,2,4,2,5,6,1,3,4
1.3.6.1.4.1.14519.5.2.1.6279.6001.252814707117018427472206147014,61662,0.1592,0.416,0.4857,0.0215,3,2,3,2,5,6,1,3,5
1.3.6.1.4.1.14519.5.2.1.6279.6001.252814707117018427472206147014,Nodule 003,0.6289,0.7021,0.3679,0.0234,2,2,4,1,5,6,1,2,4
1.3.6.1.4.1.14519.5.2.1.6279.6001.252814707117018427472206147014,Nodule 002,0.1582,0.416,0.4857,0.0195,4,3,4,2,5,6,1,2,4
1.3.6.1.4.1.14519.5.2.1.6279.6001.252814707117018427472206147014,3374,0.6279,0.7021,0.3679,0.0176,3,3,4,1,5,6,1,2,1
