uid,anno_index,coord_x,coord_y,coord_z,diameter,malscore,sphericiy,margin,spiculation,texture,calcification,internal_structure,lobulation,subtlety
1.3.6.1.4.1.14519.5.2.1.6279.6001.147325126373007278009743173696,Nodule 006,0.2783,0.4209,0.6109,0.0176,3,5,5,1,5,6,1,1,3
1.3.6.1.4.1.14519.5.2.1.6279.6001.147325126373007278009743173696,Nodule 010,0.4346,0.6777,0.8766,0.0195,3,5,5,1,5,6,1,1,3
1.3.6.1.4.1.14519.5.2.1.6279.6001.147325126373007278009743173696,6300,0.4365,0.6787,0.8745,0.0176,3,2,4,2,5,6,1,2,4
1.3.6.1.4.1.14519.5.2.1.6279.6001.147325126373007278009743173696,6295,0.2793,0.4209,0.6109,0.0195,3,3,4,1,5,6,1,3,4
1.3.6.1.4.1.14519.5.2.1.6279.6001.147325126373007278009743173696,IL057_69766,0.2832,0.4209,0.6088,0.0234,2,3,4,1,5,6,1,2,2
1.3.6.1.4.1.14519.5.2.1.6279.6001.147325126373007278009743173696,IL057_77440,0.4346,0.6777,0.8745,0.0156,2,4,5,1,5,6,1,1,3
