uid,anno_index,coord_x,coord_y,coord_z,diameter,malscore,sphericiy,margin,spiculation,texture,calcification,internal_structure,lobulation,subtlety
1.3.6.1.4.1.14519.5.2.1.6279.6001.162845309248822193437735868939,187973,0.5752,0.7695,0.6551,0.0371,1,4,5,1,5,3,1,2,5
1.3.6.1.4.1.14519.5.2.1.6279.6001.162845309248822193437735868939,196620,0.5742,0.7686,0.6551,0.0312,1,5,5,1,5,3,1,1,5
1.3.6.1.4.1.14519.5.2.1.6279.6001.162845309248822193437735868939,20663,0.5752,0.7695,0.6558,0.0332,1,5,5,1,5,3,1,1,5
1.3.6.1.4.1.14519.5.2.1.6279.6001.162845309248822193437735868939,0,0.5752,0.7695,0.6551,0.0312,1,5,5,1,5,3,1,1,5
