uid,anno_index,coord_x,coord_y,coord_z,diameter,malscore,sphericiy,margin,spiculation,texture,calcification,internal_structure,lobulation,subtlety
1.3.6.1.4.1.14519.5.2.1.6279.6001.303421828981831854739626597495,57117,0.791,0.625,0.255,0.0195,1,3,4,1,5,6,1,1,2
1.3.6.1.4.1.14519.5.2.1.6279.6001.303421828981831854739626597495,Nodule 001,0.79,0.627,0.255,0.0234,4,3,4,1,5,6,1,2,4
1.3.6.1.4.1.14519.5.2.1.6279.6001.303421828981831854739626597495,13512,0.7881,0.627,0.255,0.0215,3,4,2,1,4,6,1,1,4
1.3.6.1.4.1.14519.5.2.1.6279.6001.303421828981831854739626597495,4,0.79,0.626,0.2567,0.0215,2,3,5,1,5,6,1,2,3
