uid,anno_index,coord_x,coord_y,coord_z,diameter,malscore,sphericiy,margin,spiculation,texture,calcification,internal_structure,lobulation,subtlety
1.3.6.1.4.1.14519.5.2.1.6279.6001.219909753224298157409438012179,Nodule 001,0.7939,0.5615,0.5816,0.0566,4,3,4,2,5,6,1,2,5
1.3.6.1.4.1.14519.5.2.1.6279.6001.219909753224298157409438012179,Nodule 002,0.7363,0.708,0.7589,0.0293,4,2,4,2,5,6,1,1,4
1.3.6.1.4.1.14519.5.2.1.6279.6001.219909753224298157409438012179,IL057_127451,0.7363,0.707,0.7624,0.0234,3,3,4,3,5,6,1,2,3
1.3.6.1.4.1.14519.5.2.1.6279.6001.219909753224298157409438012179,IL057_127447,0.791,0.5635,0.578,0.0566,5,3,5,5,5,6,1,4,5
1.3.6.1.4.1.14519.5.2.1.6279.6001.219909753224298157409438012179,MI014_16473,0.7949,0.5645,0.578,0.0586,3,4,3,3,4,6,1,3,5
1.3.6.1.4.1.14519.5.2.1.6279.6001.219909753224298157409438012179,0,0.791,0.5625,0.5816,0.0664,4,5,4,5,4,6,1,1,5
1.3.6.1.4.1.14519.5.2.1.6279.6001.219909753224298157409438012179,1,0.7363,0.708,0.766,0.0371,4,5,4,5,4,6,1,1,5
