uid,anno_index,coord_x,coord_y,coord_z,diameter,malscore,sphericiy,margin,spiculation,texture,calcification,internal_structure,lobulation,subtlety
1.3.6.1.4.1.14519.5.2.1.6279.6001.183982839679953938397312236359,Nodule 001,0.3408,0.6367,0.6763,0.0879,5,3,3,5,5,6,1,3,5
1.3.6.1.4.1.14519.5.2.1.6279.6001.183982839679953938397312236359,IL057_127437,0.332,0.6348,0.6727,0.1133,5,4,4,5,5,6,1,5,5
1.3.6.1.4.1.14519.5.2.1.6279.6001.183982839679953938397312236359,MI014_16464,0.3379,0.6348,0.6727,0.0742,3,4,3,3,5,6,1,2,5
1.3.6.1.4.1.14519.5.2.1.6279.6001.183982839679953938397312236359,0,0.3398,0.6357,0.6763,0.0703,3,5,5,1,5,6,1,4,5
