uid,anno_index,coord_x,coord_y,coord_z,diameter,malscore,sphericiy,margin,spiculation,texture,calcification,internal_structure,lobulation,subtlety
1.3.6.1.4.1.14519.5.2.1.6279.6001.198016798894102791158686961192,52621,0.0684,0.4863,0.3544,0.0195,2,5,5,1,5,6,1,1,3
1.3.6.1.4.1.14519.5.2.1.6279.6001.198016798894102791158686961192,44181,0.0693,0.4863,0.3544,0.0234,3,4,5,1,5,6,1,1,4
1.3.6.1.4.1.14519.5.2.1.6279.6001.198016798894102791158686961192,13024,0.0684,0.4854,0.3544,0.0254,4,5,5,1,5,6,1,1,5
1.3.6.1.4.1.14519.5.2.1.6279.6001.198016798894102791158686961192,0,0.0684,0.4863,0.3544,0.0195,1,3,5,1,5,6,1,1,5
