uid,anno_index,coord_x,coord_y,coord_z,diameter,malscore,sphericiy,margin,spiculation,texture,calcification,internal_structure,lobulation,subtlety
1.3.6.1.4.1.14519.5.2.1.6279.6001.237215747217294006286437405216,55582,0.3477,0.3594,0.632,0.0156,3,3,4,1,5,6,1,2,3
1.3.6.1.4.1.14519.5.2.1.6279.6001.237215747217294006286437405216,0,0.3477,0.3594,0.634,0.0156,2,5,5,1,5,6,1,1,3
1.3.6.1.4.1.14519.5.2.1.6279.6001.237215747217294006286437405216,39470,0.3477,0.3594,0.632,0.0156,3,4,5,1,5,6,1,2,4
1.3.6.1.4.1.14519.5.2.1.6279.6001.237215747217294006286437405216,Nodule 001,0.3467,0.3594,0.632,0.0195,4,3,4,2,5,6,1,2,5
