uid,anno_index,coord_x,coord_y,coord_z,diameter,malscore,sphericiy,margin,spiculation,texture,calcification,internal_structure,lobulation,subtlety
1.3.6.1.4.1.14519.5.2.1.6279.6001.176638348958425792989125209419,2479,0.792,0.6396,0.8347,0.0176,3,3,2,2,2,6,1,2,2
1.3.6.1.4.1.14519.5.2.1.6279.6001.176638348958425792989125209419,2475,0.7012,0.4219,0.6306,0.0195,3,4,3,1,1,6,1,1,3
1.3.6.1.4.1.14519.5.2.1.6279.6001.176638348958425792989125209419,6931,0.7012,0.4219,0.6306,0.0156,3,5,2,1,1,6,1,1,1
1.3.6.1.4.1.14519.5.2.1.6279.6001.176638348958425792989125209419,IL057_91668,0.7012,0.4219,0.6306,0.0195,3,5,2,1,1,6,1,1,1
1.3.6.1.4.1.14519.5.2.1.6279.6001.176638348958425792989125209419,IL057_128845,0.791,0.6396,0.8347,0.0176,2,3,2,1,1,6,1,1,1
1.3.6.1.4.1.14519.5.2.1.6279.6001.176638348958425792989125209419,Nodule 002,0.6992,0.4229,0.6286,0.0156,3,3,4,1,1,6,1,1,3
1.3.6.1.4.1.14519.5.2.1.6279.6001.176638348958425792989125209419,Nodule 003,0.79,0.6387,0.8347,0.0195,3,3,5,1,1,6,1,1,2
