uid,anno_index,coord_x,coord_y,coord_z,diameter,malscore,sphericiy,margin,spiculation,texture,calcification,internal_structure,lobulation,subtlety
1.3.6.1.4.1.14519.5.2.1.6279.6001.339142594937666268384335506819,0,0.8008,0.4756,0.6298,0.0332,2,5,5,1,5,6,1,1,3
1.3.6.1.4.1.14519.5.2.1.6279.6001.339142594937666268384335506819,115555,0.8008,0.4766,0.6298,0.0273,3,4,4,2,5,6,1,2,5
1.3.6.1.4.1.14519.5.2.1.6279.6001.339142594937666268384335506819,128761,0.8018,0.4775,0.626,0.0293,4,5,5,1,5,6,1,1,5
1.3.6.1.4.1.14519.5.2.1.6279.6001.339142594937666268384335506819,Nodule 001,0.7998,0.4756,0.6298,0.0293,3,4,4,1,5,6,1,1,4
