uid,anno_index,coord_x,coord_y,coord_z,diameter,malscore,sphericiy,margin,spiculation,texture,calcification,internal_structure,lobulation,subtlety
1.3.6.1.4.1.14519.5.2.1.6279.6001.247060297988514823071467295949,71342,0.8633,0.7246,0.3487,0.0195,3,4,4,2,5,6,1,2,5
1.3.6.1.4.1.14519.5.2.1.6279.6001.247060297988514823071467295949,Nodule 001,0.8633,0.7256,0.3487,0.0176,2,4,5,1,5,6,1,1,4
1.3.6.1.4.1.14519.5.2.1.6279.6001.247060297988514823071467295949,4097,0.8643,0.7266,0.3487,0.0195,3,3,5,1,5,6,1,1,4
1.3.6.1.4.1.14519.5.2.1.6279.6001.247060297988514823071467295949,IL057_166237,0.8633,0.7266,0.3487,0.0234,4,5,4,1,5,6,1,1,4
