uid,anno_index,coord_x,coord_y,coord_z,diameter,malscore,sphericiy,margin,spiculation,texture,calcification,internal_structure,lobulation,subtlety
1.3.6.1.4.1.14519.5.2.1.6279.6001.297433269262659217151107535012,141635,0.2764,0.2803,0.4728,0.0332,3,3,3,3,5,6,1,2,5
1.3.6.1.4.1.14519.5.2.1.6279.6001.297433269262659217151107535012,141628,0.5918,0.3066,0.6871,0.043,1,2,3,2,5,3,1,3,5
1.3.6.1.4.1.14519.5.2.1.6279.6001.297433269262659217151107535012,0,0.2744,0.2812,0.4658,0.0547,2,5,2,1,1,6,1,1,1
1.3.6.1.4.1.14519.5.2.1.6279.6001.297433269262659217151107535012,6,0.5947,0.3057,0.6861,0.041,1,5,5,1,5,3,1,1,5
1.3.6.1.4.1.14519.5.2.1.6279.6001.297433269262659217151107535012,167240,0.2773,0.2793,0.4748,0.0312,3,3,3,1,5,6,1,2,4
1.3.6.1.4.1.14519.5.2.1.6279.6001.297433269262659217151107535012,167235,0.5928,0.3047,0.6861,0.043,1,5,5,1,5,3,1,1,5
1.3.6.1.4.1.14519.5.2.1.6279.6001.297433269262659217151107535012,Nodule 004,0.2773,0.2822,0.4738,0.0312,4,4,4,2,5,6,1,2,4
1.3.6.1.4.1.14519.5.2.1.6279.6001.297433269262659217151107535012,Nodule 003,0.5918,0.3076,0.6871,0.0449,1,4,5,1,5,3,1,1,5
