uid,anno_index,coord_x,coord_y,coord_z,diameter,malscore,sphericiy,margin,spiculation,texture,calcification,internal_structure,lobulation,subtlety
1.3.6.1.4.1.14519.5.2.1.6279.6001.217955041973656886482758642958,0,0.416,0.6289,0.812,0.0859,3,3,3,2,3,6,1,2,5
1.3.6.1.4.1.14519.5.2.1.6279.6001.217955041973656886482758642958,163417,0.4141,0.6201,0.8008,0.0938,5,2,1,5,5,6,1,4,5
1.3.6.1.4.1.14519.5.2.1.6279.6001.217955041973656886482758642958,167857,0.417,0.623,0.812,0.084,5,4,3,4,4,6,1,2,5
1.3.6.1.4.1.14519.5.2.1.6279.6001.217955041973656886482758642958,Nodule 001,0.4189,0.625,0.812,0.0918,5,3,3,5,5,6,1,3,5
