uid,anno_index,coord_x,coord_y,coord_z,diameter,malscore,sphericiy,margin,spiculation,texture,calcification,internal_structure,lobulation,subtlety
1.3.6.1.4.1.14519.5.2.1.6279.6001.237428977311365557972720635401,Nodule 002,0.3418,0.3066,0.4832,0.0234,2,4,5,1,5,6,1,1,4
1.3.6.1.4.1.14519.5.2.1.6279.6001.237428977311365557972720635401,172679,0.3438,0.3076,0.4832,0.0215,2,4,5,1,5,6,1,2,3
1.3.6.1.4.1.14519.5.2.1.6279.6001.237428977311365557972720635401,174508,0.3438,0.3076,0.4853,0.0215,2,3,5,1,5,6,1,3,4
