uid,anno_index,coord_x,coord_y,coord_z,diameter,malscore,sphericiy,margin,spiculation,texture,calcification,internal_structure,lobulation,subtlety
1.3.6.1.4.1.14519.5.2.1.6279.6001.346115813056769250958550383763,Nodule 004,0.2227,0.46,0.7662,0.0254,4,3,4,1,4,6,1,1,4
1.3.6.1.4.1.14519.5.2.1.6279.6001.346115813056769250958550383763,IL057_160005,0.2227,0.46,0.7679,0.0293,4,4,2,2,3,6,1,3,3
1.3.6.1.4.1.14519.5.2.1.6279.6001.346115813056769250958550383763,7,0.2217,0.46,0.7646,0.0293,2,5,5,1,5,6,1,1,3
