uid,anno_index,coord_x,coord_y,coord_z,diameter,malscore,sphericiy,margin,spiculation,texture,calcification,internal_structure,lobulation,subtlety
1.3.6.1.4.1.14519.5.2.1.6279.6001.271220641987745483198036913951,57469,0.208,0.6562,0.5984,0.0625,2,2,2,1,5,6,1,3,5
1.3.6.1.4.1.14519.5.2.1.6279.6001.271220641987745483198036913951,40010,0.2061,0.6533,0.6074,0.0527,2,2,4,1,5,6,1,3,4
1.3.6.1.4.1.14519.5.2.1.6279.6001.271220641987745483198036913951,13685,0.2031,0.6621,0.6093,0.043,3,3,1,3,4,6,1,5,4
1.3.6.1.4.1.14519.5.2.1.6279.6001.271220641987745483198036913951,5,0.207,0.6602,0.6044,0.0664,4,2,2,3,5,6,1,3,5
