uid,anno_index,coord_x,coord_y,coord_z,diameter,malscore,sphericiy,margin,spiculation,texture,calcification,internal_structure,lobulation,subtlety
1.3.6.1.4.1.14519.5.2.1.6279.6001.674809958213117379592437424616,15425,0.7061,0.4092,0.7878,0.0176,3,4,2,1,1,6,1,2,2
1.3.6.1.4.1.14519.5.2.1.6279.6001.674809958213117379592437424616,10565,0.7061,0.4092,0.7878,0.0176,1,3,2,1,1,6,1,1,2
1.3.6.1.4.1.14519.5.2.1.6279.6001.674809958213117379592437424616,2453,0.7051,0.4082,0.7878,0.0156,3,4,3,1,2,6,1,1,4
