uid,anno_index,coord_x,coord_y,coord_z,diameter,malscore,sphericiy,margin,spiculation,texture,calcification,internal_structure,lobulation,subtlety
1.3.6.1.4.1.14519.5.2.1.6279.6001.160586340600816116143631200450,1561,0.2871,0.5908,0.7444,0.0391,5,2,1,3,5,6,1,3,4
1.3.6.1.4.1.14519.5.2.1.6279.6001.160586340600816116143631200450,Nodule 001,0.2842,0.5928,0.7519,0.0371,5,2,4,3,5,6,1,2,5
1.3.6.1.4.1.14519.5.2.1.6279.6001.160586340600816116143631200450,09961,0.2861,0.5908,0.7481,0.041,3,2,3,2,5,6,1,2,5
1.3.6.1.4.1.14519.5.2.1.6279.6001.160586340600816116143631200450,IL057_123344,0.2891,0.5898,0.7444,0.0352,4,3,4,2,5,6,1,2,3
