uid,anno_index,coord_x,coord_y,coord_z,diameter,malscore,sphericiy,margin,spiculation,texture,calcification,internal_structure,lobulation,subtlety
1.3.6.1.4.1.14519.5.2.1.6279.6001.244447966386688625240438849169,54727,0.2354,0.6758,0.7684,0.0254,3,4,3,2,4,6,1,1,2
1.3.6.1.4.1.14519.5.2.1.6279.6001.244447966386688625240438849169,Nodule 004,0.2363,0.6777,0.7684,0.0273,5,3,4,2,5,6,1,2,5
1.3.6.1.4.1.14519.5.2.1.6279.6001.244447966386688625240438849169,13328,0.2373,0.6729,0.7684,0.0176,4,4,4,1,5,6,1,1,5
1.3.6.1.4.1.14519.5.2.1.6279.6001.244447966386688625240438849169,0,0.2363,0.6738,0.7684,0.0195,2,4,4,2,5,6,1,1,5
