uid,anno_index,coord_x,coord_y,coord_z,diameter,malscore,sphericiy,margin,spiculation,texture,calcification,internal_structure,lobulation,subtlety
1.3.6.1.4.1.14519.5.2.1.6279.6001.513023675145166449943177283490,Nodule 001,0.7461,0.6279,0.7737,0.0273,4,4,4,1,5,6,1,2,4
1.3.6.1.4.1.14519.5.2.1.6279.6001.513023675145166449943177283490,IL057_122987,0.748,0.6289,0.7737,0.0234,4,3,3,2,4,6,1,2,4
1.3.6.1.4.1.14519.5.2.1.6279.6001.513023675145166449943177283490,MI014_17519,0.749,0.627,0.7737,0.0215,2,3,1,1,2,6,1,1,4
1.3.6.1.4.1.14519.5.2.1.6279.6001.513023675145166449943177283490,0,0.748,0.6279,0.7737,0.0234,2,5,5,1,5,6,1,1,3
