uid,anno_index,coord_x,coord_y,coord_z,diameter,malscore,sphericiy,margin,spiculation,texture,calcification,internal_structure,lobulation,subtlety
1.3.6.1.4.1.14519.5.2.1.6279.6001.952265563663939823135367733681,80872,0.2939,0.8369,0.4502,0.0293,1,4,5,1,5,3,1,2,5
1.3.6.1.4.1.14519.5.2.1.6279.6001.952265563663939823135367733681,85422,0.2939,0.8369,0.4502,0.0293,1,5,5,1,5,3,1,1,5
1.3.6.1.4.1.14519.5.2.1.6279.6001.952265563663939823135367733681,15596,0.2939,0.8369,0.4486,0.0254,1,5,5,1,5,3,1,1,4
1.3.6.1.4.1.14519.5.2.1.6279.6001.952265563663939823135367733681,0,0.2939,0.8379,0.4502,0.0352,1,5,5,1,5,5,1,1,5
