uid,anno_index,coord_x,coord_y,coord_z,diameter,malscore,sphericiy,margin,spiculation,texture,calcification,internal_structure,lobulation,subtlety
1.3.6.1.4.1.14519.5.2.1.6279.6001.305887072264491016857673607285,Nodule 001,0.123,0.5049,0.4363,0.0254,4,2,4,5,5,6,1,4,5
1.3.6.1.4.1.14519.5.2.1.6279.6001.305887072264491016857673607285,4064,0.1221,0.5059,0.4345,0.0234,2,2,4,5,5,6,1,5,4
1.3.6.1.4.1.14519.5.2.1.6279.6001.305887072264491016857673607285,3096,0.1221,0.5029,0.4345,0.0254,3,3,5,5,5,6,1,5,2
1.3.6.1.4.1.14519.5.2.1.6279.6001.305887072264491016857673607285,1386,0.123,0.5049,0.4345,0.0254,3,3,3,5,4,6,1,5,3
