uid,anno_index,coord_x,coord_y,coord_z,diameter,malscore,sphericiy,margin,spiculation,texture,calcification,internal_structure,lobulation,subtlety
1.3.6.1.4.1.14519.5.2.1.6279.6001.308655308958459380153492314021,Nodule 001,0.3545,0.749,0.4853,0.0293,4,3,4,2,5,6,1,2,4
1.3.6.1.4.1.14519.5.2.1.6279.6001.308655308958459380153492314021,Nodule 011,0.2246,0.3887,0.74,0.0195,1,4,5,1,5,3,1,1,5
1.3.6.1.4.1.14519.5.2.1.6279.6001.308655308958459380153492314021,IL057_159875,0.3564,0.749,0.484,0.0332,3,3,4,2,5,6,1,2,3
1.3.6.1.4.1.14519.5.2.1.6279.6001.308655308958459380153492314021,IL057_160802,0.2266,0.3896,0.74,0.0254,1,4,5,1,5,3,1,1,3
1.3.6.1.4.1.14519.5.2.1.6279.6001.308655308958459380153492314021,MI014_19875,0.2266,0.3887,0.7413,0.0195,1,3,5,1,5,3,1,1,5
1.3.6.1.4.1.14519.5.2.1.6279.6001.308655308958459380153492314021,MI014_19872,0.3564,0.749,0.4867,0.0254,3,3,5,1,5,6,1,1,5
1.3.6.1.4.1.14519.5.2.1.6279.6001.308655308958459380153492314021,10,0.3564,0.752,0.4867,0.0254,3,5,5,1,5,6,1,4,5
