uid,anno_index,coord_x,coord_y,coord_z,diameter,malscore,sphericiy,margin,spiculation,texture,calcification,internal_structure,lobulation,subtlety
1.3.6.1.4.1.14519.5.2.1.6279.6001.106379658920626694402549886949,1,0.3232,0.666,0.4182,0.0234,2,5,5,1,5,6,1,1,3
1.3.6.1.4.1.14519.5.2.1.6279.6001.106379658920626694402549886949,171380,0.3242,0.666,0.4182,0.0234,3,3,4,1,5,6,1,2,5
1.3.6.1.4.1.14519.5.2.1.6279.6001.106379658920626694402549886949,171383,0.3242,0.4258,0.6215,0.0156,3,4,5,1,5,6,1,1,5
1.3.6.1.4.1.14519.5.2.1.6279.6001.106379658920626694402549886949,168098,0.3232,0.4258,0.6215,0.0176,3,5,5,1,5,6,1,1,3
1.3.6.1.4.1.14519.5.2.1.6279.6001.106379658920626694402549886949,168097,0.3242,0.667,0.4182,0.0254,4,4,5,1,5,6,1,1,4
1.3.6.1.4.1.14519.5.2.1.6279.6001.106379658920626694402549886949,Nodule 002,0.3242,0.666,0.4182,0.0273,3,3,5,1,5,6,1,2,4
1.3.6.1.4.1.14519.5.2.1.6279.6001.106379658920626694402549886949,Nodule 004,0.3232,0.4258,0.6192,0.0156,2,4,5,1,5,6,1,1,3
