uid,anno_index,coord_x,coord_y,coord_z,diameter,malscore,sphericiy,margin,spiculation,texture,calcification,internal_structure,lobulation,subtlety
1.3.6.1.4.1.14519.5.2.1.6279.6001.144883090372691745980459537053,5384,0.1768,0.3428,0.2042,0.0684,5,3,1,2,3,6,1,1,5
1.3.6.1.4.1.14519.5.2.1.6279.6001.144883090372691745980459537053,5418,0.2451,0.5635,0.5854,0.0254,2,3,1,1,1,6,1,1,1
1.3.6.1.4.1.14519.5.2.1.6279.6001.144883090372691745980459537053,03632,0.1758,0.3428,0.2021,0.0703,3,3,2,4,3,6,1,2,5
1.3.6.1.4.1.14519.5.2.1.6279.6001.144883090372691745980459537053,20120,0.249,0.5625,0.5812,0.0215,3,3,3,1,5,6,1,2,3
1.3.6.1.4.1.14519.5.2.1.6279.6001.144883090372691745980459537053,IL057_196144,0.1787,0.3418,0.2021,0.0762,5,4,2,2,1,6,1,2,5
1.3.6.1.4.1.14519.5.2.1.6279.6001.144883090372691745980459537053,IL057_201243,0.251,0.5615,0.5812,0.0293,3,4,3,1,5,6,1,1,1
1.3.6.1.4.1.14519.5.2.1.6279.6001.144883090372691745980459537053,Nodule 001,0.1807,0.3438,0.2062,0.0645,5,3,3,3,4,6,1,3,5
1.3.6.1.4.1.14519.5.2.1.6279.6001.144883090372691745980459537053,Nodule 007,0.2471,0.5596,0.5812,0.0293,2,4,5,1,5,6,1,1,3
