uid,anno_index,coord_x,coord_y,coord_z,diameter,malscore,sphericiy,margin,spiculation,texture,calcification,internal_structure,lobulation,subtlety
1.3.6.1.4.1.14519.5.2.1.6279.6001.143412474064515942785157561636,Nodule 002,0.835,0.6182,0.3786,0.0254,3,5,5,1,5,6,1,1,4
1.3.6.1.4.1.14519.5.2.1.6279.6001.143412474064515942785157561636,20828,0.8359,0.6191,0.3797,0.0234,3,5,4,2,5,6,1,1,4
1.3.6.1.4.1.14519.5.2.1.6279.6001.143412474064515942785157561636,0,0.834,0.6191,0.3775,0.0195,3,4,3,1,1,6,1,1,3
1.3.6.1.4.1.14519.5.2.1.6279.6001.143412474064515942785157561636,9907,0.835,0.6201,0.382,0.0254,3,3,4,1,4,6,1,1,3
