uid,anno_index,coord_x,coord_y,coord_z,diameter,malscore,sphericiy,margin,spiculation,texture,calcification,internal_structure,lobulation,subtlety
1.3.6.1.4.1.14519.5.2.1.6279.6001.173556680294801532247454313511,5689,0.6533,0.6963,0.7978,0.0254,3,4,2,1,3,6,1,1,5
1.3.6.1.4.1.14519.5.2.1.6279.6001.173556680294801532247454313511,Nodule 001,0.6523,0.6982,0.8,0.0195,4,4,4,1,5,6,1,2,4
1.3.6.1.4.1.14519.5.2.1.6279.6001.173556680294801532247454313511,7084,0.6533,0.6982,0.8,0.0176,2,2,3,2,5,6,1,2,4
