uid,anno_index,coord_x,coord_y,coord_z,diameter,malscore,sphericiy,margin,spiculation,texture,calcification,internal_structure,lobulation,subtlety
1.3.6.1.4.1.14519.5.2.1.6279.6001.270951128717816232360812849541,2449,0.7607,0.5957,0.5973,0.043,4,2,1,3,1,6,1,1,4
1.3.6.1.4.1.14519.5.2.1.6279.6001.270951128717816232360812849541,2459,0.751,0.6191,0.5721,0.0273,3,3,1,3,1,6,1,1,3
1.3.6.1.4.1.14519.5.2.1.6279.6001.270951128717816232360812849541,2453,0.7012,0.7139,0.5419,0.0273,4,2,2,2,3,6,1,3,4
1.3.6.1.4.1.14519.5.2.1.6279.6001.270951128717816232360812849541,IL057_91804,0.6973,0.7129,0.5436,0.0234,4,3,3,3,4,6,1,2,3
1.3.6.1.4.1.14519.5.2.1.6279.6001.270951128717816232360812849541,Nodule 004,0.6963,0.7148,0.5419,0.0312,2,3,4,1,5,6,1,2,4
1.3.6.1.4.1.14519.5.2.1.6279.6001.270951128717816232360812849541,Nodule 006,0.75,0.6182,0.5688,0.0293,3,3,4,1,1,6,1,1,3
1.3.6.1.4.1.14519.5.2.1.6279.6001.270951128717816232360812849541,Nodule 003,0.7598,0.5957,0.5956,0.043,3,3,5,1,1,6,1,1,3
