uid,anno_index,coord_x,coord_y,coord_z,diameter,malscore,sphericiy,margin,spiculation,texture,calcification,internal_structure,lobulation,subtlety
1.3.6.1.4.1.14519.5.2.1.6279.6001.307835307280028057486413359377,174438,0.3311,0.6025,0.5865,0.041,3,4,3,3,5,6,1,2,4
1.3.6.1.4.1.14519.5.2.1.6279.6001.307835307280028057486413359377,0,0.3213,0.6016,0.594,0.0254,2,4,3,1,4,6,1,1,3
1.3.6.1.4.1.14519.5.2.1.6279.6001.307835307280028057486413359377,Nodule 001,0.3193,0.6025,0.5977,0.0176,4,3,4,1,3,6,1,1,4
1.3.6.1.4.1.14519.5.2.1.6279.6001.307835307280028057486413359377,172618,0.3232,0.6006,0.594,0.0254,3,5,3,1,5,6,1,1,4
