uid,anno_index,coord_x,coord_y,coord_z,diameter,malscore,sphericiy,margin,spiculation,texture,calcification,internal_structure,lobulation,subtlety
1.3.6.1.4.1.14519.5.2.1.6279.6001.801945620899034889998809817499,IL057_172180,0.6924,0.4014,0.6851,0.084,5,3,4,2,5,6,1,2,5
1.3.6.1.4.1.14519.5.2.1.6279.6001.801945620899034889998809817499,Nodule 001,0.6934,0.3926,0.6851,0.082,5,3,3,3,4,6,1,2,5
1.3.6.1.4.1.14519.5.2.1.6279.6001.801945620899034889998809817499,73955,0.6914,0.4062,0.6851,0.0859,5,3,3,4,4,6,1,4,5
1.3.6.1.4.1.14519.5.2.1.6279.6001.801945620899034889998809817499,0192,0.6914,0.3984,0.6832,0.082,5,3,2,2,4,6,1,2,5
