uid,anno_index,coord_x,coord_y,coord_z,diameter,malscore,sphericiy,margin,spiculation,texture,calcification,internal_structure,lobulation,subtlety
1.3.6.1.4.1.14519.5.2.1.6279.6001.121108220866971173712229588402,Nodule 002,0.1826,0.3428,0.6889,0.0215,4,4,5,1,5,6,1,2,4
1.3.6.1.4.1.14519.5.2.1.6279.6001.121108220866971173712229588402,4989,0.1826,0.3428,0.6907,0.0215,3,4,4,1,4,6,1,1,3
1.3.6.1.4.1.14519.5.2.1.6279.6001.121108220866971173712229588402,IL057_69833,0.1836,0.3418,0.6889,0.0195,3,5,5,1,5,6,1,1,4
1.3.6.1.4.1.14519.5.2.1.6279.6001.121108220866971173712229588402,6363,0.1836,0.3428,0.6907,0.0176,3,3,4,1,5,6,1,1,4
