uid,anno_index,coord_x,coord_y,coord_z,diameter,malscore,sphericiy,margin,spiculation,texture,calcification,internal_structure,lobulation,subtlety
1.3.6.1.4.1.14519.5.2.1.6279.6001.569096986145782511000054443951,Nodule 001,0.748,0.7725,0.5729,0.0234,3,5,5,1,5,6,1,1,4
1.3.6.1.4.1.14519.5.2.1.6279.6001.569096986145782511000054443951,Nodule 002,0.3438,0.7871,0.8021,0.0234,3,4,4,1,5,6,1,2,4
1.3.6.1.4.1.14519.5.2.1.6279.6001.569096986145782511000054443951,14969,0.3447,0.7871,0.8021,0.0254,4,3,5,3,5,6,1,1,4
1.3.6.1.4.1.14519.5.2.1.6279.6001.569096986145782511000054443951,14995,0.75,0.7734,0.5729,0.0234,3,5,5,1,5,6,1,1,4
1.3.6.1.4.1.14519.5.2.1.6279.6001.569096986145782511000054443951,1704,0.3457,0.7871,0.8021,0.0273,3,4,4,2,4,6,1,2,4
1.3.6.1.4.1.14519.5.2.1.6279.6001.569096986145782511000054443951,1730,0.75,0.7734,0.5755,0.0234,3,3,4,1,5,6,1,2,2
