uid,anno_index,coord_x,coord_y,coord_z,diameter,malscore,sphericiy,margin,spiculation,texture,calcification,internal_structure,lobulation,subtlety
1.3.6.1.4.1.14519.5.2.1.6279.6001.241570579760883349458693655367,74033,0.1162,0.5752,0.2877,0.0215,2,4,4,2,5,6,1,2,5
1.3.6.1.4.1.14519.5.2.1.6279.6001.241570579760883349458693655367,Nodule 002,0.1143,0.5752,0.2877,0.0215,4,4,4,1,5,6,1,2,4
1.3.6.1.4.1.14519.5.2.1.6279.6001.241570579760883349458693655367,15303,0.1152,0.5742,0.2892,0.0195,3,4,3,1,4,6,1,1,5
1.3.6.1.4.1.14519.5.2.1.6279.6001.241570579760883349458693655367,0,0.1162,0.5742,0.2862,0.0234,2,3,5,1,5,6,1,1,5
