uid,anno_index,coord_x,coord_y,coord_z,diameter,malscore,sphericiy,margin,spiculation,texture,calcification,internal_structure,lobulation,subtlety
1.3.6.1.4.1.14519.5.2.1.6279.6001.943403138251347598519939390311,IL057_195853,0.6455,0.375,0.8238,0.0879,5,4,3,2,5,6,1,5,5
1.3.6.1.4.1.14519.5.2.1.6279.6001.943403138251347598519939390311,4378,0.6562,0.377,0.8095,0.1016,5,3,2,4,5,6,1,3,5
1.3.6.1.4.1.14519.5.2.1.6279.6001.943403138251347598519939390311,81239,0.6465,0.3789,0.8214,0.0859,5,4,4,2,5,6,1,5,5
1.3.6.1.4.1.14519.5.2.1.6279.6001.943403138251347598519939390311,Nodule 001,0.6465,0.373,0.8238,0.082,5,3,4,2,5,6,1,3,5
