uid,anno_index,coord_x,coord_y,coord_z,diameter,malscore,sphericiy,margin,spiculation,texture,calcification,internal_structure,lobulation,subtlety
1.3.6.1.4.1.14519.5.2.1.6279.6001.561458563853929400124470098603,39809,0.1758,0.3789,0.4049,0.0234,3,3,2,2,2,6,1,4,2
1.3.6.1.4.1.14519.5.2.1.6279.6001.561458563853929400124470098603,39813,0.7549,0.418,0.3681,0.0352,1,3,5,1,5,3,1,3,4
1.3.6.1.4.1.14519.5.2.1.6279.6001.561458563853929400124470098603,0,0.1758,0.3799,0.4049,0.0254,2,3,5,1,3,6,1,2,3
1.3.6.1.4.1.14519.5.2.1.6279.6001.561458563853929400124470098603,6,0.751,0.4189,0.3681,0.0371,1,4,5,1,5,3,1,3,5
1.3.6.1.4.1.14519.5.2.1.6279.6001.561458563853929400124470098603,Nodule 005,0.7529,0.4199,0.365,0.0352,4,3,4,1,5,6,1,2,5
1.3.6.1.4.1.14519.5.2.1.6279.6001.561458563853929400124470098603,Nodule 003,0.1758,0.3789,0.4018,0.0273,4,3,5,1,5,6,1,2,5
1.3.6.1.4.1.14519.5.2.1.6279.6001.561458563853929400124470098603,79635,0.751,0.418,0.3681,0.0371,1,4,5,1,5,3,1,1,5
