uid,anno_index,coord_x,coord_y,coord_z,diameter,malscore,sphericiy,margin,spiculation,texture,calcification,internal_structure,lobulation,subtlety
1.3.6.1.4.1.14519.5.2.1.6279.6001.129567032250534530765928856531,2,0.7246,0.4072,0.7182,0.0176,2,4,4,1,5,6,1,1,3
1.3.6.1.4.1.14519.5.2.1.6279.6001.129567032250534530765928856531,Nodule 003,0.7236,0.4092,0.7182,0.0176,3,3,5,1,5,6,1,1,4
1.3.6.1.4.1.14519.5.2.1.6279.6001.129567032250534530765928856531,52808,0.7256,0.4082,0.717,0.0156,2,2,3,1,5,6,1,1,2
1.3.6.1.4.1.14519.5.2.1.6279.6001.129567032250534530765928856531,37899,0.7246,0.4082,0.7182,0.0156,3,3,5,1,5,6,1,1,3
