uid,anno_index,coord_x,coord_y,coord_z,diameter,malscore,sphericiy,margin,spiculation,texture,calcification,internal_structure,lobulation,subtlety
1.3.6.1.4.1.14519.5.2.1.6279.6001.216882370221919561230873289517,4764,0.2119,0.4307,0.8,0.0176,1,3,5,1,5,3,1,2,2
1.3.6.1.4.1.14519.5.2.1.6279.6001.216882370221919561230873289517,4804,0.2031,0.4688,0.706,0.0156,3,3,2,2,3,6,1,3,1
1.3.6.1.4.1.14519.5.2.1.6279.6001.216882370221919561230873289517,Nodule 005,0.2031,0.4678,0.706,0.0195,3,3,5,1,5,6,1,2,4
1.3.6.1.4.1.14519.5.2.1.6279.6001.216882370221919561230873289517,Nodule 015,0.2119,0.4326,0.8,0.0137,1,4,5,1,5,3,1,1,5
1.3.6.1.4.1.14519.5.2.1.6279.6001.216882370221919561230873289517,IL057_106041,0.2119,0.4307,0.798,0.0176,1,3,5,1,5,3,1,1,3
1.3.6.1.4.1.14519.5.2.1.6279.6001.216882370221919561230873289517,IL057_106042,0.2031,0.4688,0.708,0.0156,3,3,3,1,4,6,1,1,2
1.3.6.1.4.1.14519.5.2.1.6279.6001.216882370221919561230873289517,4711,0.2031,0.4678,0.706,0.0195,3,3,4,1,5,6,1,1,3
1.3.6.1.4.1.14519.5.2.1.6279.6001.216882370221919561230873289517,5084,0.2119,0.4307,0.798,0.0137,1,3,5,1,5,3,1,1,4
