uid,anno_index,coord_x,coord_y,coord_z,diameter,malscore,sphericiy,margin,spiculation,texture,calcification,internal_structure,lobulation,subtlety
1.3.6.1.4.1.14519.5.2.1.6279.6001.227885601428639043345478571594,Nodule 001,0.2939,0.7529,0.5886,0.0254,4,4,5,1,5,6,1,1,5
1.3.6.1.4.1.14519.5.2.1.6279.6001.227885601428639043345478571594,0,0.2939,0.752,0.5877,0.0254,2,5,5,1,5,6,1,3,5
1.3.6.1.4.1.14519.5.2.1.6279.6001.227885601428639043345478571594,11548,0.292,0.7529,0.5886,0.0215,1,4,4,1,5,6,1,1,4
