uid,anno_index,coord_x,coord_y,coord_z,diameter,malscore,sphericiy,margin,spiculation,texture,calcification,internal_structure,lobulation,subtlety
1.3.6.1.4.1.14519.5.2.1.6279.6001.478062284228419671253422844986,68509,0.3037,0.7754,0.4627,0.0215,1,3,5,2,5,3,1,1,5
1.3.6.1.4.1.14519.5.2.1.6279.6001.478062284228419671253422844986,Nodule 003,0.3037,0.7734,0.4647,0.0215,3,3,4,1,5,6,1,2,3
1.3.6.1.4.1.14519.5.2.1.6279.6001.478062284228419671253422844986,IL057_166401,0.3037,0.7744,0.4668,0.0254,1,3,5,1,5,3,1,1,4
