uid,anno_index,coord_x,coord_y,coord_z,diameter,malscore,sphericiy,margin,spiculation,texture,calcification,internal_structure,lobulation,subtlety
1.3.6.1.4.1.14519.5.2.1.6279.6001.254254303842550572473665729969,10,0.4111,0.3994,0.541,0.0645,3,3,3,1,1,6,1,1,2
1.3.6.1.4.1.14519.5.2.1.6279.6001.254254303842550572473665729969,12523,0.458,0.5703,0.8169,0.0352,4,4,3,1,5,6,1,3,5
1.3.6.1.4.1.14519.5.2.1.6279.6001.254254303842550572473665729969,12530,0.4111,0.3994,0.541,0.0645,4,4,2,1,1,6,1,2,2
1.3.6.1.4.1.14519.5.2.1.6279.6001.254254303842550572473665729969,12527,0.3564,0.3936,0.5383,0.0293,3,4,1,1,1,6,1,3,2
1.3.6.1.4.1.14519.5.2.1.6279.6001.254254303842550572473665729969,16515,0.4609,0.5684,0.8169,0.0352,4,4,3,3,5,6,1,2,4
1.3.6.1.4.1.14519.5.2.1.6279.6001.254254303842550572473665729969,2935,0.459,0.5684,0.8197,0.0391,4,4,4,1,5,6,1,1,5
1.3.6.1.4.1.14519.5.2.1.6279.6001.254254303842550572473665729969,2939,0.3545,0.3916,0.541,0.0254,3,4,1,1,1,6,2,1,4
1.3.6.1.4.1.14519.5.2.1.6279.6001.254254303842550572473665729969,2942,0.4111,0.3994,0.541,0.0645,3,3,2,2,1,6,2,1,5
