uid,anno_index,coord_x,coord_y,coord_z,diameter,malscore,sphericiy,margin,spiculation,texture,calcification,internal_structure,lobulation,subtlety
1.3.6.1.4.1.14519.5.2.1.6279.6001.233001470265230594739708503198,Nodule 009,0.248,0.6973,0.5427,0.0391,5,2,4,2,4,6,1,2,5
1.3.6.1.4.1.14519.5.2.1.6279.6001.233001470265230594739708503198,59899,0.2529,0.7012,0.5427,0.0273,5,4,3,4,5,6,1,3,4
1.3.6.1.4.1.14519.5.2.1.6279.6001.233001470265230594739708503198,MI014_14459,0.252,0.7021,0.5402,0.0332,3,3,2,3,4,6,1,4,3
1.3.6.1.4.1.14519.5.2.1.6279.6001.233001470265230594739708503198,0,0.2529,0.6982,0.5427,0.0332,4,5,4,5,4,6,1,1,5
