uid,anno_index,coord_x,coord_y,coord_z,diameter,malscore,sphericiy,margin,spiculation,texture,calcification,internal_structure,lobulation,subtlety
1.3.6.1.4.1.14519.5.2.1.6279.6001.323302986710576400812869264321,Nodule 001,0.2656,0.5703,0.5382,0.0234,3,4,5,5,5,6,1,5,5
1.3.6.1.4.1.14519.5.2.1.6279.6001.323302986710576400812869264321,4280,0.2666,0.5693,0.5382,0.0254,2,3,4,5,5,6,1,5,5
1.3.6.1.4.1.14519.5.2.1.6279.6001.323302986710576400812869264321,2979,0.2656,0.5684,0.535,0.0273,3,4,5,5,5,6,1,5,4
1.3.6.1.4.1.14519.5.2.1.6279.6001.323302986710576400812869264321,0,0.2666,0.5684,0.5382,0.0215,1,4,4,1,5,6,1,1,2
