uid,anno_index,coord_x,coord_y,coord_z,diameter,malscore,sphericiy,margin,spiculation,texture,calcification,internal_structure,lobulation,subtlety
1.3.6.1.4.1.14519.5.2.1.6279.6001.625270601160880745954773142570,174079,0.2285,0.623,0.6875,0.0977,5,3,2,4,5,6,1,5,5
1.3.6.1.4.1.14519.5.2.1.6279.6001.625270601160880745954773142570,0,0.2275,0.626,0.6875,0.0918,3,3,5,2,5,6,1,2,5
1.3.6.1.4.1.14519.5.2.1.6279.6001.625270601160880745954773142570,172331,0.2266,0.6221,0.6875,0.0898,5,4,5,2,5,6,1,1,5
1.3.6.1.4.1.14519.5.2.1.6279.6001.625270601160880745954773142570,Nodule 001,0.2266,0.627,0.6875,0.0898,5,3,4,4,5,6,1,2,5
