uid,anno_index,coord_x,coord_y,coord_z,diameter,malscore,sphericiy,margin,spiculation,texture,calcification,internal_structure,lobulation,subtlety
1.3.6.1.4.1.14519.5.2.1.6279.6001.297988578825170426663869669862,4104,0.6338,0.4092,0.7105,0.0449,4,2,3,1,1,6,1,1,1
1.3.6.1.4.1.14519.5.2.1.6279.6001.297988578825170426663869669862,4115,0.792,0.6084,0.5223,0.0215,3,3,5,1,5,6,1,1,4
1.3.6.1.4.1.14519.5.2.1.6279.6001.297988578825170426663869669862,Nodule 001,0.7891,0.6064,0.5223,0.0215,2,3,5,1,5,6,1,1,4
1.3.6.1.4.1.14519.5.2.1.6279.6001.297988578825170426663869669862,71354,0.791,0.6074,0.5243,0.0234,3,4,3,2,5,6,1,2,5
1.3.6.1.4.1.14519.5.2.1.6279.6001.297988578825170426663869669862,71352,0.6367,0.4043,0.7105,0.0469,3,3,1,1,1,6,1,2,4
1.3.6.1.4.1.14519.5.2.1.6279.6001.297988578825170426663869669862,IL057_166218,0.791,0.6074,0.5223,0.0195,3,5,5,1,5,6,1,1,3
1.3.6.1.4.1.14519.5.2.1.6279.6001.297988578825170426663869669862,IL057_166477,0.6348,0.4033,0.7105,0.0566,4,4,1,2,1,6,1,3,1
