uid,anno_index,coord_x,coord_y,coord_z,diameter,malscore,sphericiy,margin,spiculation,texture,calcification,internal_structure,lobulation,subtlety
1.3.6.1.4.1.14519.5.2.1.6279.6001.215104063467523905369326175410,Nodule 002,0.1104,0.5566,0.4685,0.0234,3,4,5,1,5,6,1,1,4
1.3.6.1.4.1.14519.5.2.1.6279.6001.215104063467523905369326175410,3109,0.1113,0.5576,0.4685,0.0215,3,4,3,2,3,6,1,3,4
1.3.6.1.4.1.14519.5.2.1.6279.6001.215104063467523905369326175410,9788,0.1133,0.5576,0.4685,0.0176,2,4,4,2,5,6,1,1,4
