uid,anno_index,coord_x,coord_y,coord_z,diameter,malscore,sphericiy,margin,spiculation,texture,calcification,internal_structure,lobulation,subtlety
1.3.6.1.4.1.14519.5.2.1.6279.6001.799582546798528864710752164515,Nodule 001,0.1436,0.6553,0.4641,0.0254,4,4,5,1,5,6,1,2,4
1.3.6.1.4.1.14519.5.2.1.6279.6001.799582546798528864710752164515,10463,0.1445,0.6562,0.4641,0.0234,3,5,4,3,5,6,1,3,4
1.3.6.1.4.1.14519.5.2.1.6279.6001.799582546798528864710752164515,29623,0.1445,0.6562,0.4631,0.0156,1,4,4,1,1,6,1,1,4
