uid,anno_index,coord_x,coord_y,coord_z,diameter,malscore,sphericiy,margin,spiculation,texture,calcification,internal_structure,lobulation,subtlety
1.3.6.1.4.1.14519.5.2.1.6279.6001.315770913282450940389971401304,IL057_92962,0.6543,0.75,0.4,0.0156,3,5,3,1,5,6,1,2,1
1.3.6.1.4.1.14519.5.2.1.6279.6001.315770913282450940389971401304,Nodule 003,0.6523,0.748,0.3978,0.0195,4,4,5,1,5,6,1,2,4
1.3.6.1.4.1.14519.5.2.1.6279.6001.315770913282450940389971401304,4817,0.6543,0.749,0.3978,0.0117,3,4,4,2,5,6,1,1,3
1.3.6.1.4.1.14519.5.2.1.6279.6001.315770913282450940389971401304,5600,0.6514,0.75,0.3978,0.0176,3,4,4,1,4,6,1,1,5
