uid,anno_index,coord_x,coord_y,coord_z,diameter,malscore,sphericiy,margin,spiculation,texture,calcification,internal_structure,lobulation,subtlety
1.3.6.1.4.1.14519.5.2.1.6279.6001.487268565754493433372433148666,Nodule 001,0.7754,0.4922,0.5827,0.0703,3,4,4,1,5,6,1,1,5
1.3.6.1.4.1.14519.5.2.1.6279.6001.487268565754493433372433148666,Nodule 002,0.3848,0.5996,0.8346,0.0586,5,3,4,2,5,6,1,2,4
1.3.6.1.4.1.14519.5.2.1.6279.6001.487268565754493433372433148666,IL057_130629,0.3848,0.6016,0.8383,0.0586,5,4,4,1,5,6,1,5,5
1.3.6.1.4.1.14519.5.2.1.6279.6001.487268565754493433372433148666,IL057_130626,0.7764,0.4922,0.5827,0.0723,4,5,5,1,5,6,1,3,5
1.3.6.1.4.1.14519.5.2.1.6279.6001.487268565754493433372433148666,MI014_16627,0.3848,0.6006,0.8346,0.0605,3,4,3,2,4,6,1,5,5
1.3.6.1.4.1.14519.5.2.1.6279.6001.487268565754493433372433148666,MI014_16624,0.7764,0.4922,0.5827,0.0723,3,5,4,1,5,6,1,2,5
1.3.6.1.4.1.14519.5.2.1.6279.6001.487268565754493433372433148666,0,0.7764,0.4932,0.5827,0.0684,2,5,5,1,5,6,1,1,3
1.3.6.1.4.1.14519.5.2.1.6279.6001.487268565754493433372433148666,1,0.3838,0.6006,0.8421,0.0566,3,5,5,1,5,6,1,4,5
