uid,anno_index,coord_x,coord_y,coord_z,diameter,malscore,sphericiy,margin,spiculation,texture,calcification,internal_structure,lobulation,subtlety
1.3.6.1.4.1.14519.5.2.1.6279.6001.254957696184671649675053562027,Nodule 001,0.2988,0.248,0.7015,0.0234,4,3,5,1,5,6,1,1,4
1.3.6.1.4.1.14519.5.2.1.6279.6001.254957696184671649675053562027,Nodule 002,0.834,0.5225,0.7488,0.0195,3,5,5,1,5,6,1,1,4
1.3.6.1.4.1.14519.5.2.1.6279.6001.254957696184671649675053562027,68406,0.833,0.5234,0.7463,0.0195,1,5,5,1,5,3,1,1,5
1.3.6.1.4.1.14519.5.2.1.6279.6001.254957696184671649675053562027,68402,0.2998,0.251,0.704,0.0215,2,4,5,1,5,6,1,1,4
1.3.6.1.4.1.14519.5.2.1.6279.6001.254957696184671649675053562027,MI014_14525,0.833,0.5234,0.7488,0.0195,1,4,5,1,5,3,1,1,3
1.3.6.1.4.1.14519.5.2.1.6279.6001.254957696184671649675053562027,0,0.3008,0.2529,0.704,0.0234,2,5,5,1,5,6,1,1,3
1.3.6.1.4.1.14519.5.2.1.6279.6001.254957696184671649675053562027,1,0.833,0.5225,0.7488,0.0176,1,5,5,1,5,3,1,1,5
