uid,anno_index,coord_x,coord_y,coord_z,diameter,malscore,sphericiy,margin,spiculation,texture,calcification,internal_structure,lobulation,subtlety
1.3.6.1.4.1.14519.5.2.1.6279.6001.132817748896065918417924920957,Nodule 005,0.7227,0.6963,0.6278,0.0273,3,3,4,1,5,6,1,2,3
1.3.6.1.4.1.14519.5.2.1.6279.6001.132817748896065918417924920957,IL057_127062,0.7246,0.6973,0.6278,0.0312,4,3,3,4,4,6,1,2,4
1.3.6.1.4.1.14519.5.2.1.6279.6001.132817748896065918417924920957,MI014_16317,0.7236,0.6973,0.6316,0.0254,3,3,4,2,4,6,1,2,3
1.3.6.1.4.1.14519.5.2.1.6279.6001.132817748896065918417924920957,9,0.7256,0.6982,0.6316,0.0215,2,5,5,1,5,6,1,1,3
