uid,anno_index,coord_x,coord_y,coord_z,diameter,malscore,sphericiy,margin,spiculation,texture,calcification,internal_structure,lobulation,subtlety
1.3.6.1.4.1.14519.5.2.1.6279.6001.614147706162329660656328811671,164450,0.3926,0.666,0.5188,0.043,3,4,2,2,3,6,1,4,5
1.3.6.1.4.1.14519.5.2.1.6279.6001.614147706162329660656328811671,161356,0.3926,0.666,0.515,0.0391,4,3,2,3,4,6,1,4,4
1.3.6.1.4.1.14519.5.2.1.6279.6001.614147706162329660656328811671,Nodule 001,0.3936,0.668,0.5188,0.041,4,3,4,2,5,6,1,2,4
