uid,anno_index,coord_x,coord_y,coord_z,diameter,malscore,sphericiy,margin,spiculation,texture,calcification,internal_structure,lobulation,subtlety
1.3.6.1.4.1.14519.5.2.1.6279.6001.179209990684978588019929720099,206836,0.2119,0.4033,0.7336,0.0254,4,3,5,3,5,6,1,1,5
1.3.6.1.4.1.14519.5.2.1.6279.6001.179209990684978588019929720099,206841,0.7041,0.2373,0.4886,0.0215,1,2,4,1,5,6,1,3,3
1.3.6.1.4.1.14519.5.2.1.6279.6001.179209990684978588019929720099,196535,0.2119,0.4033,0.7365,0.0254,3,4,5,1,5,6,1,1,5
1.3.6.1.4.1.14519.5.2.1.6279.6001.179209990684978588019929720099,196538,0.6963,0.2432,0.4843,0.0293,3,3,3,2,4,6,1,1,3
1.3.6.1.4.1.14519.5.2.1.6279.6001.179209990684978588019929720099,15498,0.2139,0.4043,0.735,0.0254,3,3,5,1,1,6,1,1,5
1.3.6.1.4.1.14519.5.2.1.6279.6001.179209990684978588019929720099,15562,0.6973,0.2441,0.4843,0.0312,4,2,4,1,5,6,1,3,4
1.3.6.1.4.1.14519.5.2.1.6279.6001.179209990684978588019929720099,0,0.2109,0.4033,0.7322,0.0273,3,4,5,2,5,6,1,3,5
1.3.6.1.4.1.14519.5.2.1.6279.6001.179209990684978588019929720099,16,0.7041,0.2373,0.49,0.0215,1,4,4,1,5,6,1,2,4
