uid,anno_index,coord_x,coord_y,coord_z,diameter,malscore,sphericiy,margin,spiculation,texture,calcification,internal_structure,lobulation,subtlety
1.3.6.1.4.1.14519.5.2.1.6279.6001.296738183013079390785739615169,5251,0.2646,0.5674,0.6718,0.0605,5,2,1,2,1,6,1,1,3
1.3.6.1.4.1.14519.5.2.1.6279.6001.296738183013079390785739615169,5291,0.7256,0.3809,0.5837,0.0508,5,3,1,3,3,6,4,2,3
1.3.6.1.4.1.14519.5.2.1.6279.6001.296738183013079390785739615169,Nodule 002,0.7236,0.3818,0.5859,0.0527,5,3,4,3,3,6,1,3,5
1.3.6.1.4.1.14519.5.2.1.6279.6001.296738183013079390785739615169,Nodule 003,0.2627,0.5635,0.6696,0.0605,5,3,4,2,3,6,1,3,5
1.3.6.1.4.1.14519.5.2.1.6279.6001.296738183013079390785739615169,IL057_196104,0.2607,0.5674,0.6652,0.0605,4,4,1,1,1,6,1,1,4
1.3.6.1.4.1.14519.5.2.1.6279.6001.296738183013079390785739615169,IL057_196108,0.7236,0.3809,0.5859,0.0469,4,3,3,1,2,6,1,3,3
1.3.6.1.4.1.14519.5.2.1.6279.6001.296738183013079390785739615169,03492,0.2627,0.5674,0.6674,0.0566,3,3,1,1,1,6,1,3,4
1.3.6.1.4.1.14519.5.2.1.6279.6001.296738183013079390785739615169,03496,0.7188,0.3789,0.5859,0.0625,2,3,2,2,1,6,1,3,4
