uid,anno_index,coord_x,coord_y,coord_z,diameter,malscore,sphericiy,margin,spiculation,texture,calcification,internal_structure,lobulation,subtlety
1.3.6.1.4.1.14519.5.2.1.6279.6001.302557165094691896097534021075,174516,0.3877,0.6475,0.7146,0.041,3,3,5,1,5,6,1,2,5
1.3.6.1.4.1.14519.5.2.1.6279.6001.302557165094691896097534021075,30,0.3877,0.6465,0.7167,0.0449,2,4,5,1,5,6,1,1,5
1.3.6.1.4.1.14519.5.2.1.6279.6001.302557165094691896097534021075,Nodule 007,0.3857,0.6465,0.7146,0.0449,3,3,4,1,5,6,1,1,4
1.3.6.1.4.1.14519.5.2.1.6279.6001.302557165094691896097534021075,172685,0.3877,0.6436,0.7167,0.0449,4,4,5,1,5,6,1,1,5
