uid,anno_index,coord_x,coord_y,coord_z,diameter,malscore,sphericiy,margin,spiculation,texture,calcification,internal_structure,lobulation,subtlety
1.3.6.1.4.1.14519.5.2.1.6279.6001.339546614783708685476232944897,Nodule 001,0.3506,0.4727,0.7294,0.0723,5,3,4,3,5,6,1,2,5
1.3.6.1.4.1.14519.5.2.1.6279.6001.339546614783708685476232944897,IL057_201385,0.3555,0.4717,0.7339,0.0742,5,4,4,2,5,6,1,4,5
1.3.6.1.4.1.14519.5.2.1.6279.6001.339546614783708685476232944897,0,0.3516,0.4717,0.7294,0.0645,2,3,5,2,5,6,1,2,5
