uid,anno_index,coord_x,coord_y,coord_z,diameter,malscore,sphericiy,margin,spiculation,texture,calcification,internal_structure,lobulation,subtlety
1.3.6.1.4.1.14519.5.2.1.6279.6001.233652865358649579816568545171,174375,0.2705,0.6377,0.5814,0.0215,2,3,5,1,5,2,1,1,5
1.3.6.1.4.1.14519.5.2.1.6279.6001.233652865358649579816568545171,0,0.2715,0.6377,0.5814,0.0195,1,5,5,1,5,3,1,1,5
1.3.6.1.4.1.14519.5.2.1.6279.6001.233652865358649579816568545171,Nodule 001,0.2686,0.6377,0.5814,0.0254,3,3,4,1,5,6,1,1,4
1.3.6.1.4.1.14519.5.2.1.6279.6001.233652865358649579816568545171,172555,0.2705,0.6377,0.5814,0.0254,1,5,5,1,5,3,1,1,5
