uid,anno_index,coord_x,coord_y,coord_z,diameter,malscore,sphericiy,margin,spiculation,texture,calcification,internal_structure,lobulation,subtlety
1.3.6.1.4.1.14519.5.2.1.6279.6001.603166427542096384265514998412,141128,0.7002,0.6348,0.4979,0.0176,1,3,5,1,5,3,1,2,5
1.3.6.1.4.1.14519.5.2.1.6279.6001.603166427542096384265514998412,3,0.7002,0.6348,0.4969,0.0176,1,5,5,1,5,3,1,1,5
1.3.6.1.4.1.14519.5.2.1.6279.6001.603166427542096384265514998412,166831,0.7012,0.6348,0.4969,0.0195,1,5,5,1,5,3,1,1,5
1.3.6.1.4.1.14519.5.2.1.6279.6001.603166427542096384265514998412,Nodule 001,0.7002,0.6348,0.4969,0.0176,1,4,5,1,5,3,1,2,4
