uid,anno_index,coord_x,coord_y,coord_z,diameter,malscore,sphericiy,margin,spiculation,texture,calcification,internal_structure,lobulation,subtlety
1.3.6.1.4.1.14519.5.2.1.6279.6001.179943248049071805421192715219,146113,0.873,0.3994,0.3684,0.0195,3,2,3,1,4,6,1,3,3
1.3.6.1.4.1.14519.5.2.1.6279.6001.179943248049071805421192715219,166971,0.8721,0.4004,0.3694,0.0234,2,3,4,1,5,6,1,1,2
1.3.6.1.4.1.14519.5.2.1.6279.6001.179943248049071805421192715219,Nodule 001,0.8701,0.4004,0.3694,0.0215,4,3,4,1,5,6,1,2,3
