uid,anno_index,coord_x,coord_y,coord_z,diameter,malscore,sphericiy,margin,spiculation,texture,calcification,internal_structure,lobulation,subtlety
1.3.6.1.4.1.14519.5.2.1.6279.6001.292194861362266467652267941663,IL057_157472,0.6338,0.752,0.3672,0.0215,3,4,5,1,5,6,1,2,4
1.3.6.1.4.1.14519.5.2.1.6279.6001.292194861362266467652267941663,9394,0.6348,0.7529,0.3672,0.0234,4,4,2,1,5,6,1,1,5
1.3.6.1.4.1.14519.5.2.1.6279.6001.292194861362266467652267941663,Nodule 007,0.6328,0.751,0.3672,0.0234,2,3,4,1,4,6,1,1,4
