uid,anno_index,coord_x,coord_y,coord_z,diameter,malscore,sphericiy,margin,spiculation,texture,calcification,internal_structure,lobulation,subtlety
1.3.6.1.4.1.14519.5.2.1.6279.6001.922852847124879997825997808179,55664,0.2178,0.6025,0.5224,0.0566,2,2,3,2,4,6,1,1,4
1.3.6.1.4.1.14519.5.2.1.6279.6001.922852847124879997825997808179,55666,0.3916,0.376,0.6068,0.0371,1,3,4,1,5,6,1,1,4
1.3.6.1.4.1.14519.5.2.1.6279.6001.922852847124879997825997808179,Nodule 002,0.2158,0.6055,0.5224,0.0645,5,3,3,3,5,6,1,4,5
1.3.6.1.4.1.14519.5.2.1.6279.6001.922852847124879997825997808179,Nodule 001,0.3916,0.374,0.6059,0.0371,4,3,4,1,5,6,1,2,5
1.3.6.1.4.1.14519.5.2.1.6279.6001.922852847124879997825997808179,1,0.2168,0.6016,0.5215,0.0547,4,3,5,4,5,6,1,4,5
1.3.6.1.4.1.14519.5.2.1.6279.6001.922852847124879997825997808179,4,0.3926,0.375,0.6077,0.0352,2,3,5,1,5,6,1,2,5
1.3.6.1.4.1.14519.5.2.1.6279.6001.922852847124879997825997808179,72295,0.3936,0.376,0.6077,0.0371,3,3,4,2,5,6,1,3,3
1.3.6.1.4.1.14519.5.2.1.6279.6001.922852847124879997825997808179,50177,0.2168,0.6055,0.5224,0.0625,4,3,4,4,5,6,1,4,5
