uid,anno_index,coord_x,coord_y,coord_z,diameter,malscore,sphericiy,margin,spiculation,texture,calcification,internal_structure,lobulation,subtlety
1.3.6.1.4.1.14519.5.2.1.6279.6001.404768898286087278137462774930,56749,0.7236,0.708,0.32,0.0684,4,5,3,1,5,6,1,5,5
1.3.6.1.4.1.14519.5.2.1.6279.6001.404768898286087278137462774930,Nodule 004,0.7236,0.7061,0.32,0.0723,5,3,3,3,4,6,1,3,5
1.3.6.1.4.1.14519.5.2.1.6279.6001.404768898286087278137462774930,13637,0.7285,0.7051,0.322,0.0625,3,3,2,2,4,6,1,5,5
1.3.6.1.4.1.14519.5.2.1.6279.6001.404768898286087278137462774930,1,0.7285,0.707,0.32,0.0664,3,3,4,1,5,6,1,5,5
