uid,anno_index,coord_x,coord_y,coord_z,diameter,malscore,sphericiy,margin,spiculation,texture,calcification,internal_structure,lobulation,subtlety
1.3.6.1.4.1.14519.5.2.1.6279.6001.187451715205085403623595258748,Nodule 002,0.6777,0.6465,0.364,0.043,5,3,4,2,2,6,1,1,4
1.3.6.1.4.1.14519.5.2.1.6279.6001.187451715205085403623595258748,Nodule 001,0.752,0.415,0.5,0.0781,5,3,3,5,5,6,1,3,5
1.3.6.1.4.1.14519.5.2.1.6279.6001.187451715205085403623595258748,5990,0.7275,0.4111,0.46,0.0176,3,2,4,3,3,6,1,2,1
1.3.6.1.4.1.14519.5.2.1.6279.6001.187451715205085403623595258748,5983,0.7539,0.416,0.5,0.0742,3,4,1,4,3,6,1,4,5
1.3.6.1.4.1.14519.5.2.1.6279.6001.187451715205085403623595258748,10082,0.752,0.418,0.496,0.0703,5,4,1,5,5,6,1,4,5
1.3.6.1.4.1.14519.5.2.1.6279.6001.187451715205085403623595258748,10085,0.6826,0.6475,0.364,0.0488,3,4,1,2,1,6,1,3,3
1.3.6.1.4.1.14519.5.2.1.6279.6001.187451715205085403623595258748,IL057_123465,0.7539,0.418,0.496,0.0703,5,2,3,3,5,6,1,3,5
1.3.6.1.4.1.14519.5.2.1.6279.6001.187451715205085403623595258748,IL057_131657,0.6768,0.6465,0.364,0.043,2,3,1,1,1,6,1,1,2
