uid,anno_index,coord_x,coord_y,coord_z,diameter,malscore,sphericiy,margin,spiculation,texture,calcification,internal_structure,lobulation,subtlety
1.3.6.1.4.1.14519.5.2.1.6279.6001.275007193025729362844652516689,Nodule 001,0.7773,0.3203,0.3206,0.0195,2,4,5,1,5,6,1,1,3
1.3.6.1.4.1.14519.5.2.1.6279.6001.275007193025729362844652516689,IL057_195967,0.1895,0.4287,0.378,0.0781,4,4,1,1,1,6,1,1,2
1.3.6.1.4.1.14519.5.2.1.6279.6001.275007193025729362844652516689,IL057_195964,0.4033,0.4424,0.3517,0.0879,5,4,5,1,5,6,1,2,5
1.3.6.1.4.1.14519.5.2.1.6279.6001.275007193025729362844652516689,IL057_196386,0.7783,0.3203,0.3182,0.0176,1,4,5,1,5,3,1,1,4
1.3.6.1.4.1.14519.5.2.1.6279.6001.275007193025729362844652516689,0432,0.1934,0.4307,0.366,0.0605,3,4,1,1,1,6,1,3,1
1.3.6.1.4.1.14519.5.2.1.6279.6001.275007193025729362844652516689,0426,0.4043,0.4395,0.3541,0.0977,5,4,4,1,5,6,1,4,5
1.3.6.1.4.1.14519.5.2.1.6279.6001.275007193025729362844652516689,0435,0.7793,0.3203,0.3182,0.0195,1,3,5,1,5,3,1,1,5
1.3.6.1.4.1.14519.5.2.1.6279.6001.275007193025729362844652516689,81278,0.1992,0.4316,0.3804,0.0703,5,3,1,5,1,6,1,1,3
1.3.6.1.4.1.14519.5.2.1.6279.6001.275007193025729362844652516689,81275,0.4043,0.4404,0.3541,0.0723,5,3,5,1,5,6,1,2,5
