uid,anno_index,coord_x,coord_y,coord_z,diameter,malscore,sphericiy,margin,spiculation,texture,calcification,internal_structure,lobulation,subtlety
1.3.6.1.4.1.14519.5.2.1.6279.6001.323541312620128092852212458228,Nodule 001,0.2773,0.6309,0.3133,0.0156,2,4,5,1,5,6,1,1,3
1.3.6.1.4.1.14519.5.2.1.6279.6001.323541312620128092852212458228,IL057_132683,0.2783,0.6309,0.3154,0.0117,1,3,5,1,5,3,1,1,2
1.3.6.1.4.1.14519.5.2.1.6279.6001.323541312620128092852212458228,MI014_16178,0.2783,0.6309,0.3133,0.0156,1,2,5,1,5,3,1,1,2
1.3.6.1.4.1.14519.5.2.1.6279.6001.323541312620128092852212458228,0,0.2744,0.6309,0.3154,0.0195,1,5,5,1,5,3,1,1,5
