uid,anno_index,coord_x,coord_y,coord_z,diameter,malscore,sphericiy,margin,spiculation,texture,calcification,internal_structure,lobulation,subtlety
1.3.6.1.4.1.14519.5.2.1.6279.6001.463214953282361219537913355115,Nodule 004,0.749,0.5918,0.3565,0.0391,5,3,3,3,3,6,1,2,4
1.3.6.1.4.1.14519.5.2.1.6279.6001.463214953282361219537913355115,Nodule 002,0.6777,0.4385,0.7522,0.0566,5,3,3,3,4,6,1,2,4
1.3.6.1.4.1.14519.5.2.1.6279.6001.463214953282361219537913355115,IL057_130543,0.7471,0.5928,0.3522,0.0332,5,5,3,4,5,6,1,4,4
1.3.6.1.4.1.14519.5.2.1.6279.6001.463214953282361219537913355115,MI014_16525,0.749,0.5918,0.3565,0.0332,3,5,3,3,4,6,1,3,4
1.3.6.1.4.1.14519.5.2.1.6279.6001.463214953282361219537913355115,0,0.7471,0.5996,0.3522,0.0508,4,4,4,5,5,6,1,2,5
