uid,anno_index,coord_x,coord_y,coord_z,diameter,malscore,sphericiy,margin,spiculation,texture,calcification,internal_structure,lobulation,subtlety
1.3.6.1.4.1.14519.5.2.1.6279.6001.268992195564407418480563388746,173987,0.1768,0.5029,0.4436,0.0215,3,3,4,1,5,6,1,2,5
1.3.6.1.4.1.14519.5.2.1.6279.6001.268992195564407418480563388746,0,0.1768,0.5039,0.4436,0.0156,2,5,5,1,5,6,1,1,4
1.3.6.1.4.1.14519.5.2.1.6279.6001.268992195564407418480563388746,172238,0.1777,0.5029,0.4474,0.0176,3,5,5,1,5,6,1,1,3
1.3.6.1.4.1.14519.5.2.1.6279.6001.268992195564407418480563388746,Nodule 001,0.1768,0.502,0.4436,0.0156,2,4,5,1,5,6,1,1,3
