uid,anno_index,coord_x,coord_y,coord_z,diameter,malscore,sphericiy,margin,spiculation,texture,calcification,internal_structure,lobulation,subtlety
1.3.6.1.4.1.14519.5.2.1.6279.6001.235364978775280910367690540811,IL057_156959,0.7207,0.6113,0.2967,0.0703,5,2,4,4,5,6,1,4,4
1.3.6.1.4.1.14519.5.2.1.6279.6001.235364978775280910367690540811,Nodule 005,0.7217,0.6084,0.2846,0.0488,5,3,4,3,5,6,1,3,5
1.3.6.1.4.1.14519.5.2.1.6279.6001.235364978775280910367690540811,51818,0.7197,0.6162,0.2988,0.0684,3,4,2,2,5,6,1,3,5
1.3.6.1.4.1.14519.5.2.1.6279.6001.235364978775280910367690540811,9104,0.7207,0.6133,0.3008,0.0742,4,4,2,1,5,6,1,2,4
