uid,anno_index,coord_x,coord_y,coord_z,diameter,malscore,sphericiy,margin,spiculation,texture,calcification,internal_structure,lobulation,subtlety
1.3.6.1.4.1.14519.5.2.1.6279.6001.338114620394879648539943280992,Nodule 001,0.2773,0.5508,0.5752,0.043,4,3,4,2,5,6,1,2,4
1.3.6.1.4.1.14519.5.2.1.6279.6001.338114620394879648539943280992,IL057_127017,0.2783,0.5508,0.5789,0.0371,5,3,4,4,5,6,1,3,5
1.3.6.1.4.1.14519.5.2.1.6279.6001.338114620394879648539943280992,MI014_12034,0.2783,0.5537,0.5752,0.041,5,3,4,2,5,6,1,2,5
1.3.6.1.4.1.14519.5.2.1.6279.6001.338114620394879648539943280992,0,0.2832,0.5557,0.5714,0.0586,3,5,5,1,5,6,1,4,5
