uid,anno_index,coord_x,coord_y,coord_z,diameter,malscore,sphericiy,margin,spiculation,texture,calcification,internal_structure,lobulation,subtlety
1.3.6.1.4.1.14519.5.2.1.6279.6001.483655032093002252444764787700,50262,0.9053,0.5908,0.2426,0.0254,2,2,3,1,4,6,1,1,3
1.3.6.1.4.1.14519.5.2.1.6279.6001.483655032093002252444764787700,Nodule 002,0.9043,0.5889,0.2405,0.0293,2,4,5,1,5,6,1,1,5
1.3.6.1.4.1.14519.5.2.1.6279.6001.483655032093002252444764787700,25580,0.9043,0.5908,0.2416,0.0254,3,3,4,2,4,6,1,3,4
