uid,anno_index,coord_x,coord_y,coord_z,diameter,malscore,sphericiy,margin,spiculation,texture,calcification,internal_structure,lobulation,subtlety
1.3.6.1.4.1.14519.5.2.1.6279.6001.199220738144407033276946096708,13501,0.2197,0.6562,0.5175,0.0156,2,2,5,1,5,6,1,1,2
1.3.6.1.4.1.14519.5.2.1.6279.6001.199220738144407033276946096708,Nodule 001,0.2188,0.6582,0.5158,0.0195,4,4,5,1,5,6,1,1,4
1.3.6.1.4.1.14519.5.2.1.6279.6001.199220738144407033276946096708,14060,0.2217,0.6582,0.5193,0.0137,4,5,4,1,4,6,1,1,5
1.3.6.1.4.1.14519.5.2.1.6279.6001.199220738144407033276946096708,1,0.2207,0.6572,0.5175,0.0176,2,5,5,1,5,6,1,1,3
