uid,anno_index,coord_x,coord_y,coord_z,diameter,malscore,sphericiy,margin,spiculation,texture,calcification,internal_structure,lobulation,subtlety
1.3.6.1.4.1.14519.5.2.1.6279.6001.325164338773720548739146851679,0,0.1885,0.6963,0.7714,0.0684,2,5,2,1,1,6,1,1,1
1.3.6.1.4.1.14519.5.2.1.6279.6001.325164338773720548739146851679,5,0.2852,0.7812,0.6204,0.0234,2,5,5,1,5,6,1,1,3
1.3.6.1.4.1.14519.5.2.1.6279.6001.325164338773720548739146851679,141779,0.1885,0.6982,0.7745,0.0566,3,4,2,3,1,6,1,2,5
1.3.6.1.4.1.14519.5.2.1.6279.6001.325164338773720548739146851679,141786,0.2842,0.7832,0.6214,0.0195,3,4,3,3,5,6,1,3,4
1.3.6.1.4.1.14519.5.2.1.6279.6001.325164338773720548739146851679,203673,0.2842,0.7832,0.6204,0.0195,3,3,3,2,5,6,1,1,3
1.3.6.1.4.1.14519.5.2.1.6279.6001.325164338773720548739146851679,Nodule 003,0.2852,0.7812,0.6224,0.0195,2,4,5,1,5,6,1,1,4
1.3.6.1.4.1.14519.5.2.1.6279.6001.325164338773720548739146851679,Nodule 002,0.1875,0.6982,0.7724,0.0566,5,3,4,2,5,6,1,2,5
