uid,anno_index,coord_x,coord_y,coord_z,diameter,malscore,sphericiy,margin,spiculation,texture,calcification,internal_structure,lobulation,subtlety
1.3.6.1.4.1.14519.5.2.1.6279.6001.265775376735520890308424143898,76602,0.4473,0.749,0.625,0.0234,3,4,4,3,5,6,1,2,3
1.3.6.1.4.1.14519.5.2.1.6279.6001.265775376735520890308424143898,76603,0.2314,0.7646,0.655,0.0176,3,4,4,1,5,6,1,2,5
1.3.6.1.4.1.14519.5.2.1.6279.6001.265775376735520890308424143898,77024,0.6934,0.835,0.545,0.0156,3,4,4,2,5,6,1,2,3
1.3.6.1.4.1.14519.5.2.1.6279.6001.265775376735520890308424143898,Nodule 003,0.6924,0.8359,0.545,0.0176,2,3,5,1,5,6,1,1,4
1.3.6.1.4.1.14519.5.2.1.6279.6001.265775376735520890308424143898,Nodule 001,0.4443,0.751,0.6267,0.0254,4,3,4,1,5,6,1,2,4
1.3.6.1.4.1.14519.5.2.1.6279.6001.265775376735520890308424143898,Nodule 002,0.2314,0.7627,0.655,0.0137,2,3,5,1,5,6,1,1,4
1.3.6.1.4.1.14519.5.2.1.6279.6001.265775376735520890308424143898,6,0.6943,0.8359,0.545,0.0176,3,5,5,1,5,6,1,1,5
1.3.6.1.4.1.14519.5.2.1.6279.6001.265775376735520890308424143898,14,0.4463,0.75,0.6267,0.0293,3,3,5,1,5,6,1,1,5
1.3.6.1.4.1.14519.5.2.1.6279.6001.265775376735520890308424143898,16,0.2334,0.7637,0.6533,0.0195,3,4,4,1,5,6,1,1,5
