uid,anno_index,coord_x,coord_y,coord_z,diameter,malscore,sphericiy,margin,spiculation,texture,calcification,internal_structure,lobulation,subtlety
1.3.6.1.4.1.14519.5.2.1.6279.6001.257840703452266097926250569223,0,0.2188,0.6357,0.4874,0.0215,2,5,5,1,5,6,1,1,3
1.3.6.1.4.1.14519.5.2.1.6279.6001.257840703452266097926250569223,171413,0.2188,0.6367,0.4874,0.0234,3,3,3,2,5,6,1,2,5
1.3.6.1.4.1.14519.5.2.1.6279.6001.257840703452266097926250569223,171417,0.7598,0.668,0.584,0.0195,3,3,4,2,5,6,1,2,5
1.3.6.1.4.1.14519.5.2.1.6279.6001.257840703452266097926250569223,Nodule 001,0.2178,0.6367,0.4874,0.0234,3,4,5,1,5,6,1,2,4
1.3.6.1.4.1.14519.5.2.1.6279.6001.257840703452266097926250569223,Nodule 003,0.7598,0.667,0.584,0.0176,2,4,5,1,5,6,1,2,4
1.3.6.1.4.1.14519.5.2.1.6279.6001.257840703452266097926250569223,168116,0.2188,0.6357,0.4874,0.0215,3,3,5,1,5,6,1,1,4
1.3.6.1.4.1.14519.5.2.1.6279.6001.257840703452266097926250569223,168119,0.7588,0.668,0.584,0.0156,3,4,5,1,5,6,1,1,4
