uid,anno_index,coord_x,coord_y,coord_z,diameter,malscore,sphericiy,margin,spiculation,texture,calcification,internal_structure,lobulation,subtlety
1.3.6.1.4.1.14519.5.2.1.6279.6001.123697637451437522065941162930,5491,0.7334,0.4385,0.7029,0.1035,5,3,1,1,1,6,1,1,3
1.3.6.1.4.1.14519.5.2.1.6279.6001.123697637451437522065941162930,IL057_196081,0.7363,0.4395,0.7049,0.0938,5,4,2,3,3,6,1,3,5
1.3.6.1.4.1.14519.5.2.1.6279.6001.123697637451437522065941162930,03376,0.7412,0.4395,0.707,0.0918,5,4,1,5,5,6,1,4,5
1.3.6.1.4.1.14519.5.2.1.6279.6001.123697637451437522065941162930,Nodule 001,0.7383,0.4385,0.709,0.082,5,3,3,5,5,6,1,3,5
