uid,anno_index,coord_x,coord_y,coord_z,diameter,malscore,sphericiy,margin,spiculation,texture,calcification,internal_structure,lobulation,subtlety
1.3.6.1.4.1.14519.5.2.1.6279.6001.295298571102631191572192562523,0,0.2314,0.4482,0.2845,0.0176,1,5,5,1,5,3,1,1,5
1.3.6.1.4.1.14519.5.2.1.6279.6001.295298571102631191572192562523,160474,0.2314,0.4473,0.2866,0.0195,1,3,5,1,5,3,1,1,3
1.3.6.1.4.1.14519.5.2.1.6279.6001.295298571102631191572192562523,161759,0.7646,0.4746,0.472,0.0195,3,3,5,1,4,6,1,3,2
1.3.6.1.4.1.14519.5.2.1.6279.6001.295298571102631191572192562523,162936,0.2314,0.4473,0.2866,0.0195,1,3,5,1,5,3,1,1,5
1.3.6.1.4.1.14519.5.2.1.6279.6001.295298571102631191572192562523,162932,0.7646,0.4746,0.4741,0.0234,3,3,5,1,5,6,1,3,4
1.3.6.1.4.1.14519.5.2.1.6279.6001.295298571102631191572192562523,Nodule 002,0.2314,0.4463,0.2866,0.0215,2,3,5,1,5,6,1,1,4
1.3.6.1.4.1.14519.5.2.1.6279.6001.295298571102631191572192562523,Nodule 001,0.7637,0.4736,0.4763,0.0215,3,4,5,1,5,6,1,1,4
