uid,anno_index,coord_x,coord_y,coord_z,diameter,malscore,sphericiy,margin,spiculation,texture,calcification,internal_structure,lobulation,subtlety
1.3.6.1.4.1.14519.5.2.1.6279.6001.215785045378334625097907422785,57126,0.3965,0.6182,0.769,0.0176,4,5,5,1,5,6,1,1,2
1.3.6.1.4.1.14519.5.2.1.6279.6001.215785045378334625097907422785,Nodule 005,0.3975,0.6162,0.769,0.0176,1,5,5,1,5,6,1,1,3
1.3.6.1.4.1.14519.5.2.1.6279.6001.215785045378334625097907422785,13559,0.3975,0.6162,0.7672,0.0176,3,5,5,1,5,6,1,1,5
1.3.6.1.4.1.14519.5.2.1.6279.6001.215785045378334625097907422785,2,0.3965,0.6162,0.769,0.0176,2,5,5,1,5,6,1,1,3
