uid,anno_index,coord_x,coord_y,coord_z,diameter,malscore,sphericiy,margin,spiculation,texture,calcification,internal_structure,lobulation,subtlety
1.3.6.1.4.1.14519.5.2.1.6279.6001.163901773171373940247829492387,76661,0.3262,0.416,0.3107,0.0781,4,4,4,2,5,6,1,3,5
1.3.6.1.4.1.14519.5.2.1.6279.6001.163901773171373940247829492387,Nodule 001,0.3242,0.417,0.3107,0.0801,5,3,4,2,5,6,1,2,5
1.3.6.1.4.1.14519.5.2.1.6279.6001.163901773171373940247829492387,15270,0.3252,0.418,0.3107,0.082,5,5,5,1,5,6,1,1,5
1.3.6.1.4.1.14519.5.2.1.6279.6001.163901773171373940247829492387,3,0.3252,0.417,0.3107,0.0723,2,5,5,1,5,6,1,1,5
