uid,anno_index,coord_x,coord_y,coord_z,diameter,malscore,sphericiy,margin,spiculation,texture,calcification,internal_structure,lobulation,subtlety
1.3.6.1.4.1.14519.5.2.1.6279.6001.150097650621090951325113116280,174244,0.6045,0.5215,0.687,0.0195,3,3,4,1,5,6,1,2,3
1.3.6.1.4.1.14519.5.2.1.6279.6001.150097650621090951325113116280,0,0.6055,0.5205,0.6913,0.0176,2,4,5,1,5,6,1,1,3
1.3.6.1.4.1.14519.5.2.1.6279.6001.150097650621090951325113116280,Nodule 002,0.6055,0.5215,0.6957,0.0195,3,4,4,1,5,6,1,2,4
1.3.6.1.4.1.14519.5.2.1.6279.6001.150097650621090951325113116280,172429,0.6045,0.5215,0.6957,0.0195,3,4,5,1,5,6,1,1,3
