uid,anno_index,coord_x,coord_y,coord_z,diameter,malscore,sphericiy,margin,spiculation,texture,calcification,internal_structure,lobulation,subtlety
1.3.6.1.4.1.14519.5.2.1.6279.6001.149463915556499304732434215056,39541,0.2705,0.3203,0.4689,0.0293,3,3,4,2,5,6,1,3,4
1.3.6.1.4.1.14519.5.2.1.6279.6001.149463915556499304732434215056,Nodule 001,0.2676,0.3174,0.4689,0.0352,4,2,4,1,5,6,1,2,5
1.3.6.1.4.1.14519.5.2.1.6279.6001.149463915556499304732434215056,60356,0.2705,0.3223,0.4689,0.0332,3,4,4,4,5,6,1,1,4
1.3.6.1.4.1.14519.5.2.1.6279.6001.149463915556499304732434215056,0,0.2705,0.3213,0.4689,0.0293,2,5,5,1,5,6,1,3,3
