uid,anno_index,coord_x,coord_y,coord_z,diameter,malscore,sphericiy,margin,spiculation,texture,calcification,internal_structure,lobulation,subtlety
1.3.6.1.4.1.14519.5.2.1.6279.6001.592821488053137951302246128864,Nodule 002,0.8877,0.5723,0.491,0.0469,4,4,5,1,5,6,1,2,5
1.3.6.1.4.1.14519.5.2.1.6279.6001.592821488053137951302246128864,Nodule 001,0.7383,0.5723,0.8193,0.0273,3,4,5,1,4,6,1,2,4
1.3.6.1.4.1.14519.5.2.1.6279.6001.592821488053137951302246128864,10324,0.7402,0.5703,0.8193,0.0273,3,5,2,1,1,6,1,4,3
1.3.6.1.4.1.14519.5.2.1.6279.6001.592821488053137951302246128864,10320,0.8857,0.5693,0.494,0.041,4,4,4,2,5,6,1,4,4
1.3.6.1.4.1.14519.5.2.1.6279.6001.592821488053137951302246128864,2833,0.7402,0.5723,0.8193,0.0273,3,4,1,3,1,6,1,4,1
1.3.6.1.4.1.14519.5.2.1.6279.6001.592821488053137951302246128864,2829,0.8896,0.5723,0.494,0.043,3,4,4,1,4,6,1,3,4
1.3.6.1.4.1.14519.5.2.1.6279.6001.592821488053137951302246128864,0,0.8877,0.5693,0.494,0.041,3,5,5,1,5,6,1,5,5
