uid,anno_index,coord_x,coord_y,coord_z,diameter,malscore,sphericiy,margin,spiculation,texture,calcification,internal_structure,lobulation,subtlety
1.3.6.1.4.1.14519.5.2.1.6279.6001.275986221854423197884953496664,60238,0.2422,0.6211,0.4057,0.0156,3,4,5,1,5,6,1,4,2
1.3.6.1.4.1.14519.5.2.1.6279.6001.275986221854423197884953496664,60239,0.3174,0.5195,0.4547,0.0176,2,4,4,1,5,6,1,1,2
1.3.6.1.4.1.14519.5.2.1.6279.6001.275986221854423197884953496664,Nodule 005,0.2412,0.6211,0.4038,0.0176,3,4,5,1,5,6,1,1,3
1.3.6.1.4.1.14519.5.2.1.6279.6001.275986221854423197884953496664,Nodule 004,0.3145,0.5186,0.4547,0.0195,4,4,4,1,4,6,1,1,4
1.3.6.1.4.1.14519.5.2.1.6279.6001.275986221854423197884953496664,13842,0.2422,0.6211,0.4057,0.0156,3,3,2,3,3,6,1,3,1
1.3.6.1.4.1.14519.5.2.1.6279.6001.275986221854423197884953496664,5,0.2422,0.6201,0.4057,0.0176,2,5,5,1,5,6,1,1,3
1.3.6.1.4.1.14519.5.2.1.6279.6001.275986221854423197884953496664,6,0.3174,0.5186,0.4547,0.0137,2,5,5,1,5,6,1,1,3
