uid,anno_index,coord_x,coord_y,coord_z,diameter,malscore,sphericiy,margin,spiculation,texture,calcification,internal_structure,lobulation,subtlety
1.3.6.1.4.1.14519.5.2.1.6279.6001.219618492426142913407827034169,1,0.3545,0.2881,0.4701,0.0801,2,5,5,1,5,6,1,1,3
1.3.6.1.4.1.14519.5.2.1.6279.6001.219618492426142913407827034169,163380,0.3564,0.2891,0.4701,0.0723,2,3,5,1,5,6,1,1,5
1.3.6.1.4.1.14519.5.2.1.6279.6001.219618492426142913407827034169,167817,0.3574,0.2891,0.4701,0.0742,5,3,5,1,5,6,1,1,5
