uid,anno_index,coord_x,coord_y,coord_z,diameter,malscore,sphericiy,margin,spiculation,texture,calcification,internal_structure,lobulation,subtlety
1.3.6.1.4.1.14519.5.2.1.6279.6001.177086402277715068525592995222,206669,0.3779,0.4951,0.8541,0.0293,3,2,3,3,1,6,1,1,3
1.3.6.1.4.1.14519.5.2.1.6279.6001.177086402277715068525592995222,206665,0.3594,0.6279,0.6245,0.082,5,3,3,5,4,6,1,5,5
1.3.6.1.4.1.14519.5.2.1.6279.6001.177086402277715068525592995222,Nodule 001,0.3594,0.6221,0.6226,0.082,5,3,4,4,5,6,1,3,5
1.3.6.1.4.1.14519.5.2.1.6279.6001.177086402277715068525592995222,Nodule 003,0.3779,0.4971,0.8541,0.0293,3,3,5,1,2,6,1,1,3
1.3.6.1.4.1.14519.5.2.1.6279.6001.177086402277715068525592995222,15437,0.3789,0.4951,0.8521,0.0312,3,3,3,2,4,6,1,1,3
1.3.6.1.4.1.14519.5.2.1.6279.6001.177086402277715068525592995222,0,0.3779,0.4961,0.856,0.0332,3,3,3,3,2,6,1,3,3
1.3.6.1.4.1.14519.5.2.1.6279.6001.177086402277715068525592995222,3,0.3516,0.6299,0.6265,0.0938,5,2,4,5,5,6,1,2,5
