uid,anno_index,coord_x,coord_y,coord_z,diameter,malscore,sphericiy,margin,spiculation,texture,calcification,internal_structure,lobulation,subtlety
1.3.6.1.4.1.14519.5.2.1.6279.6001.252697338970999211181671881792,Nodule 001,0.2197,0.7178,0.5751,0.0215,4,3,4,1,5,6,1,2,4
1.3.6.1.4.1.14519.5.2.1.6279.6001.252697338970999211181671881792,4805,0.2197,0.7178,0.5775,0.0215,3,4,3,1,4,6,1,1,3
1.3.6.1.4.1.14519.5.2.1.6279.6001.252697338970999211181671881792,7190,0.2197,0.7168,0.5775,0.0195,2,4,1,2,3,6,1,3,4
