uid,anno_index,coord_x,coord_y,coord_z,diameter,malscore,sphericiy,margin,spiculation,texture,calcification,internal_structure,lobulation,subtlety
1.3.6.1.4.1.14519.5.2.1.6279.6001.238522526736091851696274044574,13479,0.1826,0.5107,0.6913,0.0137,1,5,5,1,5,3,1,1,5
1.3.6.1.4.1.14519.5.2.1.6279.6001.238522526736091851696274044574,13496,0.1816,0.54,0.6749,0.0586,5,5,2,2,3,6,1,3,5
1.3.6.1.4.1.14519.5.2.1.6279.6001.238522526736091851696274044574,1508,0.1826,0.5107,0.6913,0.0137,3,4,3,2,4,6,1,3,2
