uid,anno_index,coord_x,coord_y,coord_z,diameter,malscore,sphericiy,margin,spiculation,texture,calcification,internal_structure,lobulation,subtlety
1.3.6.1.4.1.14519.5.2.1.6279.6001.979083010707182900091062408058,Nodule 003,0.1953,0.5928,0.4036,0.0293,4,4,4,1,4,6,1,1,4
1.3.6.1.4.1.14519.5.2.1.6279.6001.979083010707182900091062408058,37568,0.1963,0.5918,0.4036,0.0254,2,3,5,1,1,6,1,1,4
1.3.6.1.4.1.14519.5.2.1.6279.6001.979083010707182900091062408058,25373,0.1963,0.5928,0.4036,0.0293,4,3,3,3,3,6,1,3,4
1.3.6.1.4.1.14519.5.2.1.6279.6001.979083010707182900091062408058,0,0.1963,0.5928,0.4036,0.0254,2,3,4,1,4,6,1,2,3
