uid,anno_index,coord_x,coord_y,coord_z,diameter,malscore,sphericiy,margin,spiculation,texture,calcification,internal_structure,lobulation,subtlety
1.3.6.1.4.1.14519.5.2.1.6279.6001.419601611032172899567156073142,6264,0.8594,0.5459,0.4783,0.0137,3,3,4,1,5,6,1,1,4
1.3.6.1.4.1.14519.5.2.1.6279.6001.419601611032172899567156073142,5835,0.8584,0.5449,0.4783,0.0156,3,4,4,1,3,6,1,1,5
1.3.6.1.4.1.14519.5.2.1.6279.6001.419601611032172899567156073142,IL057_69927,0.8594,0.5469,0.4783,0.0156,3,5,4,1,5,6,1,1,2
1.3.6.1.4.1.14519.5.2.1.6279.6001.419601611032172899567156073142,Nodule 001,0.8574,0.5469,0.4764,0.0156,2,4,5,1,5,6,1,1,4
