uid,anno_index,coord_x,coord_y,coord_z,diameter,malscore,sphericiy,margin,spiculation,texture,calcification,internal_structure,lobulation,subtlety
1.3.6.1.4.1.14519.5.2.1.6279.6001.126631670596873065041988320084,Nodule 002,0.6797,0.4541,0.307,0.0273,1,3,5,1,5,6,1,1,3
1.3.6.1.4.1.14519.5.2.1.6279.6001.126631670596873065041988320084,Nodule 001,0.3008,0.5986,0.8309,0.0684,5,3,3,5,5,6,1,3,5
1.3.6.1.4.1.14519.5.2.1.6279.6001.126631670596873065041988320084,IL057_159650,0.6816,0.4541,0.3051,0.0273,2,3,5,1,5,6,1,1,3
1.3.6.1.4.1.14519.5.2.1.6279.6001.126631670596873065041988320084,IL057_159648,0.3057,0.5986,0.8254,0.0645,5,4,3,5,5,6,1,3,5
1.3.6.1.4.1.14519.5.2.1.6279.6001.126631670596873065041988320084,MI014_13717,0.3574,0.5986,0.8676,0.1562,5,3,3,3,5,6,1,5,5
1.3.6.1.4.1.14519.5.2.1.6279.6001.126631670596873065041988320084,MI014_13738,0.6816,0.4551,0.307,0.0273,3,3,5,1,5,6,1,1,3
1.3.6.1.4.1.14519.5.2.1.6279.6001.126631670596873065041988320084,0,0.3066,0.6084,0.8272,0.0527,4,3,5,3,5,6,1,1,5
1.3.6.1.4.1.14519.5.2.1.6279.6001.126631670596873065041988320084,2,0.6826,0.4541,0.307,0.0332,2,5,5,1,5,6,1,1,3
