uid,anno_index,coord_x,coord_y,coord_z,diameter,malscore,sphericiy,margin,spiculation,texture,calcification,internal_structure,lobulation,subtlety
1.3.6.1.4.1.14519.5.2.1.6279.6001.170921541362033046216100409521,2,0.4424,0.6162,0.7237,0.0176,2,3,5,1,5,6,1,1,5
1.3.6.1.4.1.14519.5.2.1.6279.6001.170921541362033046216100409521,7,0.4346,0.582,0.8133,0.0234,3,3,2,1,4,6,1,1,5
1.3.6.1.4.1.14519.5.2.1.6279.6001.170921541362033046216100409521,69184,0.4336,0.583,0.8152,0.0254,3,4,4,1,5,6,1,2,2
1.3.6.1.4.1.14519.5.2.1.6279.6001.170921541362033046216100409521,69798,0.4336,0.583,0.8152,0.0254,2,3,4,1,5,6,1,1,2
1.3.6.1.4.1.14519.5.2.1.6279.6001.170921541362033046216100409521,69805,0.4414,0.6162,0.7227,0.0156,2,2,3,1,5,6,1,2,3
1.3.6.1.4.1.14519.5.2.1.6279.6001.170921541362033046216100409521,Nodule 002,0.4414,0.6182,0.7237,0.0195,4,4,4,2,5,6,1,1,4
1.3.6.1.4.1.14519.5.2.1.6279.6001.170921541362033046216100409521,Nodule 004,0.4316,0.583,0.8152,0.0254,5,4,4,3,5,6,1,2,5
