uid,anno_index,coord_x,coord_y,coord_z,diameter,malscore,sphericiy,margin,spiculation,texture,calcification,internal_structure,lobulation,subtlety
1.3.6.1.4.1.14519.5.2.1.6279.6001.106164978370116976238911317774,0,0.4893,0.6045,0.4774,0.0254,2,5,5,1,5,6,1,1,3
1.3.6.1.4.1.14519.5.2.1.6279.6001.106164978370116976238911317774,171373,0.4902,0.6045,0.4774,0.0215,3,3,4,2,5,6,1,2,5
1.3.6.1.4.1.14519.5.2.1.6279.6001.106164978370116976238911317774,184217,0.4883,0.6084,0.4737,0.0293,4,4,5,1,5,6,1,1,3
1.3.6.1.4.1.14519.5.2.1.6279.6001.106164978370116976238911317774,Nodule 001,0.4893,0.6055,0.4737,0.0254,2,4,5,1,5,6,1,1,3
