uid,anno_index,coord_x,coord_y,coord_z,diameter,malscore,sphericiy,margin,spiculation,texture,calcification,internal_structure,lobulation,subtlety
1.3.6.1.4.1.14519.5.2.1.6279.6001.768276876111112560631432843476,77394,0.7842,0.708,0.6217,0.0332,1,3,5,1,5,3,1,2,5
1.3.6.1.4.1.14519.5.2.1.6279.6001.768276876111112560631432843476,74881,0.7832,0.707,0.6241,0.0312,1,4,5,1,5,3,1,1,5
1.3.6.1.4.1.14519.5.2.1.6279.6001.768276876111112560631432843476,10149,0.7842,0.708,0.6253,0.0293,1,3,5,1,5,3,1,1,4
1.3.6.1.4.1.14519.5.2.1.6279.6001.768276876111112560631432843476,1,0.7852,0.708,0.6241,0.0352,1,5,5,1,5,3,1,1,5
