uid,anno_index,coord_x,coord_y,coord_z,diameter,malscore,sphericiy,margin,spiculation,texture,calcification,internal_structure,lobulation,subtlety
1.3.6.1.4.1.14519.5.2.1.6279.6001.174907798609768549012640380786,Nodule 006,0.3467,0.3545,0.668,0.0371,4,3,4,1,5,6,1,2,4
1.3.6.1.4.1.14519.5.2.1.6279.6001.174907798609768549012640380786,Nodule 005,0.3789,0.2812,0.72,0.082,5,2,3,3,5,6,1,3,5
1.3.6.1.4.1.14519.5.2.1.6279.6001.174907798609768549012640380786,IL057_123131,0.3799,0.2832,0.724,0.0801,5,3,3,2,5,6,1,5,5
1.3.6.1.4.1.14519.5.2.1.6279.6001.174907798609768549012640380786,IL057_123135,0.3477,0.3545,0.672,0.0352,4,4,3,2,5,6,1,4,4
1.3.6.1.4.1.14519.5.2.1.6279.6001.174907798609768549012640380786,MI014_11941,0.3789,0.2832,0.72,0.0859,5,2,4,2,5,6,1,2,5
1.3.6.1.4.1.14519.5.2.1.6279.6001.174907798609768549012640380786,MI014_11946,0.3477,0.3555,0.672,0.0312,3,5,5,1,5,6,1,1,4
1.3.6.1.4.1.14519.5.2.1.6279.6001.174907798609768549012640380786,0,0.3467,0.3545,0.668,0.0371,2,5,5,1,5,6,1,1,3
1.3.6.1.4.1.14519.5.2.1.6279.6001.174907798609768549012640380786,9,0.375,0.2832,0.736,0.0781,4,5,4,5,4,6,1,1,5
