uid,anno_index,coord_x,coord_y,coord_z,diameter,malscore,sphericiy,margin,spiculation,texture,calcification,internal_structure,lobulation,subtlety
1.3.6.1.4.1.14519.5.2.1.6279.6001.258220324170977900491673635112,Nodule 003,0.7217,0.749,0.2624,0.0723,5,3,4,2,5,6,1,3,5
1.3.6.1.4.1.14519.5.2.1.6279.6001.258220324170977900491673635112,Nodule 006,0.8271,0.5068,0.6022,0.0176,3,3,5,1,5,6,1,1,3
1.3.6.1.4.1.14519.5.2.1.6279.6001.258220324170977900491673635112,33953,0.8291,0.5049,0.6032,0.0176,3,4,4,1,5,6,1,2,2
1.3.6.1.4.1.14519.5.2.1.6279.6001.258220324170977900491673635112,33922,0.7217,0.7539,0.2613,0.0586,1,4,5,3,5,3,1,1,5
1.3.6.1.4.1.14519.5.2.1.6279.6001.258220324170977900491673635112,50342,0.8291,0.5049,0.6032,0.0176,3,4,4,1,5,6,1,1,4
1.3.6.1.4.1.14519.5.2.1.6279.6001.258220324170977900491673635112,50335,0.7236,0.751,0.2624,0.0645,1,4,3,1,5,5,1,3,5
1.3.6.1.4.1.14519.5.2.1.6279.6001.258220324170977900491673635112,5,0.8291,0.5039,0.6032,0.0156,2,4,5,1,5,6,1,1,3
1.3.6.1.4.1.14519.5.2.1.6279.6001.258220324170977900491673635112,6,0.7217,0.7568,0.2613,0.0527,4,4,4,2,5,6,1,4,5
