uid,anno_index,coord_x,coord_y,coord_z,diameter,malscore,sphericiy,margin,spiculation,texture,calcification,internal_structure,lobulation,subtlety
1.3.6.1.4.1.14519.5.2.1.6279.6001.124154461048929153767743874565,Nodule 001,0.8945,0.4463,0.2103,0.0215,3,4,5,1,5,6,1,1,4
1.3.6.1.4.1.14519.5.2.1.6279.6001.124154461048929153767743874565,14909,0.8955,0.4473,0.2077,0.0195,3,4,5,1,5,6,1,3,4
1.3.6.1.4.1.14519.5.2.1.6279.6001.124154461048929153767743874565,2109,0.8945,0.4473,0.2077,0.0234,3,4,5,1,5,6,1,1,5
1.3.6.1.4.1.14519.5.2.1.6279.6001.124154461048929153767743874565,0,0.9092,0.4531,0.2051,0.0488,2,3,4,1,5,6,1,1,5
