uid,anno_index,coord_x,coord_y,coord_z,diameter,malscore,sphericiy,margin,spiculation,texture,calcification,internal_structure,lobulation,subtlety
1.3.6.1.4.1.14519.5.2.1.6279.6001.130765375502800983459674173881,Nodule 001,0.1514,0.5195,0.3125,0.0215,3,4,4,1,5,6,1,2,4
1.3.6.1.4.1.14519.5.2.1.6279.6001.130765375502800983459674173881,Nodule 002,0.834,0.5361,0.3542,0.0195,3,4,5,1,5,6,1,1,4
1.3.6.1.4.1.14519.5.2.1.6279.6001.130765375502800983459674173881,3843,0.1533,0.5186,0.3125,0.0176,3,3,3,1,1,6,2,1,5
1.3.6.1.4.1.14519.5.2.1.6279.6001.130765375502800983459674173881,3841,0.834,0.5361,0.3542,0.0137,3,4,3,1,3,6,2,1,4
1.3.6.1.4.1.14519.5.2.1.6279.6001.130765375502800983459674173881,52429,0.834,0.5361,0.3542,0.0176,2,5,5,1,5,6,1,1,3
1.3.6.1.4.1.14519.5.2.1.6279.6001.130765375502800983459674173881,52425,0.1514,0.5186,0.3125,0.0176,2,3,5,1,5,6,1,1,3
1.3.6.1.4.1.14519.5.2.1.6279.6001.130765375502800983459674173881,9873,0.834,0.5371,0.3542,0.0195,1,3,3,1,5,6,1,1,3
1.3.6.1.4.1.14519.5.2.1.6279.6001.130765375502800983459674173881,9878,0.1523,0.5195,0.3125,0.0234,1,2,3,1,5,6,1,1,3
