uid,anno_index,coord_x,coord_y,coord_z,diameter,malscore,sphericiy,margin,spiculation,texture,calcification,internal_structure,lobulation,subtlety
1.3.6.1.4.1.14519.5.2.1.6279.6001.944888107209008719031293531091,174067,0.6016,0.3418,0.6573,0.0273,3,5,4,2,5,4,1,1,5
1.3.6.1.4.1.14519.5.2.1.6279.6001.944888107209008719031293531091,1,0.6016,0.3428,0.6573,0.0234,2,4,5,1,5,6,1,1,5
1.3.6.1.4.1.14519.5.2.1.6279.6001.944888107209008719031293531091,172317,0.6016,0.3418,0.6573,0.0234,1,5,5,1,5,1,1,1,5
1.3.6.1.4.1.14519.5.2.1.6279.6001.944888107209008719031293531091,Nodule 001,0.6006,0.3408,0.6573,0.0254,4,4,4,1,5,6,1,2,4
