uid,anno_index,coord_x,coord_y,coord_z,diameter,malscore,sphericiy,margin,spiculation,texture,calcification,internal_structure,lobulation,subtlety
1.3.6.1.4.1.14519.5.2.1.6279.6001.323899724653546164058849558431,141143,0.7646,0.7393,0.4347,0.0176,2,5,4,1,5,4,1,2,5
1.3.6.1.4.1.14519.5.2.1.6279.6001.323899724653546164058849558431,141140,0.7588,0.7363,0.373,0.0234,3,4,3,2,5,6,1,2,5
1.3.6.1.4.1.14519.5.2.1.6279.6001.323899724653546164058849558431,0,0.7578,0.7363,0.3706,0.0352,2,5,5,1,5,6,1,1,3
1.3.6.1.4.1.14519.5.2.1.6279.6001.323899724653546164058849558431,166845,0.7637,0.7383,0.3648,0.0312,3,4,4,1,5,6,1,2,3
1.3.6.1.4.1.14519.5.2.1.6279.6001.323899724653546164058849558431,166846,0.7637,0.7383,0.4359,0.0195,2,5,5,1,5,6,1,1,2
1.3.6.1.4.1.14519.5.2.1.6279.6001.323899724653546164058849558431,Nodule 001,0.7588,0.7383,0.3695,0.0234,4,3,4,1,5,6,1,1,4
1.3.6.1.4.1.14519.5.2.1.6279.6001.323899724653546164058849558431,Nodule 002,0.7627,0.7383,0.4359,0.0176,4,3,5,1,5,6,1,1,4
