uid,anno_index,coord_x,coord_y,coord_z,diameter,malscore,sphericiy,margin,spiculation,texture,calcification,internal_structure,lobulation,subtlety
1.3.6.1.4.1.14519.5.2.1.6279.6001.292994770358625142596171316474,3378,0.8203,0.5068,0.3759,0.0156,3,4,3,2,5,6,1,2,3
1.3.6.1.4.1.14519.5.2.1.6279.6001.292994770358625142596171316474,Nodule 002,0.8203,0.5078,0.3741,0.0195,3,4,4,1,5,6,1,1,4
1.3.6.1.4.1.14519.5.2.1.6279.6001.292994770358625142596171316474,IL057_156626,0.8203,0.5078,0.3759,0.0234,3,3,4,1,5,6,1,1,3
1.3.6.1.4.1.14519.5.2.1.6279.6001.292994770358625142596171316474,61634,0.8213,0.5068,0.3741,0.0215,3,3,4,2,5,6,1,3,5
