uid,anno_index,coord_x,coord_y,coord_z,diameter,malscore,sphericiy,margin,spiculation,texture,calcification,internal_structure,lobulation,subtlety
1.3.6.1.4.1.14519.5.2.1.6279.6001.317087518531899043292346860596,Nodule 004,0.25,0.3428,0.4578,0.0488,5,2,3,3,3,6,1,3,4
1.3.6.1.4.1.14519.5.2.1.6279.6001.317087518531899043292346860596,9719,0.248,0.3447,0.4515,0.0508,5,4,1,2,3,6,1,2,3
1.3.6.1.4.1.14519.5.2.1.6279.6001.317087518531899043292346860596,20924,0.2529,0.3447,0.4536,0.0449,5,3,3,2,3,6,1,4,5
1.3.6.1.4.1.14519.5.2.1.6279.6001.317087518531899043292346860596,0,0.25,0.3428,0.4578,0.041,3,5,3,1,2,6,1,5,5
