uid,anno_index,coord_x,coord_y,coord_z,diameter,malscore,sphericiy,margin,spiculation,texture,calcification,internal_structure,lobulation,subtlety
1.3.6.1.4.1.14519.5.2.1.6279.6001.282779922503707013097174625409,Nodule 002,0.8057,0.2539,0.4025,0.0215,2,5,5,1,5,6,1,1,4
1.3.6.1.4.1.14519.5.2.1.6279.6001.282779922503707013097174625409,Nodule 001,0.834,0.6104,0.6059,0.0254,3,4,5,1,5,6,1,1,5
1.3.6.1.4.1.14519.5.2.1.6279.6001.282779922503707013097174625409,0,0.8057,0.2559,0.4015,0.0195,3,5,1,1,5,6,1,5,3
1.3.6.1.4.1.14519.5.2.1.6279.6001.282779922503707013097174625409,3,0.834,0.6104,0.6059,0.0215,2,5,5,1,5,6,1,3,5
1.3.6.1.4.1.14519.5.2.1.6279.6001.282779922503707013097174625409,14787,0.834,0.6104,0.6059,0.0254,1,4,5,1,5,6,1,1,3
1.3.6.1.4.1.14519.5.2.1.6279.6001.282779922503707013097174625409,14783,0.8057,0.2539,0.4015,0.0195,2,4,3,1,5,6,1,1,3
1.3.6.1.4.1.14519.5.2.1.6279.6001.282779922503707013097174625409,7261,0.8057,0.2559,0.4015,0.0195,1,4,3,1,3,6,1,1,2
