uid,anno_index,coord_x,coord_y,coord_z,diameter,malscore,sphericiy,margin,spiculation,texture,calcification,internal_structure,lobulation,subtlety
1.3.6.1.4.1.14519.5.2.1.6279.6001.115386642382564804180764325545,8,0.7686,0.6523,0.3449,0.0547,2,5,5,1,5,6,1,1,3
1.3.6.1.4.1.14519.5.2.1.6279.6001.115386642382564804180764325545,142116,0.7637,0.6475,0.3467,0.0527,2,4,4,3,5,6,1,3,5
1.3.6.1.4.1.14519.5.2.1.6279.6001.115386642382564804180764325545,159539,0.7695,0.6514,0.3385,0.0488,3,4,5,1,5,6,1,2,4
1.3.6.1.4.1.14519.5.2.1.6279.6001.115386642382564804180764325545,Nodule 007,0.7676,0.6523,0.344,0.0469,5,3,3,2,5,6,1,2,5
