uid,anno_index,coord_x,coord_y,coord_z,diameter,malscore,sphericiy,margin,spiculation,texture,calcification,internal_structure,lobulation,subtlety
1.3.6.1.4.1.14519.5.2.1.6279.6001.111172165674661221381920536987,Nodule 001,0.834,0.6865,0.3476,0.0215,4,4,4,1,4,6,1,2,5
1.3.6.1.4.1.14519.5.2.1.6279.6001.111172165674661221381920536987,33762,0.835,0.6875,0.3485,0.0156,3,5,5,1,5,6,1,1,3
1.3.6.1.4.1.14519.5.2.1.6279.6001.111172165674661221381920536987,59871,0.8359,0.6895,0.3467,0.0156,2,3,1,1,5,6,1,1,2
