uid,anno_index,coord_x,coord_y,coord_z,diameter,malscore,sphericiy,margin,spiculation,texture,calcification,internal_structure,lobulation,subtlety
1.3.6.1.4.1.14519.5.2.1.6279.6001.100225287222365663678666836860,Nodule 001,0.0859,0.4121,0.4021,0.0195,4,4,5,1,5,6,1,1,5
1.3.6.1.4.1.14519.5.2.1.6279.6001.100225287222365663678666836860,Nodule 003,0.792,0.3018,0.6057,0.0137,3,5,5,1,5,6,1,1,4
1.3.6.1.4.1.14519.5.2.1.6279.6001.100225287222365663678666836860,22134,0.793,0.3027,0.6057,0.0156,1,5,3,2,5,6,1,2,2
1.3.6.1.4.1.14519.5.2.1.6279.6001.100225287222365663678666836860,22127,0.0898,0.4131,0.4021,0.0195,2,4,4,1,5,6,1,1,3
1.3.6.1.4.1.14519.5.2.1.6279.6001.100225287222365663678666836860,2148,0.792,0.3027,0.6057,0.0176,3,4,5,1,4,6,1,1,5
1.3.6.1.4.1.14519.5.2.1.6279.6001.100225287222365663678666836860,2141,0.0889,0.4141,0.3995,0.0195,4,5,5,1,5,6,1,1,5
1.3.6.1.4.1.14519.5.2.1.6279.6001.100225287222365663678666836860,0,0.0889,0.4131,0.4021,0.0176,2,3,4,1,5,6,1,1,3
