uid,anno_index,coord_x,coord_y,coord_z,diameter,malscore,sphericiy,margin,spiculation,texture,calcification,internal_structure,lobulation,subtlety
1.3.6.1.4.1.14519.5.2.1.6279.6001.584871944187559733312703328980,IL057_156562,0.7412,0.7002,0.7447,0.0215,4,5,1,1,1,6,1,1,3
1.3.6.1.4.1.14519.5.2.1.6279.6001.584871944187559733312703328980,40399,0.7441,0.7012,0.7468,0.0195,3,5,3,2,1,6,1,1,5
1.3.6.1.4.1.14519.5.2.1.6279.6001.584871944187559733312703328980,8869,0.7432,0.7012,0.7489,0.0215,3,4,1,1,1,6,1,1,1
1.3.6.1.4.1.14519.5.2.1.6279.6001.584871944187559733312703328980,Nodule 001,0.7432,0.7002,0.7489,0.0215,4,4,4,1,5,6,1,2,4
