uid,anno_index,coord_x,coord_y,coord_z,diameter,malscore,sphericiy,margin,spiculation,texture,calcification,internal_structure,lobulation,subtlety
1.3.6.1.4.1.14519.5.2.1.6279.6001.232071262560365924176679652948,13102,0.2676,0.6689,0.5798,0.0527,4,4,2,1,3,6,1,1,3
1.3.6.1.4.1.14519.5.2.1.6279.6001.232071262560365924176679652948,Nodule 002,0.2666,0.6582,0.5589,0.0449,4,3,4,2,4,6,1,2,4
1.3.6.1.4.1.14519.5.2.1.6279.6001.232071262560365924176679652948,Nodule 001,0.2715,0.6768,0.6008,0.041,4,2,5,2,4,6,1,2,4
1.3.6.1.4.1.14519.5.2.1.6279.6001.232071262560365924176679652948,3081,0.2686,0.6689,0.576,0.041,3,3,2,1,1,6,1,3,5
1.3.6.1.4.1.14519.5.2.1.6279.6001.232071262560365924176679652948,0,0.2695,0.6699,0.5798,0.0508,2,3,3,1,1,6,1,2,3
