uid,anno_index,coord_x,coord_y,coord_z,diameter,malscore,sphericiy,margin,spiculation,texture,calcification,internal_structure,lobulation,subtlety
1.3.6.1.4.1.14519.5.2.1.6279.6001.199171741859530285887752432478,74044,0.2725,0.6484,0.481,0.0195,3,4,4,2,5,6,1,2,5
1.3.6.1.4.1.14519.5.2.1.6279.6001.199171741859530285887752432478,74042,0.6895,0.5879,0.4759,0.0156,3,4,4,2,5,6,1,2,5
1.3.6.1.4.1.14519.5.2.1.6279.6001.199171741859530285887752432478,Nodule 002,0.6885,0.5898,0.4759,0.0176,2,4,5,1,5,6,1,1,4
1.3.6.1.4.1.14519.5.2.1.6279.6001.199171741859530285887752432478,Nodule 001,0.2695,0.6475,0.4828,0.0156,2,4,5,1,5,6,1,1,4
1.3.6.1.4.1.14519.5.2.1.6279.6001.199171741859530285887752432478,15343,0.6895,0.5879,0.4741,0.0117,3,3,5,1,4,6,1,1,4
1.3.6.1.4.1.14519.5.2.1.6279.6001.199171741859530285887752432478,0,0.2725,0.6484,0.481,0.0156,3,5,4,1,5,6,1,1,5
1.3.6.1.4.1.14519.5.2.1.6279.6001.199171741859530285887752432478,2,0.6895,0.5879,0.4759,0.0156,2,5,5,1,5,6,1,1,5
