uid,anno_index,coord_x,coord_y,coord_z,diameter,malscore,sphericiy,margin,spiculation,texture,calcification,internal_structure,lobulation,subtlety
1.3.6.1.4.1.14519.5.2.1.6279.6001.244590453955380448651329424024,57593,0.3262,0.5781,0.4751,0.0195,1,3,4,1,5,3,1,1,1
1.3.6.1.4.1.14519.5.2.1.6279.6001.244590453955380448651329424024,39434,0.3252,0.5781,0.4751,0.0254,1,4,5,1,5,3,1,2,4
1.3.6.1.4.1.14519.5.2.1.6279.6001.244590453955380448651329424024,10081,0.3252,0.5791,0.4762,0.0215,1,5,5,1,5,3,1,1,3
1.3.6.1.4.1.14519.5.2.1.6279.6001.244590453955380448651329424024,1,0.3252,0.5771,0.4751,0.0215,1,5,5,1,5,3,1,1,5
