uid,anno_index,coord_x,coord_y,coord_z,diameter,malscore,sphericiy,margin,spiculation,texture,calcification,internal_structure,lobulation,subtlety
1.3.6.1.4.1.14519.5.2.1.6279.6001.416701701108520592702405866796,Nodule 001,0.585,0.625,0.7563,0.0176,4,3,5,1,5,6,1,1,4
1.3.6.1.4.1.14519.5.2.1.6279.6001.416701701108520592702405866796,IL057_122791,0.5859,0.624,0.7563,0.0293,3,3,4,2,5,6,1,2,2
1.3.6.1.4.1.14519.5.2.1.6279.6001.416701701108520592702405866796,MI014_17415,0.5859,0.626,0.7563,0.0215,4,3,4,2,5,6,1,3,5
1.3.6.1.4.1.14519.5.2.1.6279.6001.416701701108520592702405866796,0,0.5869,0.626,0.7563,0.0215,2,4,5,1,5,6,1,3,5
