uid,anno_index,coord_x,coord_y,coord_z,diameter,malscore,sphericiy,margin,spiculation,texture,calcification,internal_structure,lobulation,subtlety
1.3.6.1.4.1.14519.5.2.1.6279.6001.935683764293840351008008793409,1,0.7217,0.7236,0.4979,0.0371,3,5,4,3,5,6,1,3,5
1.3.6.1.4.1.14519.5.2.1.6279.6001.935683764293840351008008793409,2,0.2881,0.7002,0.5399,0.0215,2,4,5,2,5,6,1,2,5
1.3.6.1.4.1.14519.5.2.1.6279.6001.935683764293840351008008793409,209783,0.7227,0.7236,0.4979,0.0312,5,5,4,3,5,6,1,4,4
1.3.6.1.4.1.14519.5.2.1.6279.6001.935683764293840351008008793409,209803,0.2891,0.7012,0.5441,0.0195,3,5,5,2,5,6,1,2,3
1.3.6.1.4.1.14519.5.2.1.6279.6001.935683764293840351008008793409,212465,0.2881,0.7012,0.542,0.0234,3,3,4,3,5,6,1,1,4
1.3.6.1.4.1.14519.5.2.1.6279.6001.935683764293840351008008793409,212463,0.7227,0.7236,0.5,0.0312,4,4,4,1,5,6,1,4,5
1.3.6.1.4.1.14519.5.2.1.6279.6001.935683764293840351008008793409,Nodule 001,0.7217,0.7236,0.4979,0.0332,4,4,4,1,5,6,1,2,4
1.3.6.1.4.1.14519.5.2.1.6279.6001.935683764293840351008008793409,Nodule 002,0.2881,0.7002,0.542,0.0215,2,5,5,1,5,6,1,1,3
