uid,anno_index,coord_x,coord_y,coord_z,diameter,malscore,sphericiy,margin,spiculation,texture,calcification,internal_structure,lobulation,subtlety
1.3.6.1.4.1.14519.5.2.1.6279.6001.219254430927834326484477690403,Nodule 003,0.8701,0.5293,0.3102,0.0215,4,3,5,1,5,6,1,1,4
1.3.6.1.4.1.14519.5.2.1.6279.6001.219254430927834326484477690403,Nodule 002,0.1768,0.5645,0.3877,0.0195,3,4,5,1,5,6,1,1,3
1.3.6.1.4.1.14519.5.2.1.6279.6001.219254430927834326484477690403,68423,0.8701,0.5293,0.3102,0.0195,3,5,5,1,5,6,1,1,2
1.3.6.1.4.1.14519.5.2.1.6279.6001.219254430927834326484477690403,MI014_14474,0.1787,0.5645,0.3877,0.0156,3,4,2,1,3,6,1,1,5
1.3.6.1.4.1.14519.5.2.1.6279.6001.219254430927834326484477690403,0,0.8701,0.5293,0.3075,0.0195,2,5,5,1,5,6,1,1,3
1.3.6.1.4.1.14519.5.2.1.6279.6001.219254430927834326484477690403,1,0.1768,0.5654,0.3877,0.0176,2,5,5,1,5,6,1,1,3
