uid,anno_index,coord_x,coord_y,coord_z,diameter,malscore,sphericiy,margin,spiculation,texture,calcification,internal_structure,lobulation,subtlety
1.3.6.1.4.1.14519.5.2.1.6279.6001.675543413149938600000570588203,Nodule 002,0.1729,0.2412,0.3522,0.0215,4,3,4,1,5,6,1,1,4
1.3.6.1.4.1.14519.5.2.1.6279.6001.675543413149938600000570588203,Nodule 003,0.8213,0.6045,0.4167,0.1309,5,2,3,3,5,6,1,2,5
1.3.6.1.4.1.14519.5.2.1.6279.6001.675543413149938600000570588203,IL057_85805,0.1748,0.2412,0.3522,0.0176,2,3,4,1,5,6,1,1,2
1.3.6.1.4.1.14519.5.2.1.6279.6001.675543413149938600000570588203,IL057_85802,0.8096,0.5967,0.414,0.1191,5,4,4,4,5,6,1,3,5
1.3.6.1.4.1.14519.5.2.1.6279.6001.675543413149938600000570588203,MI014_16865,0.8125,0.5957,0.414,0.1445,5,4,4,2,5,6,1,5,5
1.3.6.1.4.1.14519.5.2.1.6279.6001.675543413149938600000570588203,MI014_18185,0.1738,0.2412,0.3548,0.0195,1,3,2,1,4,6,1,2,3
1.3.6.1.4.1.14519.5.2.1.6279.6001.675543413149938600000570588203,0,0.1738,0.2402,0.3522,0.0156,2,5,5,1,5,6,1,1,3
