uid,anno_index,coord_x,coord_y,coord_z,diameter,malscore,sphericiy,margin,spiculation,texture,calcification,internal_structure,lobulation,subtlety
1.3.6.1.4.1.14519.5.2.1.6279.6001.200725988589959521302320481687,Nodule 002,0.6982,0.6963,0.4439,0.0254,5,3,4,2,5,6,1,2,5
1.3.6.1.4.1.14519.5.2.1.6279.6001.200725988589959521302320481687,Nodule 001,0.6387,0.5957,0.8182,0.0312,4,4,5,1,5,6,1,1,5
1.3.6.1.4.1.14519.5.2.1.6279.6001.200725988589959521302320481687,44874,0.6416,0.5957,0.8209,0.0293,4,4,4,1,5,6,1,2,3
1.3.6.1.4.1.14519.5.2.1.6279.6001.200725988589959521302320481687,44871,0.6992,0.6973,0.4439,0.0234,1,5,5,1,5,3,1,1,5
1.3.6.1.4.1.14519.5.2.1.6279.6001.200725988589959521302320481687,MI014_13982,0.6416,0.5957,0.8209,0.0273,3,4,4,2,4,6,1,2,3
1.3.6.1.4.1.14519.5.2.1.6279.6001.200725988589959521302320481687,MI014_13985,0.6992,0.6963,0.4439,0.0254,1,5,5,1,5,3,1,1,4
1.3.6.1.4.1.14519.5.2.1.6279.6001.200725988589959521302320481687,0,0.6992,0.6963,0.4439,0.0215,1,5,5,1,5,3,1,1,5
1.3.6.1.4.1.14519.5.2.1.6279.6001.200725988589959521302320481687,1,0.6406,0.5947,0.8182,0.0293,2,4,5,1,5,6,1,2,5
