uid,anno_index,coord_x,coord_y,coord_z,diameter,malscore,sphericiy,margin,spiculation,texture,calcification,internal_structure,lobulation,subtlety
1.3.6.1.4.1.14519.5.2.1.6279.6001.134519406153127654901640638633,Nodule 008,0.2129,0.376,0.4176,0.0469,4,3,4,2,5,6,1,2,5
1.3.6.1.4.1.14519.5.2.1.6279.6001.134519406153127654901640638633,Nodule 004,0.4219,0.6035,0.8851,0.0352,2,2,4,1,5,6,1,2,4
1.3.6.1.4.1.14519.5.2.1.6279.6001.134519406153127654901640638633,IL057_167441,0.2148,0.376,0.4176,0.0469,1,4,5,1,5,3,1,3,5
1.3.6.1.4.1.14519.5.2.1.6279.6001.134519406153127654901640638633,IL057_167443,0.4229,0.6055,0.8851,0.0352,3,4,4,1,5,6,1,1,4
1.3.6.1.4.1.14519.5.2.1.6279.6001.134519406153127654901640638633,MI014_17743,0.2148,0.375,0.4176,0.0469,1,3,5,4,5,3,1,1,5
1.3.6.1.4.1.14519.5.2.1.6279.6001.134519406153127654901640638633,MI014_17787,0.4229,0.6055,0.8851,0.0352,3,2,3,2,5,6,1,1,2
1.3.6.1.4.1.14519.5.2.1.6279.6001.134519406153127654901640638633,0,0.2168,0.377,0.4176,0.0508,1,5,5,1,5,3,1,1,5
1.3.6.1.4.1.14519.5.2.1.6279.6001.134519406153127654901640638633,11,0.4219,0.6035,0.887,0.0312,1,5,5,1,5,3,1,1,5
