uid,anno_index,coord_x,coord_y,coord_z,diameter,malscore,sphericiy,margin,spiculation,texture,calcification,internal_structure,lobulation,subtlety
1.3.6.1.4.1.14519.5.2.1.6279.6001.202643836890896697853521610450,Nodule 001,0.2422,0.5322,0.6494,0.041,5,2,4,5,5,6,1,2,5
1.3.6.1.4.1.14519.5.2.1.6279.6001.202643836890896697853521610450,21967,0.2471,0.5312,0.6494,0.0449,5,3,3,3,4,6,1,2,4
1.3.6.1.4.1.14519.5.2.1.6279.6001.202643836890896697853521610450,2069,0.2451,0.5322,0.6494,0.0488,5,3,5,2,4,6,1,5,5
1.3.6.1.4.1.14519.5.2.1.6279.6001.202643836890896697853521610450,0,0.2461,0.5322,0.6494,0.041,4,3,4,2,3,6,1,2,5
