uid,anno_index,coord_x,coord_y,coord_z,diameter,malscore,sphericiy,margin,spiculation,texture,calcification,internal_structure,lobulation,subtlety
1.3.6.1.4.1.14519.5.2.1.6279.6001.220596530836092324070084384692,5056,0.3008,0.6865,0.659,0.1094,3,3,3,2,3,6,1,3,5
1.3.6.1.4.1.14519.5.2.1.6279.6001.220596530836092324070084384692,Nodule 001,0.2988,0.6934,0.6604,0.1211,5,2,3,2,4,6,1,3,5
1.3.6.1.4.1.14519.5.2.1.6279.6001.220596530836092324070084384692,1746,0.3008,0.6865,0.659,0.1094,4,4,4,3,4,6,1,2,5
1.3.6.1.4.1.14519.5.2.1.6279.6001.220596530836092324070084384692,6,0.2979,0.6953,0.6577,0.1113,4,3,2,3,3,6,1,3,5
