uid,anno_index,coord_x,coord_y,coord_z,diameter,malscore,sphericiy,margin,spiculation,texture,calcification,internal_structure,lobulation,subtlety
1.3.6.1.4.1.14519.5.2.1.6279.6001.211051626197585058967163339846,Nodule 001,0.6094,0.4014,0.5943,0.0742,5,4,5,1,5,6,1,2,5
1.3.6.1.4.1.14519.5.2.1.6279.6001.211051626197585058967163339846,13514,0.6113,0.4014,0.5914,0.0742,5,4,5,1,5,6,1,3,5
1.3.6.1.4.1.14519.5.2.1.6279.6001.211051626197585058967163339846,1540,0.6123,0.4043,0.5943,0.0762,4,4,3,4,4,6,1,2,5
1.3.6.1.4.1.14519.5.2.1.6279.6001.211051626197585058967163339846,0,0.6113,0.4014,0.5943,0.0742,2,5,5,1,5,2,1,5,5
