uid,anno_index,coord_x,coord_y,coord_z,diameter,malscore,sphericiy,margin,spiculation,texture,calcification,internal_structure,lobulation,subtlety
1.3.6.1.4.1.14519.5.2.1.6279.6001.454273545863197752384437758130,Nodule 002,0.7031,0.415,0.708,0.0195,2,4,5,1,5,6,1,1,4
1.3.6.1.4.1.14519.5.2.1.6279.6001.454273545863197752384437758130,IL057_168314,0.7041,0.415,0.708,0.0176,3,5,5,1,5,6,1,1,4
1.3.6.1.4.1.14519.5.2.1.6279.6001.454273545863197752384437758130,MI014_13909,0.7041,0.415,0.708,0.0137,3,3,5,1,5,6,1,2,3
1.3.6.1.4.1.14519.5.2.1.6279.6001.454273545863197752384437758130,1,0.7041,0.415,0.708,0.0137,1,4,3,1,5,6,1,3,3
