uid,anno_index,coord_x,coord_y,coord_z,diameter,malscore,sphericiy,margin,spiculation,texture,calcification,internal_structure,lobulation,subtlety
1.3.6.1.4.1.14519.5.2.1.6279.6001.230491296081537726468075344411,2,0.7188,0.6348,0.6654,0.0352,2,5,5,1,5,6,1,1,3
1.3.6.1.4.1.14519.5.2.1.6279.6001.230491296081537726468075344411,3,0.71,0.6865,0.6466,0.041,2,5,5,1,5,6,1,1,3
1.3.6.1.4.1.14519.5.2.1.6279.6001.230491296081537726468075344411,163602,0.7188,0.6338,0.6654,0.0312,4,4,5,3,5,6,1,1,5
1.3.6.1.4.1.14519.5.2.1.6279.6001.230491296081537726468075344411,163607,0.71,0.6865,0.6466,0.0371,4,3,5,4,4,6,1,1,5
1.3.6.1.4.1.14519.5.2.1.6279.6001.230491296081537726468075344411,168041,0.7148,0.6348,0.6654,0.0352,5,5,5,1,5,6,1,1,5
1.3.6.1.4.1.14519.5.2.1.6279.6001.230491296081537726468075344411,168044,0.71,0.6855,0.6466,0.0332,5,5,4,1,5,6,1,3,5
1.3.6.1.4.1.14519.5.2.1.6279.6001.230491296081537726468075344411,Nodule 001,0.7129,0.6875,0.6466,0.0312,4,3,4,2,5,6,1,2,4
1.3.6.1.4.1.14519.5.2.1.6279.6001.230491296081537726468075344411,Nodule 002,0.7168,0.6328,0.6654,0.0352,5,3,4,3,5,6,1,2,4
