uid,anno_index,coord_x,coord_y,coord_z,diameter,malscore,sphericiy,margin,spiculation,texture,calcification,internal_structure,lobulation,subtlety
1.3.6.1.4.1.14519.5.2.1.6279.6001.226889213794065160713547677129,3,0.6719,0.7754,0.295,0.0156,1,5,5,1,5,3,1,1,5
1.3.6.1.4.1.14519.5.2.1.6279.6001.226889213794065160713547677129,115479,0.6729,0.7754,0.2986,0.0137,1,3,5,1,5,3,1,1,5
1.3.6.1.4.1.14519.5.2.1.6279.6001.226889213794065160713547677129,135217,0.6729,0.7754,0.2986,0.0137,1,5,5,1,5,3,1,1,5
1.3.6.1.4.1.14519.5.2.1.6279.6001.226889213794065160713547677129,Nodule 001,0.6709,0.7754,0.2986,0.0176,1,4,5,1,5,3,1,1,4
