uid,anno_index,coord_x,coord_y,coord_z,diameter,malscore,sphericiy,margin,spiculation,texture,calcification,internal_structure,lobulation,subtlety
1.3.6.1.4.1.14519.5.2.1.6279.6001.877026508860018521147620598474,54850,0.332,0.5615,0.7304,0.041,5,4,4,1,5,6,1,3,4
1.3.6.1.4.1.14519.5.2.1.6279.6001.877026508860018521147620598474,Nodule 003,0.332,0.5615,0.7268,0.041,5,3,4,1,5,6,1,2,4
1.3.6.1.4.1.14519.5.2.1.6279.6001.877026508860018521147620598474,13385,0.334,0.5615,0.7268,0.0332,4,5,5,1,4,6,1,1,5
1.3.6.1.4.1.14519.5.2.1.6279.6001.877026508860018521147620598474,3,0.332,0.5615,0.7304,0.0371,2,5,5,1,5,6,1,1,5
