uid,anno_index,coord_x,coord_y,coord_z,diameter,malscore,sphericiy,margin,spiculation,texture,calcification,internal_structure,lobulation,subtlety
1.3.6.1.4.1.14519.5.2.1.6279.6001.110678335949765929063942738609,59325,0.3682,0.5898,0.6485,0.0859,5,4,2,3,5,6,1,5,5
1.3.6.1.4.1.14519.5.2.1.6279.6001.110678335949765929063942738609,39625,0.3652,0.5791,0.6469,0.0762,5,3,2,5,5,6,1,5,4
1.3.6.1.4.1.14519.5.2.1.6279.6001.110678335949765929063942738609,9608,0.3711,0.582,0.6469,0.0859,5,2,3,5,5,6,1,4,5
1.3.6.1.4.1.14519.5.2.1.6279.6001.110678335949765929063942738609,0,0.3682,0.5801,0.6469,0.082,4,3,1,5,5,6,1,4,5
