uid,anno_index,coord_x,coord_y,coord_z,diameter,malscore,sphericiy,margin,spiculation,texture,calcification,internal_structure,lobulation,subtlety
1.3.6.1.4.1.14519.5.2.1.6279.6001.179049373636438705059720603192,Nodule 001,0.6191,0.7119,0.6729,0.0957,5,3,3,4,5,6,1,3,5
1.3.6.1.4.1.14519.5.2.1.6279.6001.179049373636438705059720603192,IL057_127364,0.623,0.7119,0.6767,0.084,5,4,4,5,5,6,1,5,5
1.3.6.1.4.1.14519.5.2.1.6279.6001.179049373636438705059720603192,MI014_12127,0.6191,0.7139,0.6729,0.0879,5,3,2,3,5,6,1,3,5
1.3.6.1.4.1.14519.5.2.1.6279.6001.179049373636438705059720603192,0,0.6191,0.7139,0.6767,0.0996,4,5,4,5,4,6,1,1,5
