uid,anno_index,coord_x,coord_y,coord_z,diameter,malscore,sphericiy,margin,spiculation,texture,calcification,internal_structure,lobulation,subtlety
1.3.6.1.4.1.14519.5.2.1.6279.6001.105495028985881418176186711228,Nodule 001,0.2422,0.5488,0.4136,0.0273,5,4,4,1,4,6,1,1,4
1.3.6.1.4.1.14519.5.2.1.6279.6001.105495028985881418176186711228,IL057_167386,0.2422,0.5469,0.4136,0.0352,3,4,3,1,5,6,1,2,4
1.3.6.1.4.1.14519.5.2.1.6279.6001.105495028985881418176186711228,MI014_17687,0.2432,0.5518,0.4136,0.0293,3,5,2,3,5,6,1,2,4
1.3.6.1.4.1.14519.5.2.1.6279.6001.105495028985881418176186711228,5,0.2461,0.5537,0.4136,0.0391,3,5,5,1,5,6,1,4,5
