uid,anno_index,coord_x,coord_y,coord_z,diameter,malscore,sphericiy,margin,spiculation,texture,calcification,internal_structure,lobulation,subtlety
1.3.6.1.4.1.14519.5.2.1.6279.6001.282512043257574309474415322775,IL057_196285,0.7051,0.3223,0.606,0.0625,5,4,5,1,5,6,1,1,5
1.3.6.1.4.1.14519.5.2.1.6279.6001.282512043257574309474415322775,Nodule 001,0.7051,0.3213,0.606,0.0605,4,4,5,1,5,6,1,1,5
1.3.6.1.4.1.14519.5.2.1.6279.6001.282512043257574309474415322775,5338,0.7061,0.333,0.606,0.084,5,4,5,1,5,6,1,1,5
1.3.6.1.4.1.14519.5.2.1.6279.6001.282512043257574309474415322775,03419,0.7061,0.3232,0.606,0.0605,3,3,4,1,5,6,1,2,5
