uid,anno_index,coord_x,coord_y,coord_z,diameter,malscore,sphericiy,margin,spiculation,texture,calcification,internal_structure,lobulation,subtlety
1.3.6.1.4.1.14519.5.2.1.6279.6001.658611160253017715059194304729,Nodule 003,0.3145,0.6406,0.7454,0.043,4,2,3,3,4,6,1,2,5
1.3.6.1.4.1.14519.5.2.1.6279.6001.658611160253017715059194304729,Nodule 002,0.2852,0.583,0.784,0.0371,5,2,3,3,3,6,1,2,4
1.3.6.1.4.1.14519.5.2.1.6279.6001.658611160253017715059194304729,14550,0.29,0.585,0.785,0.0293,3,3,3,1,2,6,1,2,3
1.3.6.1.4.1.14519.5.2.1.6279.6001.658611160253017715059194304729,14566,0.3154,0.6416,0.7525,0.0332,2,2,3,1,4,6,1,3,2
1.3.6.1.4.1.14519.5.2.1.6279.6001.658611160253017715059194304729,0,0.2852,0.583,0.784,0.0371,4,3,4,4,4,6,1,4,4
1.3.6.1.4.1.14519.5.2.1.6279.6001.658611160253017715059194304729,1,0.3154,0.6416,0.7525,0.0332,4,4,3,5,5,6,1,4,3
