uid,anno_index,coord_x,coord_y,coord_z,diameter,malscore,sphericiy,margin,spiculation,texture,calcification,internal_structure,lobulation,subtlety
1.3.6.1.4.1.14519.5.2.1.6279.6001.268030488196493755113553009785,Nodule 001,0.7373,0.666,0.7663,0.0332,5,3,4,2,4,6,1,2,5
1.3.6.1.4.1.14519.5.2.1.6279.6001.268030488196493755113553009785,44337,0.7422,0.6689,0.7674,0.0352,4,5,2,1,2,6,1,1,3
1.3.6.1.4.1.14519.5.2.1.6279.6001.268030488196493755113553009785,2,0.7412,0.666,0.7685,0.0293,2,5,5,1,2,6,1,1,3
1.3.6.1.4.1.14519.5.2.1.6279.6001.268030488196493755113553009785,57053,0.7402,0.6689,0.7663,0.0332,4,3,4,1,1,6,1,1,3
