uid,anno_index,coord_x,coord_y,coord_z,diameter,malscore,sphericiy,margin,spiculation,texture,calcification,internal_structure,lobulation,subtlety
1.3.6.1.4.1.14519.5.2.1.6279.6001.975426625618184773401026809852,Nodule 001,0.6738,0.7373,0.6193,0.0332,4,3,4,2,2,6,1,2,4
1.3.6.1.4.1.14519.5.2.1.6279.6001.975426625618184773401026809852,IL057_196960,0.6758,0.7354,0.6193,0.0371,4,3,1,3,1,6,1,4,3
1.3.6.1.4.1.14519.5.2.1.6279.6001.975426625618184773401026809852,4,0.6738,0.7344,0.6168,0.0352,2,4,4,1,1,6,1,1,4
