uid,anno_index,coord_x,coord_y,coord_z,diameter,malscore,sphericiy,margin,spiculation,texture,calcification,internal_structure,lobulation,subtlety
1.3.6.1.4.1.14519.5.2.1.6279.6001.167919147233131417984739058859,Nodule 001,0.3896,0.6572,0.9182,0.0293,5,2,4,3,5,6,1,2,4
1.3.6.1.4.1.14519.5.2.1.6279.6001.167919147233131417984739058859,1112,0.3896,0.6572,0.9164,0.0254,1,4,4,1,5,3,1,1,4
1.3.6.1.4.1.14519.5.2.1.6279.6001.167919147233131417984739058859,IL057_69314,0.3906,0.6572,0.9182,0.0273,1,4,3,1,5,5,1,1,5
1.3.6.1.4.1.14519.5.2.1.6279.6001.167919147233131417984739058859,1149,0.3906,0.6562,0.9164,0.0234,5,4,3,5,5,6,1,4,5
