uid,anno_index,coord_x,coord_y,coord_z,diameter,malscore,sphericiy,margin,spiculation,texture,calcification,internal_structure,lobulation,subtlety
1.3.6.1.4.1.14519.5.2.1.6279.6001.404364125369979066736354549484,Nodule 001,0.8535,0.6748,0.392,0.0195,3,5,5,1,5,6,1,1,4
1.3.6.1.4.1.14519.5.2.1.6279.6001.404364125369979066736354549484,14951,0.8535,0.6768,0.3949,0.0176,3,5,5,1,5,6,1,1,4
1.3.6.1.4.1.14519.5.2.1.6279.6001.404364125369979066736354549484,1731,0.8545,0.6777,0.3949,0.0195,3,4,4,1,4,6,1,2,3
