uid,anno_index,coord_x,coord_y,coord_z,diameter,malscore,sphericiy,margin,spiculation,texture,calcification,internal_structure,lobulation,subtlety
1.3.6.1.4.1.14519.5.2.1.6279.6001.248357157975955379661896491341,0,0.7686,0.5898,0.4487,0.0234,1,5,5,1,5,3,1,1,5
1.3.6.1.4.1.14519.5.2.1.6279.6001.248357157975955379661896491341,163541,0.7686,0.5918,0.4487,0.0195,2,3,4,2,5,6,1,3,5
1.3.6.1.4.1.14519.5.2.1.6279.6001.248357157975955379661896491341,167978,0.7686,0.5918,0.4487,0.0195,3,5,5,1,5,6,1,1,3
1.3.6.1.4.1.14519.5.2.1.6279.6001.248357157975955379661896491341,Nodule 001,0.7676,0.5908,0.4487,0.0234,3,4,4,1,5,6,1,1,4
