uid,anno_index,coord_x,coord_y,coord_z,diameter,malscore,sphericiy,margin,spiculation,texture,calcification,internal_structure,lobulation,subtlety
1.3.6.1.4.1.14519.5.2.1.6279.6001.240969450540588211676803094518,174098,0.3613,0.6846,0.4173,0.0195,3,4,5,1,4,6,1,1,3
1.3.6.1.4.1.14519.5.2.1.6279.6001.240969450540588211676803094518,174100,0.7686,0.4082,0.6729,0.0195,3,3,5,1,5,6,1,3,4
1.3.6.1.4.1.14519.5.2.1.6279.6001.240969450540588211676803094518,0,0.3613,0.6846,0.4211,0.0195,2,4,4,1,5,6,1,1,4
1.3.6.1.4.1.14519.5.2.1.6279.6001.240969450540588211676803094518,1,0.7686,0.4082,0.6729,0.0195,2,4,4,1,5,6,1,1,4
1.3.6.1.4.1.14519.5.2.1.6279.6001.240969450540588211676803094518,172346,0.3613,0.6855,0.4211,0.0195,3,5,4,1,3,6,1,1,3
1.3.6.1.4.1.14519.5.2.1.6279.6001.240969450540588211676803094518,172352,0.7686,0.4092,0.6729,0.0176,3,5,5,1,5,6,1,1,2
1.3.6.1.4.1.14519.5.2.1.6279.6001.240969450540588211676803094518,Nodule 004,0.3613,0.6846,0.4173,0.0195,2,4,5,1,5,6,1,1,4
1.3.6.1.4.1.14519.5.2.1.6279.6001.240969450540588211676803094518,Nodule 002,0.7686,0.4072,0.6729,0.0176,2,4,5,1,5,6,1,1,4
