uid,anno_index,coord_x,coord_y,coord_z,diameter,malscore,sphericiy,margin,spiculation,texture,calcification,internal_structure,lobulation,subtlety
1.3.6.1.4.1.14519.5.2.1.6279.6001.114914167428485563471327801935,14498,0.4033,0.4697,0.8832,0.0332,4,3,5,1,5,6,1,2,4
1.3.6.1.4.1.14519.5.2.1.6279.6001.114914167428485563471327801935,14494,0.2783,0.584,0.8308,0.0215,2,4,3,1,5,6,1,2,3
1.3.6.1.4.1.14519.5.2.1.6279.6001.114914167428485563471327801935,0,0.2773,0.583,0.8297,0.0254,3,5,4,2,4,6,1,3,5
1.3.6.1.4.1.14519.5.2.1.6279.6001.114914167428485563471327801935,3,0.4033,0.4697,0.881,0.0332,3,5,5,2,5,6,1,1,5
1.3.6.1.4.1.14519.5.2.1.6279.6001.114914167428485563471327801935,Nodule 002,0.2754,0.584,0.8352,0.0234,4,4,4,2,4,6,1,2,4
1.3.6.1.4.1.14519.5.2.1.6279.6001.114914167428485563471327801935,Nodule 001,0.4023,0.4717,0.8799,0.0371,4,4,4,1,4,6,1,2,5
1.3.6.1.4.1.14519.5.2.1.6279.6001.114914167428485563471327801935,9601,0.4033,0.4717,0.881,0.0371,2,3,4,2,5,6,1,1,4
1.3.6.1.4.1.14519.5.2.1.6279.6001.114914167428485563471327801935,9597,0.2773,0.583,0.8308,0.0195,2,4,3,2,5,6,1,4,3
