uid,anno_index,coord_x,coord_y,coord_z,diameter,malscore,sphericiy,margin,spiculation,texture,calcification,internal_structure,lobulation,subtlety
1.3.6.1.4.1.14519.5.2.1.6279.6001.340158437895922179455019686521,Nodule 001,0.1562,0.5039,0.5029,0.0273,4,4,4,1,4,6,1,2,4
1.3.6.1.4.1.14519.5.2.1.6279.6001.340158437895922179455019686521,13406,0.1582,0.5049,0.5029,0.0234,3,3,4,2,5,6,1,1,4
1.3.6.1.4.1.14519.5.2.1.6279.6001.340158437895922179455019686521,0,0.1582,0.5049,0.5029,0.0234,2,5,5,2,5,6,1,1,5
1.3.6.1.4.1.14519.5.2.1.6279.6001.340158437895922179455019686521,MI014_563,0.1572,0.5049,0.5029,0.0215,3,3,5,1,4,6,1,1,5
