uid,anno_index,coord_x,coord_y,coord_z,diameter,malscore,sphericiy,margin,spiculation,texture,calcification,internal_structure,lobulation,subtlety
1.3.6.1.4.1.14519.5.2.1.6279.6001.221017801605543296514746423389,0,0.7393,0.6992,0.6917,0.0234,3,5,5,1,5,6,1,4,5
1.3.6.1.4.1.14519.5.2.1.6279.6001.221017801605543296514746423389,4,0.6875,0.6943,0.6541,0.0352,3,5,5,1,5,6,1,4,5
1.3.6.1.4.1.14519.5.2.1.6279.6001.221017801605543296514746423389,171567,0.7402,0.7002,0.6917,0.0215,3,3,4,2,5,6,1,1,4
1.3.6.1.4.1.14519.5.2.1.6279.6001.221017801605543296514746423389,171563,0.6865,0.6934,0.6617,0.0254,3,2,3,2,4,6,1,4,4
1.3.6.1.4.1.14519.5.2.1.6279.6001.221017801605543296514746423389,168169,0.6865,0.6934,0.6654,0.0254,3,5,3,1,5,6,1,1,4
1.3.6.1.4.1.14519.5.2.1.6279.6001.221017801605543296514746423389,168173,0.7412,0.7012,0.6917,0.0234,3,5,3,1,5,6,1,1,4
1.3.6.1.4.1.14519.5.2.1.6279.6001.221017801605543296514746423389,Nodule 002,0.6875,0.6934,0.6617,0.0273,3,4,4,1,5,6,1,1,4
1.3.6.1.4.1.14519.5.2.1.6279.6001.221017801605543296514746423389,Nodule 003,0.7402,0.6982,0.6917,0.0234,2,4,5,1,5,6,1,1,4
