uid,anno_index,coord_x,coord_y,coord_z,diameter,malscore,sphericiy,margin,spiculation,texture,calcification,internal_structure,lobulation,subtlety
1.3.6.1.4.1.14519.5.2.1.6279.6001.439153572396640163898529626096,57771,0.1025,0.5156,0.5227,0.0352,1,4,4,2,5,6,1,1,4
1.3.6.1.4.1.14519.5.2.1.6279.6001.439153572396640163898529626096,44881,0.1055,0.5146,0.5227,0.0391,1,5,5,1,5,3,1,2,5
1.3.6.1.4.1.14519.5.2.1.6279.6001.439153572396640163898529626096,13493,0.1055,0.5156,0.5204,0.0391,3,4,4,2,4,6,1,3,4
