uid,anno_index,coord_x,coord_y,coord_z,diameter,malscore,sphericiy,margin,spiculation,texture,calcification,internal_structure,lobulation,subtlety
1.3.6.1.4.1.14519.5.2.1.6279.6001.525937963993475482158828421281,20483,0.8105,0.666,0.6473,0.0742,4,2,3,2,5,6,1,2,5
1.3.6.1.4.1.14519.5.2.1.6279.6001.525937963993475482158828421281,Nodule 001,0.8047,0.6611,0.6473,0.0918,4,2,4,2,3,6,1,2,5
1.3.6.1.4.1.14519.5.2.1.6279.6001.525937963993475482158828421281,12558,0.8057,0.6621,0.655,0.082,4,2,3,3,4,6,1,1,5
