uid,anno_index,coord_x,coord_y,coord_z,diameter,malscore,sphericiy,margin,spiculation,texture,calcification,internal_structure,lobulation,subtlety
1.3.6.1.4.1.14519.5.2.1.6279.6001.297964221542942838344351735414,13545,0.3291,0.4795,0.5285,0.0215,3,3,4,1,4,6,1,2,4
1.3.6.1.4.1.14519.5.2.1.6279.6001.297964221542942838344351735414,13541,0.2314,0.6426,0.484,0.0449,3,3,2,1,4,5,1,3,5
1.3.6.1.4.1.14519.5.2.1.6279.6001.297964221542942838344351735414,Nodule 002,0.2285,0.6426,0.4822,0.043,5,3,4,2,5,6,1,2,5
1.3.6.1.4.1.14519.5.2.1.6279.6001.297964221542942838344351735414,Nodule 001,0.3281,0.4785,0.5285,0.0195,4,4,5,2,5,6,1,1,4
1.3.6.1.4.1.14519.5.2.1.6279.6001.297964221542942838344351735414,14073,0.3311,0.4795,0.5285,0.0215,3,4,1,2,5,6,1,4,5
1.3.6.1.4.1.14519.5.2.1.6279.6001.297964221542942838344351735414,0,0.3291,0.4795,0.5285,0.0215,3,5,4,3,4,6,1,1,4
1.3.6.1.4.1.14519.5.2.1.6279.6001.297964221542942838344351735414,1,0.2373,0.6455,0.4822,0.0605,4,5,4,5,4,6,1,1,5
