uid,anno_index,coord_x,coord_y,coord_z,diameter,malscore,sphericiy,margin,spiculation,texture,calcification,internal_structure,lobulation,subtlety
1.3.6.1.4.1.14519.5.2.1.6279.6001.291539125579672469833850180824,0,0.8359,0.3623,0.209,0.0215,2,3,4,1,5,6,1,1,4
1.3.6.1.4.1.14519.5.2.1.6279.6001.291539125579672469833850180824,Nodule 005,0.833,0.3662,0.2099,0.0215,3,3,5,1,5,6,1,1,4
1.3.6.1.4.1.14519.5.2.1.6279.6001.291539125579672469833850180824,38127,0.834,0.3643,0.209,0.0176,1,2,4,1,5,3,1,1,3
1.3.6.1.4.1.14519.5.2.1.6279.6001.291539125579672469833850180824,25335,0.834,0.3643,0.2081,0.0215,2,3,5,1,5,6,1,2,4
