uid,anno_index,coord_x,coord_y,coord_z,diameter,malscore,sphericiy,margin,spiculation,texture,calcification,internal_structure,lobulation,subtlety
1.3.6.1.4.1.14519.5.2.1.6279.6001.293593766328917170359373773080,Nodule 003,0.2734,0.6855,0.7397,0.0312,4,4,4,2,5,6,1,2,5
1.3.6.1.4.1.14519.5.2.1.6279.6001.293593766328917170359373773080,29681,0.2764,0.6846,0.7349,0.0293,4,4,1,4,3,6,1,1,4
1.3.6.1.4.1.14519.5.2.1.6279.6001.293593766328917170359373773080,12584,0.2744,0.6836,0.7373,0.0332,4,3,2,3,2,6,1,4,4
