uid,anno_index,coord_x,coord_y,coord_z,diameter,malscore,sphericiy,margin,spiculation,texture,calcification,internal_structure,lobulation,subtlety
1.3.6.1.4.1.14519.5.2.1.6279.6001.106719103982792863757268101375,5230,0.2773,0.5703,0.5671,0.0586,3,3,3,1,3,6,1,3,5
1.3.6.1.4.1.14519.5.2.1.6279.6001.106719103982792863757268101375,Nodule 001,0.2725,0.5693,0.564,0.0488,5,2,4,4,5,6,1,2,5
1.3.6.1.4.1.14519.5.2.1.6279.6001.106719103982792863757268101375,1574,0.2803,0.5693,0.5655,0.0527,4,3,2,3,4,6,1,2,5
1.3.6.1.4.1.14519.5.2.1.6279.6001.106719103982792863757268101375,0,0.2793,0.5674,0.5686,0.0488,4,3,2,1,3,6,1,3,4
