uid,anno_index,coord_x,coord_y,coord_z,diameter,malscore,sphericiy,margin,spiculation,texture,calcification,internal_structure,lobulation,subtlety
1.3.6.1.4.1.14519.5.2.1.6279.6001.413896555982844732694353377538,Nodule 003,0.875,0.3516,0.3214,0.0156,2,4,5,1,5,6,1,1,4
1.3.6.1.4.1.14519.5.2.1.6279.6001.413896555982844732694353377538,Nodule 005,0.3945,0.6113,0.4091,0.0273,5,4,4,1,2,6,1,1,4
1.3.6.1.4.1.14519.5.2.1.6279.6001.413896555982844732694353377538,58749,0.3955,0.6123,0.4091,0.0254,3,5,2,1,2,6,1,1,2
1.3.6.1.4.1.14519.5.2.1.6279.6001.413896555982844732694353377538,58733,0.875,0.3525,0.3214,0.0176,1,4,3,1,2,6,1,1,2
1.3.6.1.4.1.14519.5.2.1.6279.6001.413896555982844732694353377538,MI014_14437,0.3965,0.6123,0.4091,0.0234,4,4,2,1,3,6,1,2,5
1.3.6.1.4.1.14519.5.2.1.6279.6001.413896555982844732694353377538,0,0.875,0.3525,0.3182,0.0176,2,5,5,1,5,6,1,1,3
1.3.6.1.4.1.14519.5.2.1.6279.6001.413896555982844732694353377538,3,0.3936,0.6123,0.4091,0.0254,2,5,2,1,1,6,1,1,3
