uid,anno_index,coord_x,coord_y,coord_z,diameter,malscore,sphericiy,margin,spiculation,texture,calcification,internal_structure,lobulation,subtlety
1.3.6.1.4.1.14519.5.2.1.6279.6001.188385286346390202873004762827,55635,0.1895,0.2959,0.3845,0.0195,3,5,3,1,1,6,1,1,3
1.3.6.1.4.1.14519.5.2.1.6279.6001.188385286346390202873004762827,Nodule 002,0.1895,0.2959,0.3832,0.0234,3,3,4,1,5,6,1,1,5
1.3.6.1.4.1.14519.5.2.1.6279.6001.188385286346390202873004762827,1,0.1885,0.2959,0.3832,0.0215,2,5,5,1,5,6,1,1,3
