uid,anno_index,coord_x,coord_y,coord_z,diameter,malscore,sphericiy,margin,spiculation,texture,calcification,internal_structure,lobulation,subtlety
1.3.6.1.4.1.14519.5.2.1.6279.6001.306948744223170422945185006551,0,0.7793,0.5156,0.7165,0.0742,3,5,5,1,5,6,1,4,5
1.3.6.1.4.1.14519.5.2.1.6279.6001.306948744223170422945185006551,1,0.8242,0.4688,0.3898,0.082,3,5,5,1,5,6,1,4,5
1.3.6.1.4.1.14519.5.2.1.6279.6001.306948744223170422945185006551,162901,0.7803,0.5156,0.7126,0.0703,5,3,5,4,5,6,1,1,5
1.3.6.1.4.1.14519.5.2.1.6279.6001.306948744223170422945185006551,162895,0.8223,0.4688,0.3976,0.082,5,3,5,1,5,6,1,4,5
1.3.6.1.4.1.14519.5.2.1.6279.6001.306948744223170422945185006551,167775,0.8232,0.4697,0.3976,0.0801,5,3,5,1,5,6,1,3,5
1.3.6.1.4.1.14519.5.2.1.6279.6001.306948744223170422945185006551,167779,0.7822,0.5146,0.7165,0.0762,5,3,5,1,5,6,1,2,5
1.3.6.1.4.1.14519.5.2.1.6279.6001.306948744223170422945185006551,Nodule 001,0.8223,0.4717,0.3937,0.084,4,3,4,2,5,6,1,2,5
1.3.6.1.4.1.14519.5.2.1.6279.6001.306948744223170422945185006551,Nodule 002,0.7803,0.5146,0.7165,0.0723,4,3,4,2,5,6,1,2,5
