uid,anno_index,coord_x,coord_y,coord_z,diameter,malscore,sphericiy,margin,spiculation,texture,calcification,internal_structure,lobulation,subtlety
1.3.6.1.4.1.14519.5.2.1.6279.6001.168037818448885856452592057286,77436,0.2061,0.6885,0.4764,0.0332,3,3,4,2,4,6,1,2,3
1.3.6.1.4.1.14519.5.2.1.6279.6001.168037818448885856452592057286,92961,0.2041,0.6875,0.4772,0.0332,3,3,4,1,5,6,1,2,4
1.3.6.1.4.1.14519.5.2.1.6279.6001.168037818448885856452592057286,10163,0.207,0.6885,0.4764,0.0273,3,3,3,2,5,6,1,3,4
1.3.6.1.4.1.14519.5.2.1.6279.6001.168037818448885856452592057286,2,0.2051,0.6875,0.4772,0.0312,3,3,5,1,5,6,1,1,5
