uid,anno_index,coord_x,coord_y,coord_z,diameter,malscore,sphericiy,margin,spiculation,texture,calcification,internal_structure,lobulation,subtlety
1.3.6.1.4.1.14519.5.2.1.6279.6001.193964947698259739624715468431,0,0.5713,0.6836,0.846,0.0156,2,5,5,1,5,6,1,1,3
1.3.6.1.4.1.14519.5.2.1.6279.6001.193964947698259739624715468431,Nodule 002,0.5693,0.6826,0.8449,0.0176,4,3,5,1,5,6,1,1,4
1.3.6.1.4.1.14519.5.2.1.6279.6001.193964947698259739624715468431,19701,0.5693,0.6836,0.846,0.0176,2,4,4,1,5,6,1,2,3
1.3.6.1.4.1.14519.5.2.1.6279.6001.193964947698259739624715468431,37730,0.5703,0.6846,0.8449,0.0195,1,5,4,1,5,6,1,1,3
