uid,anno_index,coord_x,coord_y,coord_z,diameter,malscore,sphericiy,margin,spiculation,texture,calcification,internal_structure,lobulation,subtlety
1.3.6.1.4.1.14519.5.2.1.6279.6001.172573195301625265149778785969,14236,0.415,0.7939,0.5614,0.0254,3,5,5,2,5,6,1,2,5
1.3.6.1.4.1.14519.5.2.1.6279.6001.172573195301625265149778785969,127776,0.416,0.7949,0.5614,0.0273,3,3,4,2,5,6,1,2,4
1.3.6.1.4.1.14519.5.2.1.6279.6001.172573195301625265149778785969,50127,0.9219,0.6084,0.3592,0.0215,3,5,4,3,5,6,1,2,4
1.3.6.1.4.1.14519.5.2.1.6279.6001.172573195301625265149778785969,14139,0.415,0.7939,0.5605,0.0293,5,4,5,1,5,6,1,1,5
1.3.6.1.4.1.14519.5.2.1.6279.6001.172573195301625265149778785969,14154,0.9229,0.6064,0.3592,0.0215,4,5,5,1,4,6,1,1,5
1.3.6.1.4.1.14519.5.2.1.6279.6001.172573195301625265149778785969,7,0.416,0.7939,0.5614,0.0273,2,5,5,1,5,6,1,1,3
1.3.6.1.4.1.14519.5.2.1.6279.6001.172573195301625265149778785969,9,0.9219,0.6064,0.3611,0.0293,2,5,5,1,5,6,1,1,3
