uid,anno_index,coord_x,coord_y,coord_z,diameter,malscore,sphericiy,margin,spiculation,texture,calcification,internal_structure,lobulation,subtlety
1.3.6.1.4.1.14519.5.2.1.6279.6001.310548927038333190233889983845,IL057_196949,0.4277,0.6631,0.8622,0.0312,4,3,3,3,5,6,1,3,4
1.3.6.1.4.1.14519.5.2.1.6279.6001.310548927038333190233889983845,MI014_14657,0.4277,0.6631,0.8583,0.0312,4,3,3,2,5,6,1,2,4
1.3.6.1.4.1.14519.5.2.1.6279.6001.310548927038333190233889983845,0,0.4258,0.6641,0.8583,0.0391,2,5,4,1,4,6,1,1,5
