uid,anno_index,coord_x,coord_y,coord_z,diameter,malscore,sphericiy,margin,spiculation,texture,calcification,internal_structure,lobulation,subtlety
1.3.6.1.4.1.14519.5.2.1.6279.6001.842317928015463083368074520378,57857,0.1484,0.7295,0.3578,0.0215,1,3,2,1,5,6,1,1,3
1.3.6.1.4.1.14519.5.2.1.6279.6001.842317928015463083368074520378,101067,0.1504,0.7285,0.3591,0.0195,1,5,5,1,5,3,1,1,3
1.3.6.1.4.1.14519.5.2.1.6279.6001.842317928015463083368074520378,13751,0.1523,0.7295,0.3578,0.0234,3,4,4,1,4,6,1,2,2
1.3.6.1.4.1.14519.5.2.1.6279.6001.842317928015463083368074520378,1,0.1504,0.7285,0.3578,0.0195,3,5,5,1,5,6,1,1,5
