uid,anno_index,coord_x,coord_y,coord_z,diameter,malscore,sphericiy,margin,spiculation,texture,calcification,internal_structure,lobulation,subtlety
1.3.6.1.4.1.14519.5.2.1.6279.6001.273525289046256012743471155680,57119,0.7559,0.6592,0.4732,0.0156,2,2,4,1,5,6,1,1,3
1.3.6.1.4.1.14519.5.2.1.6279.6001.273525289046256012743471155680,Nodule 007,0.7549,0.6582,0.4732,0.0176,3,3,5,1,5,6,1,1,3
1.3.6.1.4.1.14519.5.2.1.6279.6001.273525289046256012743471155680,13601,0.7549,0.6592,0.4732,0.0137,3,4,4,1,4,6,1,1,4
