uid,anno_index,coord_x,coord_y,coord_z,diameter,malscore,sphericiy,margin,spiculation,texture,calcification,internal_structure,lobulation,subtlety
1.3.6.1.4.1.14519.5.2.1.6279.6001.119515474430718803379832249911,Nodule 003,0.8066,0.5908,0.8469,0.0176,3,3,5,1,5,6,1,1,3
1.3.6.1.4.1.14519.5.2.1.6279.6001.119515474430718803379832249911,22180,0.8076,0.5898,0.8469,0.0195,2,4,4,1,5,6,1,2,2
1.3.6.1.4.1.14519.5.2.1.6279.6001.119515474430718803379832249911,1765,0.8086,0.5908,0.8469,0.0215,3,3,3,2,4,6,1,3,2
