uid,anno_index,coord_x,coord_y,coord_z,diameter,malscore,sphericiy,margin,spiculation,texture,calcification,internal_structure,lobulation,subtlety
1.3.6.1.4.1.14519.5.2.1.6279.6001.205523326998654833765855998037,Nodule 002,0.7676,0.6982,0.3825,0.0176,2,4,5,1,5,6,1,1,4
1.3.6.1.4.1.14519.5.2.1.6279.6001.205523326998654833765855998037,Nodule 003,0.833,0.541,0.3955,0.0176,2,4,5,1,5,6,1,1,4
1.3.6.1.4.1.14519.5.2.1.6279.6001.205523326998654833765855998037,7260,0.835,0.541,0.3955,0.0156,3,4,4,1,4,6,1,1,4
1.3.6.1.4.1.14519.5.2.1.6279.6001.205523326998654833765855998037,7255,0.7676,0.6973,0.3825,0.0156,3,5,4,1,5,6,1,1,4
1.3.6.1.4.1.14519.5.2.1.6279.6001.205523326998654833765855998037,53885,0.7676,0.6982,0.3825,0.0176,3,4,5,2,5,6,1,1,5
1.3.6.1.4.1.14519.5.2.1.6279.6001.205523326998654833765855998037,53889,0.834,0.541,0.3955,0.0156,3,3,4,1,5,6,1,2,5
1.3.6.1.4.1.14519.5.2.1.6279.6001.205523326998654833765855998037,IL057_157230,0.7686,0.6982,0.3825,0.0176,3,5,5,1,5,6,1,1,3
