uid,anno_index,coord_x,coord_y,coord_z,diameter,malscore,sphericiy,margin,spiculation,texture,calcification,internal_structure,lobulation,subtlety
1.3.6.1.4.1.14519.5.2.1.6279.6001.286422846896797433168187085942,Nodule 001,0.2812,0.6016,0.8022,0.1172,4,2,3,3,3,6,1,3,5
1.3.6.1.4.1.14519.5.2.1.6279.6001.286422846896797433168187085942,9667,0.3154,0.5547,0.827,0.0371,4,4,1,3,3,6,1,2,4
1.3.6.1.4.1.14519.5.2.1.6279.6001.286422846896797433168187085942,20871,0.3154,0.5547,0.827,0.0371,2,4,1,2,1,6,1,2,2
1.3.6.1.4.1.14519.5.2.1.6279.6001.286422846896797433168187085942,20867,0.2793,0.6016,0.8034,0.1172,5,4,2,2,3,6,1,4,5
1.3.6.1.4.1.14519.5.2.1.6279.6001.286422846896797433168187085942,0,0.2822,0.6162,0.8337,0.0762,5,3,3,5,4,6,1,5,5
