uid,anno_index,coord_x,coord_y,coord_z,diameter,malscore,sphericiy,margin,spiculation,texture,calcification,internal_structure,lobulation,subtlety
1.3.6.1.4.1.14519.5.2.1.6279.6001.196251645377731223510086726530,2,0.7432,0.3262,0.6895,0.0215,2,5,5,1,5,6,1,1,3
1.3.6.1.4.1.14519.5.2.1.6279.6001.196251645377731223510086726530,Nodule 001,0.7441,0.3252,0.6885,0.0254,4,3,4,1,5,6,1,1,5
1.3.6.1.4.1.14519.5.2.1.6279.6001.196251645377731223510086726530,38081,0.7441,0.3271,0.6895,0.0215,1,2,4,1,5,5,1,1,3
1.3.6.1.4.1.14519.5.2.1.6279.6001.196251645377731223510086726530,25276,0.7441,0.3271,0.6895,0.0176,3,3,4,1,4,6,1,3,4
