uid,anno_index,coord_x,coord_y,coord_z,diameter,malscore,sphericiy,margin,spiculation,texture,calcification,internal_structure,lobulation,subtlety
1.3.6.1.4.1.14519.5.2.1.6279.6001.167237290696350215427953159586,Nodule 001,0.7227,0.6748,0.2861,0.0391,4,4,4,2,5,6,1,2,4
1.3.6.1.4.1.14519.5.2.1.6279.6001.167237290696350215427953159586,Nodule 002,0.2139,0.4639,0.637,0.0723,5,3,3,3,5,6,1,3,5
1.3.6.1.4.1.14519.5.2.1.6279.6001.167237290696350215427953159586,IL057_196088,0.2207,0.4678,0.6346,0.0801,5,4,3,3,5,6,1,2,5
1.3.6.1.4.1.14519.5.2.1.6279.6001.167237290696350215427953159586,IL057_196091,0.7236,0.6768,0.2861,0.0449,3,5,4,2,5,6,1,1,5
1.3.6.1.4.1.14519.5.2.1.6279.6001.167237290696350215427953159586,5316,0.2158,0.4658,0.6346,0.0762,5,3,3,3,5,6,1,3,5
1.3.6.1.4.1.14519.5.2.1.6279.6001.167237290696350215427953159586,5334,0.7266,0.6768,0.2885,0.0391,5,3,4,2,5,6,1,2,3
1.3.6.1.4.1.14519.5.2.1.6279.6001.167237290696350215427953159586,03561,0.2139,0.4668,0.6274,0.082,5,3,1,4,5,6,1,5,5
1.3.6.1.4.1.14519.5.2.1.6279.6001.167237290696350215427953159586,03565,0.7246,0.667,0.2861,0.0449,1,5,4,1,5,5,1,2,5
