uid,anno_index,coord_x,coord_y,coord_z,diameter,malscore,sphericiy,margin,spiculation,texture,calcification,internal_structure,lobulation,subtlety
1.3.6.1.4.1.14519.5.2.1.6279.6001.141345499716190654505508410197,0652,0.3291,0.7061,0.4825,0.0254,2,2,3,1,5,6,1,1,3
1.3.6.1.4.1.14519.5.2.1.6279.6001.141345499716190654505508410197,IL057_75871,0.332,0.7061,0.4805,0.0293,3,3,4,1,5,6,1,1,3
1.3.6.1.4.1.14519.5.2.1.6279.6001.141345499716190654505508410197,Nodule 003,0.3311,0.707,0.4805,0.0312,2,3,4,1,5,6,1,1,4
1.3.6.1.4.1.14519.5.2.1.6279.6001.141345499716190654505508410197,4736,0.3291,0.7109,0.4805,0.0352,3,3,4,1,4,6,1,2,4
