uid,anno_index,coord_x,coord_y,coord_z,diameter,malscore,sphericiy,margin,spiculation,texture,calcification,internal_structure,lobulation,subtlety
1.3.6.1.4.1.14519.5.2.1.6279.6001.304700823314998198591652152637,Nodule 004,0.1094,0.5771,0.2727,0.0293,3,3,5,1,5,6,1,1,4
1.3.6.1.4.1.14519.5.2.1.6279.6001.304700823314998198591652152637,68392,0.1104,0.5742,0.2727,0.0273,3,4,4,1,5,6,1,1,4
1.3.6.1.4.1.14519.5.2.1.6279.6001.304700823314998198591652152637,MI014_14477,0.1104,0.5742,0.2727,0.0234,3,3,4,1,4,6,1,1,5
1.3.6.1.4.1.14519.5.2.1.6279.6001.304700823314998198591652152637,4,0.1104,0.5762,0.2753,0.0234,2,5,5,1,5,6,1,1,3
