uid,anno_index,coord_x,coord_y,coord_z,diameter,malscore,sphericiy,margin,spiculation,texture,calcification,internal_structure,lobulation,subtlety
1.3.6.1.4.1.14519.5.2.1.6279.6001.725023183844147505748475581290,54667,0.3271,0.7139,0.5288,0.0918,5,2,2,4,5,6,1,3,4
1.3.6.1.4.1.14519.5.2.1.6279.6001.725023183844147505748475581290,Nodule 001,0.334,0.709,0.5126,0.0859,5,2,3,4,5,6,1,2,5
1.3.6.1.4.1.14519.5.2.1.6279.6001.725023183844147505748475581290,9268,0.3232,0.7148,0.5288,0.1113,4,2,1,3,5,6,1,3,4
1.3.6.1.4.1.14519.5.2.1.6279.6001.725023183844147505748475581290,0,0.3291,0.71,0.518,0.041,3,5,5,5,5,6,1,3,5
