uid,anno_index,coord_x,coord_y,coord_z,diameter,malscore,sphericiy,margin,spiculation,texture,calcification,internal_structure,lobulation,subtlety
1.3.6.1.4.1.14519.5.2.1.6279.6001.108231420525711026834210228428,Nodule 001,0.6123,0.6592,0.6828,0.0176,2,4,5,1,5,6,1,1,3
1.3.6.1.4.1.14519.5.2.1.6279.6001.108231420525711026834210228428,IL057_130635,0.6123,0.6592,0.6807,0.0176,3,5,5,1,5,6,1,1,3
1.3.6.1.4.1.14519.5.2.1.6279.6001.108231420525711026834210228428,MI014_18053,0.6113,0.6582,0.6807,0.0195,3,5,5,1,4,6,1,1,5
1.3.6.1.4.1.14519.5.2.1.6279.6001.108231420525711026834210228428,0,0.6113,0.6582,0.6807,0.0234,2,5,5,1,5,6,1,1,3
