uid,anno_index,coord_x,coord_y,coord_z,diameter,malscore,sphericiy,margin,spiculation,texture,calcification,internal_structure,lobulation,subtlety
1.3.6.1.4.1.14519.5.2.1.6279.6001.724562063158320418413995627171,Nodule 001,0.4209,0.3867,0.4407,0.0293,2,4,5,1,5,6,1,1,4
1.3.6.1.4.1.14519.5.2.1.6279.6001.724562063158320418413995627171,IL057_162037,0.4219,0.3877,0.4407,0.0273,3,5,5,1,5,6,1,1,2
1.3.6.1.4.1.14519.5.2.1.6279.6001.724562063158320418413995627171,MI014_20076,0.4219,0.3867,0.4407,0.0234,4,5,5,1,5,6,1,1,5
1.3.6.1.4.1.14519.5.2.1.6279.6001.724562063158320418413995627171,0,0.4229,0.3877,0.4407,0.0254,2,5,5,1,5,6,1,1,3
