uid,anno_index,coord_x,coord_y,coord_z,diameter,malscore,sphericiy,margin,spiculation,texture,calcification,internal_structure,lobulation,subtlety
1.3.6.1.4.1.14519.5.2.1.6279.6001.805925269324902055566754756843,IL057_123540,0.3477,0.7324,0.3262,0.043,5,4,5,1,5,6,1,3,5
1.3.6.1.4.1.14519.5.2.1.6279.6001.805925269324902055566754756843,10158,0.3486,0.7324,0.3298,0.0469,3,3,5,1,5,6,1,4,5
1.3.6.1.4.1.14519.5.2.1.6279.6001.805925269324902055566754756843,Nodule 003,0.3477,0.7314,0.3298,0.0488,5,3,4,3,5,6,1,3,5
1.3.6.1.4.1.14519.5.2.1.6279.6001.805925269324902055566754756843,6059,0.3486,0.7324,0.3298,0.0469,3,4,5,1,5,6,1,2,4
