uid,anno_index,coord_x,coord_y,coord_z,diameter,malscore,sphericiy,margin,spiculation,texture,calcification,internal_structure,lobulation,subtlety
1.3.6.1.4.1.14519.5.2.1.6279.6001.130036599816889919308975074972,Nodule 001,0.2197,0.332,0.6198,0.0234,3,4,5,1,5,6,1,1,4
1.3.6.1.4.1.14519.5.2.1.6279.6001.130036599816889919308975074972,14118,0.2217,0.333,0.6198,0.0215,2,3,4,2,5,6,1,2,4
1.3.6.1.4.1.14519.5.2.1.6279.6001.130036599816889919308975074972,1421,0.2227,0.334,0.6172,0.0234,3,3,4,2,4,6,1,3,3
1.3.6.1.4.1.14519.5.2.1.6279.6001.130036599816889919308975074972,0,0.2217,0.332,0.6172,0.0215,4,5,5,3,5,6,1,3,5
