uid,anno_index,coord_x,coord_y,coord_z,diameter,malscore,sphericiy,margin,spiculation,texture,calcification,internal_structure,lobulation,subtlety
1.3.6.1.4.1.14519.5.2.1.6279.6001.295462530340364058116953738925,57088,0.6924,0.6318,0.6822,0.0176,2,2,3,1,5,6,1,1,2
1.3.6.1.4.1.14519.5.2.1.6279.6001.295462530340364058116953738925,57084,0.7441,0.6074,0.6705,0.0547,5,3,4,1,5,6,1,1,5
1.3.6.1.4.1.14519.5.2.1.6279.6001.295462530340364058116953738925,Nodule 002,0.7432,0.6016,0.6705,0.0645,5,2,3,3,5,6,1,3,5
1.3.6.1.4.1.14519.5.2.1.6279.6001.295462530340364058116953738925,Nodule 007,0.6914,0.6309,0.6841,0.0195,4,2,4,1,5,6,1,2,4
1.3.6.1.4.1.14519.5.2.1.6279.6001.295462530340364058116953738925,44387,0.6934,0.6299,0.6841,0.0156,3,3,3,2,5,6,1,3,2
1.3.6.1.4.1.14519.5.2.1.6279.6001.295462530340364058116953738925,44390,0.7461,0.6045,0.6705,0.0586,5,4,4,2,5,6,1,4,5
1.3.6.1.4.1.14519.5.2.1.6279.6001.295462530340364058116953738925,6,0.7432,0.6035,0.6686,0.0586,3,3,3,1,5,6,1,4,5
