uid,anno_index,coord_x,coord_y,coord_z,diameter,malscore,sphericiy,margin,spiculation,texture,calcification,internal_structure,lobulation,subtlety
1.3.6.1.4.1.14519.5.2.1.6279.6001.122621219961396951727742490470,168646,0.3271,0.5039,0.2815,0.0879,3,3,2,3,5,6,1,4,5
1.3.6.1.4.1.14519.5.2.1.6279.6001.122621219961396951727742490470,179793,0.3252,0.5,0.2815,0.0723,4,3,3,1,5,6,1,2,3
1.3.6.1.4.1.14519.5.2.1.6279.6001.122621219961396951727742490470,Nodule 002,0.3213,0.501,0.2815,0.0762,2,3,4,2,5,6,1,2,4
