uid,anno_index,coord_x,coord_y,coord_z,diameter,malscore,sphericiy,margin,spiculation,texture,calcification,internal_structure,lobulation,subtlety
1.3.6.1.4.1.14519.5.2.1.6279.6001.170052181746004939527661217512,4757,0.1709,0.4902,0.6799,0.0117,3,4,2,2,4,6,1,3,1
1.3.6.1.4.1.14519.5.2.1.6279.6001.170052181746004939527661217512,Nodule 003,0.1699,0.4902,0.6817,0.0156,2,5,5,1,5,6,1,1,4
1.3.6.1.4.1.14519.5.2.1.6279.6001.170052181746004939527661217512,Nodule 001,0.3135,0.6084,0.8813,0.0293,4,4,4,2,4,6,1,1,5
1.3.6.1.4.1.14519.5.2.1.6279.6001.170052181746004939527661217512,IL057_70244,0.3105,0.6025,0.8831,0.0391,3,3,3,4,5,6,1,2,4
1.3.6.1.4.1.14519.5.2.1.6279.6001.170052181746004939527661217512,4644,0.1709,0.4912,0.6799,0.0137,3,5,4,1,5,6,1,2,5
1.3.6.1.4.1.14519.5.2.1.6279.6001.170052181746004939527661217512,4639,0.3086,0.6055,0.8813,0.0391,3,1,1,3,5,6,1,2,5
