uid,anno_index,coord_x,coord_y,coord_z,diameter,malscore,sphericiy,margin,spiculation,texture,calcification,internal_structure,lobulation,subtlety
1.3.6.1.4.1.14519.5.2.1.6279.6001.861997885565255340442123234170,0,0.6289,0.8145,0.4202,0.0234,1,5,5,1,5,3,1,1,5
1.3.6.1.4.1.14519.5.2.1.6279.6001.861997885565255340442123234170,163372,0.6299,0.8145,0.4202,0.0254,1,3,5,1,5,3,1,5,5
1.3.6.1.4.1.14519.5.2.1.6279.6001.861997885565255340442123234170,167813,0.6299,0.8145,0.4202,0.0215,1,4,5,1,5,3,1,1,5
1.3.6.1.4.1.14519.5.2.1.6279.6001.861997885565255340442123234170,Nodule 001,0.627,0.8145,0.4202,0.0234,3,3,4,1,5,6,1,1,3
