uid,anno_index,coord_x,coord_y,coord_z,diameter,malscore,sphericiy,margin,spiculation,texture,calcification,internal_structure,lobulation,subtlety
1.3.6.1.4.1.14519.5.2.1.6279.6001.212346425055214308006918165305,1,0.6855,0.6982,0.3985,0.0371,4,5,4,5,4,6,1,1,5
1.3.6.1.4.1.14519.5.2.1.6279.6001.212346425055214308006918165305,168669,0.6875,0.6982,0.3985,0.0293,3,3,3,3,5,6,1,3,5
1.3.6.1.4.1.14519.5.2.1.6279.6001.212346425055214308006918165305,168084,0.6865,0.6982,0.3985,0.0293,4,3,4,2,5,6,1,2,4
1.3.6.1.4.1.14519.5.2.1.6279.6001.212346425055214308006918165305,Nodule 001,0.6846,0.6973,0.3985,0.0312,4,3,4,1,5,6,1,1,4
