uid,anno_index,coord_x,coord_y,coord_z,diameter,malscore,sphericiy,margin,spiculation,texture,calcification,internal_structure,lobulation,subtlety
1.3.6.1.4.1.14519.5.2.1.6279.6001.226383054119800793308721198594,69640,0.2031,0.4951,0.4931,0.1289,5,2,1,5,3,6,1,5,5
1.3.6.1.4.1.14519.5.2.1.6279.6001.226383054119800793308721198594,Nodule 001,0.1816,0.4951,0.4966,0.0625,5,3,2,3,3,6,1,2,5
1.3.6.1.4.1.14519.5.2.1.6279.6001.226383054119800793308721198594,15288,0.1826,0.4951,0.4966,0.0605,3,4,3,1,5,6,1,1,5
1.3.6.1.4.1.14519.5.2.1.6279.6001.226383054119800793308721198594,0,0.1914,0.4951,0.4966,0.0781,3,3,1,1,5,6,1,2,5
