uid,anno_index,coord_x,coord_y,coord_z,diameter,malscore,sphericiy,margin,spiculation,texture,calcification,internal_structure,lobulation,subtlety
1.3.6.1.4.1.14519.5.2.1.6279.6001.219349715895470349269596532320,IL057_195913,0.6768,0.3135,0.416,0.0371,5,4,2,1,1,6,1,3,4
1.3.6.1.4.1.14519.5.2.1.6279.6001.219349715895470349269596532320,0517,0.6777,0.3115,0.4119,0.0352,3,4,1,1,1,6,1,3,5
1.3.6.1.4.1.14519.5.2.1.6279.6001.219349715895470349269596532320,Nodule 001,0.6758,0.3145,0.4119,0.0352,5,4,4,2,4,6,1,2,4
1.3.6.1.4.1.14519.5.2.1.6279.6001.219349715895470349269596532320,81363,0.6758,0.3135,0.4139,0.041,5,2,2,1,1,6,1,4,4
