uid,anno_index,coord_x,coord_y,coord_z,diameter,malscore,sphericiy,margin,spiculation,texture,calcification,internal_structure,lobulation,subtlety
1.3.6.1.4.1.14519.5.2.1.6279.6001.276710697414087561012670296643,Nodule 001,0.6572,0.7178,0.5022,0.0332,3,5,5,1,5,6,1,1,5
1.3.6.1.4.1.14519.5.2.1.6279.6001.276710697414087561012670296643,IL057_160168,0.6572,0.7168,0.5022,0.0312,3,5,5,1,5,6,1,2,4
1.3.6.1.4.1.14519.5.2.1.6279.6001.276710697414087561012670296643,MI014_20067,0.6582,0.7178,0.5022,0.0332,5,5,5,1,5,6,1,1,5
1.3.6.1.4.1.14519.5.2.1.6279.6001.276710697414087561012670296643,0,0.6582,0.7197,0.5022,0.0371,2,5,5,1,5,6,1,1,3
