uid,anno_index,coord_x,coord_y,coord_z,diameter,malscore,sphericiy,margin,spiculation,texture,calcification,internal_structure,lobulation,subtlety
1.3.6.1.4.1.14519.5.2.1.6279.6001.337845202462615014431060697507,9756,0.7461,0.5264,0.8583,0.0312,4,4,1,1,4,6,1,1,5
1.3.6.1.4.1.14519.5.2.1.6279.6001.337845202462615014431060697507,Nodule 002,0.7441,0.5254,0.8583,0.0352,4,3,4,1,5,6,1,2,5
1.3.6.1.4.1.14519.5.2.1.6279.6001.337845202462615014431060697507,61763,0.7461,0.5264,0.8583,0.0352,3,3,4,3,5,6,1,2,5
1.3.6.1.4.1.14519.5.2.1.6279.6001.337845202462615014431060697507,IL057_157729,0.7461,0.5264,0.8543,0.0312,3,3,5,2,5,6,1,2,4
