uid,anno_index,coord_x,coord_y,coord_z,diameter,malscore,sphericiy,margin,spiculation,texture,calcification,internal_structure,lobulation,subtlety
1.3.6.1.4.1.14519.5.2.1.6279.6001.254473943359963613733707320244,5718,0.6982,0.7217,0.7321,0.0215,3,3,4,1,4,6,1,1,3
1.3.6.1.4.1.14519.5.2.1.6279.6001.254473943359963613733707320244,5751,0.1885,0.7217,0.4325,0.0137,3,4,2,2,3,6,1,2,1
1.3.6.1.4.1.14519.5.2.1.6279.6001.254473943359963613733707320244,IL057_85588,0.1895,0.7207,0.4306,0.0156,3,5,3,1,3,6,1,1,2
1.3.6.1.4.1.14519.5.2.1.6279.6001.254473943359963613733707320244,IL057_85578,0.6992,0.7217,0.7321,0.0215,3,4,4,1,5,6,1,1,3
1.3.6.1.4.1.14519.5.2.1.6279.6001.254473943359963613733707320244,0122,0.6973,0.7197,0.7321,0.0254,3,3,4,1,5,6,1,2,4
1.3.6.1.4.1.14519.5.2.1.6279.6001.254473943359963613733707320244,Nodule 003,0.1885,0.7197,0.4306,0.0176,3,4,5,1,5,6,1,1,3
1.3.6.1.4.1.14519.5.2.1.6279.6001.254473943359963613733707320244,Nodule 006,0.6953,0.7207,0.7321,0.0234,4,4,4,1,5,6,1,2,5
