uid,anno_index,coord_x,coord_y,coord_z,diameter,malscore,sphericiy,margin,spiculation,texture,calcification,internal_structure,lobulation,subtlety
1.3.6.1.4.1.14519.5.2.1.6279.6001.401389720232123950202941034290,2,0.2324,0.3486,0.29,0.0234,3,5,5,1,5,6,1,1,5
1.3.6.1.4.1.14519.5.2.1.6279.6001.401389720232123950202941034290,Nodule 002,0.2324,0.3486,0.2887,0.0312,4,4,5,1,5,6,1,2,4
1.3.6.1.4.1.14519.5.2.1.6279.6001.401389720232123950202941034290,37940,0.2324,0.3486,0.2887,0.0234,2,2,4,1,5,6,1,1,3
1.3.6.1.4.1.14519.5.2.1.6279.6001.401389720232123950202941034290,25141,0.2324,0.3467,0.2874,0.0234,1,3,4,1,5,6,1,1,4
