uid,anno_index,coord_x,coord_y,coord_z,diameter,malscore,sphericiy,margin,spiculation,texture,calcification,internal_structure,lobulation,subtlety
1.3.6.1.4.1.14519.5.2.1.6279.6001.145759169833745025756371695397,2,0.2939,0.5078,0.2569,0.0254,3,5,5,1,5,6,1,1,5
1.3.6.1.4.1.14519.5.2.1.6279.6001.145759169833745025756371695397,Nodule 006,0.2939,0.5059,0.2604,0.0293,4,3,5,1,5,6,1,1,4
1.3.6.1.4.1.14519.5.2.1.6279.6001.145759169833745025756371695397,69034,0.293,0.5068,0.2569,0.0273,3,5,3,1,5,6,1,1,3
1.3.6.1.4.1.14519.5.2.1.6279.6001.145759169833745025756371695397,69676,0.2939,0.5098,0.2569,0.0254,3,3,3,1,5,6,1,1,3
