uid,anno_index,coord_x,coord_y,coord_z,diameter,malscore,sphericiy,margin,spiculation,texture,calcification,internal_structure,lobulation,subtlety
1.3.6.1.4.1.14519.5.2.1.6279.6001.114195693932194925962391697338,Nodule 001,0.8203,0.6611,0.5196,0.0254,4,3,4,1,5,6,1,2,5
1.3.6.1.4.1.14519.5.2.1.6279.6001.114195693932194925962391697338,6246,0.8193,0.6602,0.5176,0.0234,3,2,4,1,4,6,1,2,4
1.3.6.1.4.1.14519.5.2.1.6279.6001.114195693932194925962391697338,IL057_69738,0.8184,0.6611,0.5196,0.0215,4,4,3,1,2,6,1,1,4
1.3.6.1.4.1.14519.5.2.1.6279.6001.114195693932194925962391697338,4859,0.8193,0.6602,0.5196,0.0234,3,4,2,3,2,6,1,2,2
