uid,anno_index,coord_x,coord_y,coord_z,diameter,malscore,sphericiy,margin,spiculation,texture,calcification,internal_structure,lobulation,subtlety
1.3.6.1.4.1.14519.5.2.1.6279.6001.733642690503782454656013446707,0,0.2314,0.5557,0.7519,0.0332,2,5,5,1,5,6,1,1,3
1.3.6.1.4.1.14519.5.2.1.6279.6001.733642690503782454656013446707,114286,0.2314,0.5527,0.7556,0.0156,3,3,3,2,5,6,1,3,5
1.3.6.1.4.1.14519.5.2.1.6279.6001.733642690503782454656013446707,126932,0.2314,0.5537,0.7519,0.0215,2,4,5,2,5,6,1,3,4
1.3.6.1.4.1.14519.5.2.1.6279.6001.733642690503782454656013446707,Nodule 002,0.2324,0.5547,0.7519,0.0195,4,4,4,2,5,6,1,1,3
