uid,anno_index,coord_x,coord_y,coord_z,diameter,malscore,sphericiy,margin,spiculation,texture,calcification,internal_structure,lobulation,subtlety
1.3.6.1.4.1.14519.5.2.1.6279.6001.242761658169703141430370511586,10076,0.2158,0.6914,0.2114,0.0332,2,4,5,1,5,6,1,2,5
1.3.6.1.4.1.14519.5.2.1.6279.6001.242761658169703141430370511586,1687,0.2168,0.6914,0.2114,0.0312,5,3,5,1,5,6,1,1,4
1.3.6.1.4.1.14519.5.2.1.6279.6001.242761658169703141430370511586,IL057_123458,0.2139,0.6924,0.2114,0.0371,3,3,5,1,5,6,1,2,4
1.3.6.1.4.1.14519.5.2.1.6279.6001.242761658169703141430370511586,Nodule 001,0.2139,0.6934,0.2114,0.0371,4,3,4,2,5,6,1,1,4
