uid,anno_index,coord_x,coord_y,coord_z,diameter,malscore,sphericiy,margin,spiculation,texture,calcification,internal_structure,lobulation,subtlety
1.3.6.1.4.1.14519.5.2.1.6279.6001.367204840301639918160517361062,0,0.2617,0.6602,0.6654,0.0312,3,5,5,1,5,6,1,4,5
1.3.6.1.4.1.14519.5.2.1.6279.6001.367204840301639918160517361062,124231,0.2607,0.6582,0.6654,0.0234,3,3,4,2,5,6,1,3,4
1.3.6.1.4.1.14519.5.2.1.6279.6001.367204840301639918160517361062,Nodule 001,0.2598,0.6582,0.6617,0.0273,4,3,4,1,5,6,1,2,4
1.3.6.1.4.1.14519.5.2.1.6279.6001.367204840301639918160517361062,134807,0.2617,0.6572,0.6617,0.0254,2,3,5,1,5,6,1,2,4
