uid,anno_index,coord_x,coord_y,coord_z,diameter,malscore,sphericiy,margin,spiculation,texture,calcification,internal_structure,lobulation,subtlety
1.3.6.1.4.1.14519.5.2.1.6279.6001.179730018513720561213088132029,Nodule 001,0.2207,0.6572,0.2992,0.0176,1,4,5,1,5,3,1,1,5
1.3.6.1.4.1.14519.5.2.1.6279.6001.179730018513720561213088132029,9206,0.2207,0.6572,0.3031,0.0176,1,5,5,1,5,3,1,1,5
1.3.6.1.4.1.14519.5.2.1.6279.6001.179730018513720561213088132029,IL057_160787,0.2217,0.6572,0.2992,0.0176,1,5,5,1,5,3,1,1,4
1.3.6.1.4.1.14519.5.2.1.6279.6001.179730018513720561213088132029,53933,0.2207,0.6582,0.2992,0.0156,1,4,5,1,5,3,1,1,5
