uid,anno_index,coord_x,coord_y,coord_z,diameter,malscore,sphericiy,margin,spiculation,texture,calcification,internal_structure,lobulation,subtlety
1.3.6.1.4.1.14519.5.2.1.6279.6001.199282854229880908602362094937,Nodule 001,0.3193,0.2959,0.315,0.0254,4,3,4,1,5,6,1,1,4
1.3.6.1.4.1.14519.5.2.1.6279.6001.199282854229880908602362094937,19760,0.3203,0.2959,0.3129,0.0234,2,2,4,2,5,6,1,2,3
1.3.6.1.4.1.14519.5.2.1.6279.6001.199282854229880908602362094937,37824,0.3223,0.2959,0.3139,0.0273,2,2,3,1,5,6,1,1,3
