uid,anno_index,coord_x,coord_y,coord_z,diameter,malscore,sphericiy,margin,spiculation,texture,calcification,internal_structure,lobulation,subtlety
1.3.6.1.4.1.14519.5.2.1.6279.6001.121824995088859376862458155637,Nodule 001,0.1738,0.6094,0.7234,0.0273,3,3,4,1,5,6,1,1,4
1.3.6.1.4.1.14519.5.2.1.6279.6001.121824995088859376862458155637,Nodule 002,0.6973,0.6914,0.7766,0.0195,1,5,5,1,5,3,1,1,5
1.3.6.1.4.1.14519.5.2.1.6279.6001.121824995088859376862458155637,50234,0.1738,0.6123,0.7208,0.0254,3,3,4,2,5,6,1,2,3
1.3.6.1.4.1.14519.5.2.1.6279.6001.121824995088859376862458155637,79896,0.6982,0.6924,0.7741,0.0176,1,4,5,1,5,3,1,2,4
1.3.6.1.4.1.14519.5.2.1.6279.6001.121824995088859376862458155637,MI014_14498,0.1758,0.6123,0.7208,0.0215,3,3,2,1,4,6,1,1,5
1.3.6.1.4.1.14519.5.2.1.6279.6001.121824995088859376862458155637,MI014_14519,0.6982,0.6924,0.7741,0.0098,1,4,5,1,5,3,1,1,5
1.3.6.1.4.1.14519.5.2.1.6279.6001.121824995088859376862458155637,0,0.1738,0.6104,0.7208,0.0254,2,5,5,1,5,6,1,1,3
1.3.6.1.4.1.14519.5.2.1.6279.6001.121824995088859376862458155637,4,0.6973,0.6914,0.7766,0.0156,1,5,5,1,5,3,1,1,5
