uid,anno_index,coord_x,coord_y,coord_z,diameter,malscore,sphericiy,margin,spiculation,texture,calcification,internal_structure,lobulation,subtlety
1.3.6.1.4.1.14519.5.2.1.6279.6001.138813197521718693188313387015,Nodule 001,0.627,0.6572,0.3255,0.0527,4,3,4,2,5,6,1,2,5
1.3.6.1.4.1.14519.5.2.1.6279.6001.138813197521718693188313387015,IL057_127378,0.6289,0.6514,0.3255,0.0684,5,4,4,5,5,6,1,5,5
1.3.6.1.4.1.14519.5.2.1.6279.6001.138813197521718693188313387015,MI014_16404,0.6289,0.6602,0.3322,0.0508,3,4,3,3,4,6,1,3,4
1.3.6.1.4.1.14519.5.2.1.6279.6001.138813197521718693188313387015,0,0.6309,0.6533,0.3221,0.0566,3,5,5,1,5,6,1,4,5
