uid,anno_index,coord_x,coord_y,coord_z,diameter,malscore,sphericiy,margin,spiculation,texture,calcification,internal_structure,lobulation,subtlety
1.3.6.1.4.1.14519.5.2.1.6279.6001.850739282072340578344345230132,Nodule 001,0.3369,0.374,0.3862,0.0762,4,4,4,2,4,6,1,2,4
1.3.6.1.4.1.14519.5.2.1.6279.6001.850739282072340578344345230132,7220,0.3389,0.376,0.3932,0.0645,3,3,2,2,5,6,1,2,3
1.3.6.1.4.1.14519.5.2.1.6279.6001.850739282072340578344345230132,6,0.3369,0.374,0.3862,0.0762,4,5,5,1,5,6,1,1,5
1.3.6.1.4.1.14519.5.2.1.6279.6001.850739282072340578344345230132,21728,0.3398,0.3799,0.3897,0.0762,2,4,3,3,5,4,1,2,5
