uid,anno_index,coord_x,coord_y,coord_z,diameter,malscore,sphericiy,margin,spiculation,texture,calcification,internal_structure,lobulation,subtlety
1.3.6.1.4.1.14519.5.2.1.6279.6001.315214756157389122376518747372,Nodule 001,0.6045,0.4268,0.8511,0.0176,3,4,5,1,5,6,1,1,4
1.3.6.1.4.1.14519.5.2.1.6279.6001.315214756157389122376518747372,IL057_123848,0.6055,0.4277,0.8489,0.0156,3,4,4,1,5,6,1,1,3
1.3.6.1.4.1.14519.5.2.1.6279.6001.315214756157389122376518747372,MI014_16161,0.6055,0.4277,0.8511,0.0156,3,4,4,1,5,6,1,2,2
1.3.6.1.4.1.14519.5.2.1.6279.6001.315214756157389122376518747372,0,0.6035,0.4268,0.8489,0.0176,2,5,5,1,5,6,1,1,5
