uid,anno_index,coord_x,coord_y,coord_z,diameter,malscore,sphericiy,margin,spiculation,texture,calcification,internal_structure,lobulation,subtlety
1.3.6.1.4.1.14519.5.2.1.6279.6001.244681063194071446501270815660,Nodule 001,0.3174,0.6045,0.7725,0.0449,5,3,4,2,5,6,1,2,5
1.3.6.1.4.1.14519.5.2.1.6279.6001.244681063194071446501270815660,13318,0.3154,0.6055,0.7725,0.041,4,4,4,1,5,6,1,4,4
1.3.6.1.4.1.14519.5.2.1.6279.6001.244681063194071446501270815660,MI014_7954,0.3193,0.6035,0.7725,0.0391,4,5,4,1,5,6,1,2,5
1.3.6.1.4.1.14519.5.2.1.6279.6001.244681063194071446501270815660,10,0.3203,0.6035,0.7725,0.0391,3,5,5,1,5,6,1,1,5
