uid,anno_index,coord_x,coord_y,coord_z,diameter,malscore,sphericiy,margin,spiculation,texture,calcification,internal_structure,lobulation,subtlety
1.3.6.1.4.1.14519.5.2.1.6279.6001.779493719385047675154892222907,Nodule 001,0.3203,0.376,0.594,0.0312,4,4,4,1,5,6,1,2,4
1.3.6.1.4.1.14519.5.2.1.6279.6001.779493719385047675154892222907,Nodule 004,0.6611,0.4736,0.7105,0.0293,4,4,4,2,5,6,1,2,4
1.3.6.1.4.1.14519.5.2.1.6279.6001.779493719385047675154892222907,IL057_126997,0.6621,0.4746,0.7105,0.0312,5,5,5,1,5,6,1,1,5
1.3.6.1.4.1.14519.5.2.1.6279.6001.779493719385047675154892222907,IL057_126993,0.3213,0.375,0.594,0.0293,5,5,5,1,5,6,1,1,5
1.3.6.1.4.1.14519.5.2.1.6279.6001.779493719385047675154892222907,MI014_12238,0.6611,0.4736,0.7105,0.0293,3,3,3,2,5,6,1,1,2
1.3.6.1.4.1.14519.5.2.1.6279.6001.779493719385047675154892222907,MI014_12233,0.3203,0.375,0.594,0.0312,4,3,5,1,5,6,1,2,5
1.3.6.1.4.1.14519.5.2.1.6279.6001.779493719385047675154892222907,0,0.3184,0.375,0.5977,0.0312,2,5,5,1,5,6,1,1,3
1.3.6.1.4.1.14519.5.2.1.6279.6001.779493719385047675154892222907,5,0.6611,0.4727,0.7105,0.0312,2,5,5,1,5,6,1,1,3
