uid,anno_index,coord_x,coord_y,coord_z,diameter,malscore,sphericiy,margin,spiculation,texture,calcification,internal_structure,lobulation,subtlety
1.3.6.1.4.1.14519.5.2.1.6279.6001.194440094986948071643661798326,Nodule 001,0.6943,0.6328,0.2538,0.0332,4,3,4,1,5,4,1,2,5
1.3.6.1.4.1.14519.5.2.1.6279.6001.194440094986948071643661798326,10311,0.6953,0.6328,0.2538,0.0273,3,4,4,1,5,6,1,3,4
1.3.6.1.4.1.14519.5.2.1.6279.6001.194440094986948071643661798326,2805,0.6973,0.6328,0.2538,0.0273,3,3,4,2,5,6,1,2,2
1.3.6.1.4.1.14519.5.2.1.6279.6001.194440094986948071643661798326,0,0.6943,0.6328,0.2538,0.0332,4,5,5,1,5,6,1,3,5
