uid,anno_index,coord_x,coord_y,coord_z,diameter,malscore,sphericiy,margin,spiculation,texture,calcification,internal_structure,lobulation,subtlety
1.3.6.1.4.1.14519.5.2.1.6279.6001.417815314896088956784723476543,56537,0.2246,0.6475,0.8179,0.0156,2,4,4,1,5,6,1,1,3
1.3.6.1.4.1.14519.5.2.1.6279.6001.417815314896088956784723476543,Nodule 001,0.2217,0.6504,0.8161,0.0215,2,3,5,1,5,6,1,1,4
1.3.6.1.4.1.14519.5.2.1.6279.6001.417815314896088956784723476543,13630,0.2246,0.6494,0.8161,0.0176,3,5,3,1,5,6,1,1,5
1.3.6.1.4.1.14519.5.2.1.6279.6001.417815314896088956784723476543,0,0.2236,0.6484,0.8161,0.0195,3,5,5,1,5,6,1,1,5
