uid,anno_index,coord_x,coord_y,coord_z,diameter,malscore,sphericiy,margin,spiculation,texture,calcification,internal_structure,lobulation,subtlety
1.3.6.1.4.1.14519.5.2.1.6279.6001.147250707071097813243473865421,Nodule 005,0.4199,0.6875,0.6181,0.0273,2,3,5,1,5,6,1,1,5
1.3.6.1.4.1.14519.5.2.1.6279.6001.147250707071097813243473865421,Nodule 002,0.7031,0.5264,0.8776,0.0273,4,4,4,1,5,6,1,2,5
1.3.6.1.4.1.14519.5.2.1.6279.6001.147250707071097813243473865421,50071,0.7061,0.5244,0.8755,0.0293,4,4,3,2,3,6,1,1,5
1.3.6.1.4.1.14519.5.2.1.6279.6001.147250707071097813243473865421,50075,0.4199,0.6885,0.6181,0.0254,3,3,3,1,3,6,1,1,3
1.3.6.1.4.1.14519.5.2.1.6279.6001.147250707071097813243473865421,25903,0.7051,0.5254,0.8755,0.0234,4,5,2,2,1,6,1,4,4
1.3.6.1.4.1.14519.5.2.1.6279.6001.147250707071097813243473865421,25896,0.4199,0.6875,0.6181,0.0234,3,3,2,2,2,6,1,4,4
