uid,anno_index,coord_x,coord_y,coord_z,diameter,malscore,sphericiy,margin,spiculation,texture,calcification,internal_structure,lobulation,subtlety
1.3.6.1.4.1.14519.5.2.1.6279.6001.153985109349433321657655488650,101448,0.3506,0.5186,0.841,0.0996,5,3,1,5,3,6,1,3,5
1.3.6.1.4.1.14519.5.2.1.6279.6001.153985109349433321657655488650,123231,0.3535,0.5176,0.8459,0.1094,5,3,4,4,4,6,1,3,5
1.3.6.1.4.1.14519.5.2.1.6279.6001.153985109349433321657655488650,Nodule 002,0.3467,0.5264,0.841,0.123,5,2,3,4,5,6,1,2,5
