uid,anno_index,coord_x,coord_y,coord_z,diameter,malscore,sphericiy,margin,spiculation,texture,calcification,internal_structure,lobulation,subtlety
1.3.6.1.4.1.14519.5.2.1.6279.6001.114218724025049818743426522343,Nodule 003,0.2178,0.418,0.2633,0.0332,1,4,5,1,5,3,1,2,5
1.3.6.1.4.1.14519.5.2.1.6279.6001.114218724025049818743426522343,Nodule 002,0.8311,0.4844,0.39,0.0254,5,4,4,2,5,6,1,3,5
1.3.6.1.4.1.14519.5.2.1.6279.6001.114218724025049818743426522343,Nodule 001,0.7822,0.5225,0.4509,0.0332,4,2,4,2,4,6,1,2,4
1.3.6.1.4.1.14519.5.2.1.6279.6001.114218724025049818743426522343,13194,0.7832,0.5244,0.4509,0.0332,3,3,5,2,5,6,1,4,4
1.3.6.1.4.1.14519.5.2.1.6279.6001.114218724025049818743426522343,13171,0.832,0.4844,0.39,0.0273,3,3,4,3,5,6,1,3,4
1.3.6.1.4.1.14519.5.2.1.6279.6001.114218724025049818743426522343,13181,0.2188,0.418,0.2633,0.0312,1,3,4,2,5,3,1,4,4
1.3.6.1.4.1.14519.5.2.1.6279.6001.114218724025049818743426522343,29574,0.832,0.4844,0.39,0.0195,2,4,4,1,5,6,1,2,4
1.3.6.1.4.1.14519.5.2.1.6279.6001.114218724025049818743426522343,29569,0.2148,0.418,0.2633,0.0391,1,3,5,1,5,3,1,4,5
1.3.6.1.4.1.14519.5.2.1.6279.6001.114218724025049818743426522343,29567,0.7832,0.5234,0.4519,0.0273,2,4,3,1,5,6,1,1,4
