uid,anno_index,coord_x,coord_y,coord_z,diameter,malscore,sphericiy,margin,spiculation,texture,calcification,internal_structure,lobulation,subtlety
1.3.6.1.4.1.14519.5.2.1.6279.6001.245248446973732759194067808002,0,0.8135,0.4932,0.515,0.0215,4,5,4,4,4,6,1,4,5
1.3.6.1.4.1.14519.5.2.1.6279.6001.245248446973732759194067808002,37785,0.8145,0.4922,0.515,0.0234,3,5,1,1,2,6,1,1,3
1.3.6.1.4.1.14519.5.2.1.6279.6001.245248446973732759194067808002,Nodule 002,0.8125,0.4932,0.515,0.0234,5,3,5,1,5,6,1,2,5
1.3.6.1.4.1.14519.5.2.1.6279.6001.245248446973732759194067808002,19722,0.8125,0.4922,0.513,0.0234,4,4,2,2,1,6,1,2,4
