uid,anno_index,coord_x,coord_y,coord_z,diameter,malscore,sphericiy,margin,spiculation,texture,calcification,internal_structure,lobulation,subtlety
1.3.6.1.4.1.14519.5.2.1.6279.6001.138080888843357047811238713686,49987,0.1162,0.6211,0.4203,0.0273,3,3,1,1,5,6,1,1,5
1.3.6.1.4.1.14519.5.2.1.6279.6001.138080888843357047811238713686,Nodule 001,0.1133,0.623,0.4237,0.0273,4,3,4,1,4,6,1,2,5
1.3.6.1.4.1.14519.5.2.1.6279.6001.138080888843357047811238713686,1,0.1162,0.623,0.4237,0.0273,1,3,4,1,5,6,1,1,4
