uid,anno_index,coord_x,coord_y,coord_z,diameter,malscore,sphericiy,margin,spiculation,texture,calcification,internal_structure,lobulation,subtlety
1.3.6.1.4.1.14519.5.2.1.6279.6001.182192086929819295877506541021,13,0.6729,0.249,0.5291,0.0176,2,5,5,1,5,6,1,1,3
1.3.6.1.4.1.14519.5.2.1.6279.6001.182192086929819295877506541021,Nodule 008,0.6709,0.25,0.5291,0.0156,3,3,5,1,5,6,1,1,3
1.3.6.1.4.1.14519.5.2.1.6279.6001.182192086929819295877506541021,Nodule 006,0.6221,0.7568,0.5478,0.0293,2,3,4,2,3,6,1,2,3
1.3.6.1.4.1.14519.5.2.1.6279.6001.182192086929819295877506541021,49455,0.6201,0.7559,0.5468,0.0273,1,2,2,4,4,6,1,1,3
1.3.6.1.4.1.14519.5.2.1.6279.6001.182192086929819295877506541021,51527,0.6738,0.251,0.5281,0.0137,1,2,2,1,2,6,1,1,1
1.3.6.1.4.1.14519.5.2.1.6279.6001.182192086929819295877506541021,25478,0.6221,0.7559,0.5457,0.0293,3,4,2,4,2,6,1,4,4
1.3.6.1.4.1.14519.5.2.1.6279.6001.182192086929819295877506541021,25501,0.6709,0.251,0.5301,0.0176,3,3,2,2,2,6,1,3,3
