uid,anno_index,coord_x,coord_y,coord_z,diameter,malscore,sphericiy,margin,spiculation,texture,calcification,internal_structure,lobulation,subtlety
1.3.6.1.4.1.14519.5.2.1.6279.6001.939152384493874708850321969356,Nodule 002,0.8262,0.7109,0.3953,0.0195,5,4,4,1,5,6,1,2,5
1.3.6.1.4.1.14519.5.2.1.6279.6001.939152384493874708850321969356,13414,0.8271,0.7109,0.3953,0.0234,2,5,5,1,5,6,1,1,4
1.3.6.1.4.1.14519.5.2.1.6279.6001.939152384493874708850321969356,1480,0.8281,0.7119,0.3953,0.0234,3,4,4,2,4,6,1,3,2
1.3.6.1.4.1.14519.5.2.1.6279.6001.939152384493874708850321969356,0,0.8252,0.71,0.3924,0.0176,2,3,5,1,5,6,1,2,5
