uid,anno_index,coord_x,coord_y,coord_z,diameter,malscore,sphericiy,margin,spiculation,texture,calcification,internal_structure,lobulation,subtlety
1.3.6.1.4.1.14519.5.2.1.6279.6001.288701997968615460794642979503,12477,0.3887,0.6621,0.747,0.0234,2,4,3,1,5,6,1,1,5
1.3.6.1.4.1.14519.5.2.1.6279.6001.288701997968615460794642979503,12486,0.1582,0.7051,0.3343,0.0234,1,2,3,1,5,6,1,2,2
1.3.6.1.4.1.14519.5.2.1.6279.6001.288701997968615460794642979503,12492,0.8623,0.5693,0.3343,0.0137,1,4,5,1,5,6,1,1,3
1.3.6.1.4.1.14519.5.2.1.6279.6001.288701997968615460794642979503,16512,0.3926,0.6621,0.747,0.0234,3,2,4,2,5,6,1,1,3
1.3.6.1.4.1.14519.5.2.1.6279.6001.288701997968615460794642979503,16513,0.1582,0.7041,0.3343,0.0254,3,2,3,4,5,6,1,1,3
1.3.6.1.4.1.14519.5.2.1.6279.6001.288701997968615460794642979503,16514,0.8613,0.5693,0.3373,0.0215,3,4,3,1,5,6,1,1,3
1.3.6.1.4.1.14519.5.2.1.6279.6001.288701997968615460794642979503,2887,0.3906,0.6621,0.747,0.0195,3,3,4,1,4,6,1,1,5
1.3.6.1.4.1.14519.5.2.1.6279.6001.288701997968615460794642979503,2896,0.1572,0.7041,0.3373,0.0254,2,4,4,1,4,6,1,1,4
1.3.6.1.4.1.14519.5.2.1.6279.6001.288701997968615460794642979503,2902,0.8623,0.5693,0.3373,0.0215,2,3,2,4,4,6,1,1,5
