uid,anno_index,coord_x,coord_y,coord_z,diameter,malscore,sphericiy,margin,spiculation,texture,calcification,internal_structure,lobulation,subtlety
1.3.6.1.4.1.14519.5.2.1.6279.6001.127965161564033605177803085629,9827,0.2051,0.5088,0.5609,0.0391,5,4,2,1,5,6,1,1,5
1.3.6.1.4.1.14519.5.2.1.6279.6001.127965161564033605177803085629,Nodule 001,0.2061,0.5059,0.5635,0.0371,4,4,4,1,5,6,1,2,4
1.3.6.1.4.1.14519.5.2.1.6279.6001.127965161564033605177803085629,61867,0.2051,0.5049,0.5584,0.043,3,3,4,2,5,6,1,3,4
1.3.6.1.4.1.14519.5.2.1.6279.6001.127965161564033605177803085629,IL057_157625,0.2051,0.5078,0.5609,0.0352,4,5,3,2,5,6,1,3,3
