uid,anno_index,coord_x,coord_y,coord_z,diameter,malscore,sphericiy,margin,spiculation,texture,calcification,internal_structure,lobulation,subtlety
1.3.6.1.4.1.14519.5.2.1.6279.6001.227968442353440630355230778531,13443,0.3047,0.6475,0.8252,0.0488,5,4,3,3,5,6,1,1,5
1.3.6.1.4.1.14519.5.2.1.6279.6001.227968442353440630355230778531,Nodule 001,0.3008,0.6475,0.8233,0.0527,5,3,3,3,5,6,1,3,5
1.3.6.1.4.1.14519.5.2.1.6279.6001.227968442353440630355230778531,13871,0.3027,0.6465,0.8365,0.0508,5,4,2,1,5,6,1,1,5
1.3.6.1.4.1.14519.5.2.1.6279.6001.227968442353440630355230778531,0,0.3027,0.6465,0.8233,0.0469,2,5,5,1,5,6,1,4,5
