uid,anno_index,coord_x,coord_y,coord_z,diameter,malscore,sphericiy,margin,spiculation,texture,calcification,internal_structure,lobulation,subtlety
1.3.6.1.4.1.14519.5.2.1.6279.6001.281489753704424911132261151767,1,0.8838,0.3857,0.1189,0.0371,2,5,5,1,5,6,1,1,3
1.3.6.1.4.1.14519.5.2.1.6279.6001.281489753704424911132261151767,141805,0.8838,0.3877,0.1189,0.0215,3,3,4,2,5,6,1,3,4
1.3.6.1.4.1.14519.5.2.1.6279.6001.281489753704424911132261151767,159435,0.8838,0.3877,0.1178,0.0215,3,3,4,2,5,6,1,2,3
1.3.6.1.4.1.14519.5.2.1.6279.6001.281489753704424911132261151767,Nodule 001,0.8828,0.3867,0.1178,0.0234,4,3,4,1,5,6,1,2,3
