uid,anno_index,coord_x,coord_y,coord_z,diameter,malscore,sphericiy,margin,spiculation,texture,calcification,internal_structure,lobulation,subtlety
1.3.6.1.4.1.14519.5.2.1.6279.6001.259227883564429312164962953756,54987,0.4492,0.6309,0.6633,0.0508,4,2,3,4,5,6,1,1,4
1.3.6.1.4.1.14519.5.2.1.6279.6001.259227883564429312164962953756,Nodule 001,0.4541,0.6309,0.6653,0.0508,4,3,4,2,5,6,1,3,5
1.3.6.1.4.1.14519.5.2.1.6279.6001.259227883564429312164962953756,35097,0.4531,0.6318,0.6653,0.0566,5,4,4,4,5,6,1,2,4
1.3.6.1.4.1.14519.5.2.1.6279.6001.259227883564429312164962953756,0,0.4502,0.6289,0.6653,0.0508,3,5,5,1,5,6,1,3,4
