uid,anno_index,coord_x,coord_y,coord_z,diameter,malscore,sphericiy,margin,spiculation,texture,calcification,internal_structure,lobulation,subtlety
1.3.6.1.4.1.14519.5.2.1.6279.6001.194766721609772924944646251928,Nodule 001,0.2842,0.5176,0.6692,0.0742,5,3,3,4,5,6,1,2,5
1.3.6.1.4.1.14519.5.2.1.6279.6001.194766721609772924944646251928,163111,0.2852,0.5156,0.6692,0.0977,5,3,4,5,5,6,1,5,5
1.3.6.1.4.1.14519.5.2.1.6279.6001.194766721609772924944646251928,160640,0.3125,0.5342,0.6729,0.125,5,3,4,5,5,6,1,3,5
1.3.6.1.4.1.14519.5.2.1.6279.6001.194766721609772924944646251928,0,0.2852,0.5176,0.6729,0.0977,4,5,4,5,4,6,1,1,5
