uid,anno_index,coord_x,coord_y,coord_z,diameter,malscore,sphericiy,margin,spiculation,texture,calcification,internal_structure,lobulation,subtlety
1.3.6.1.4.1.14519.5.2.1.6279.6001.154677396354641150280013275227,34969,0.3564,0.4785,0.5836,0.0508,1,2,4,4,5,6,1,1,5
1.3.6.1.4.1.14519.5.2.1.6279.6001.154677396354641150280013275227,Nodule 001,0.3604,0.4727,0.5818,0.0586,5,2,4,3,5,6,1,3,5
1.3.6.1.4.1.14519.5.2.1.6279.6001.154677396354641150280013275227,8170,0.3594,0.4727,0.5727,0.0586,4,3,3,2,5,5,1,2,5
1.3.6.1.4.1.14519.5.2.1.6279.6001.154677396354641150280013275227,1,0.3643,0.4785,0.58,0.0527,3,5,5,1,5,6,1,3,5
