uid,anno_index,coord_x,coord_y,coord_z,diameter,malscore,sphericiy,margin,spiculation,texture,calcification,internal_structure,lobulation,subtlety
1.3.6.1.4.1.14519.5.2.1.6279.6001.188265424231150847356515802868,Nodule 001,0.3516,0.5645,0.8523,0.0234,3,4,4,1,5,6,1,1,4
1.3.6.1.4.1.14519.5.2.1.6279.6001.188265424231150847356515802868,IL057_127399,0.3516,0.5654,0.849,0.0273,1,4,5,1,5,3,1,2,5
1.3.6.1.4.1.14519.5.2.1.6279.6001.188265424231150847356515802868,MI014_16426,0.3516,0.5654,0.8523,0.0234,1,4,5,1,5,3,1,2,5
1.3.6.1.4.1.14519.5.2.1.6279.6001.188265424231150847356515802868,2,0.3525,0.5645,0.849,0.0254,1,5,5,1,5,3,1,1,5
