uid,anno_index,coord_x,coord_y,coord_z,diameter,malscore,sphericiy,margin,spiculation,texture,calcification,internal_structure,lobulation,subtlety
1.3.6.1.4.1.14519.5.2.1.6279.6001.206097113343059612247503064658,Nodule 001,0.709,0.6523,0.6454,0.0859,5,3,3,3,5,6,1,3,5
1.3.6.1.4.1.14519.5.2.1.6279.6001.206097113343059612247503064658,IL057_166336,0.7178,0.6484,0.6439,0.1016,5,3,4,4,5,6,1,5,5
1.3.6.1.4.1.14519.5.2.1.6279.6001.206097113343059612247503064658,0,0.7109,0.6533,0.6454,0.0879,4,4,5,3,5,6,1,1,5
