uid,anno_index,coord_x,coord_y,coord_z,diameter,malscore,sphericiy,margin,spiculation,texture,calcification,internal_structure,lobulation,subtlety
1.3.6.1.4.1.14519.5.2.1.6279.6001.148229375703208214308676934766,57439,0.9541,0.5469,0.2872,0.0234,2,3,4,1,5,6,1,1,3
1.3.6.1.4.1.14519.5.2.1.6279.6001.148229375703208214308676934766,57592,0.7295,0.4951,0.7281,0.0215,1,3,5,1,5,3,1,3,2
1.3.6.1.4.1.14519.5.2.1.6279.6001.148229375703208214308676934766,39999,0.7295,0.4941,0.7281,0.0234,1,3,5,3,5,3,1,1,4
1.3.6.1.4.1.14519.5.2.1.6279.6001.148229375703208214308676934766,39968,0.9561,0.5469,0.2882,0.0234,3,4,5,2,5,6,1,2,3
1.3.6.1.4.1.14519.5.2.1.6279.6001.148229375703208214308676934766,13651,0.9561,0.5469,0.2882,0.0273,3,3,4,1,5,6,1,2,2
1.3.6.1.4.1.14519.5.2.1.6279.6001.148229375703208214308676934766,14176,0.7305,0.4951,0.7281,0.0254,1,3,4,1,5,3,1,3,3
1.3.6.1.4.1.14519.5.2.1.6279.6001.148229375703208214308676934766,0,0.9541,0.5469,0.2882,0.0234,2,5,5,1,5,6,1,1,3
1.3.6.1.4.1.14519.5.2.1.6279.6001.148229375703208214308676934766,7,0.7295,0.4951,0.7291,0.0254,1,5,5,2,5,3,1,1,5
