uid,anno_index,coord_x,coord_y,coord_z,diameter,malscore,sphericiy,margin,spiculation,texture,calcification,internal_structure,lobulation,subtlety
1.3.6.1.4.1.14519.5.2.1.6279.6001.199975006921901879512837687266,71315,0.2725,0.3936,0.79,0.0293,3,3,1,1,1,6,1,1,3
1.3.6.1.4.1.14519.5.2.1.6279.6001.199975006921901879512837687266,IL057_166426,0.2734,0.3955,0.792,0.0332,4,3,1,2,1,6,1,3,1
1.3.6.1.4.1.14519.5.2.1.6279.6001.199975006921901879512837687266,3679,0.2725,0.3936,0.79,0.0254,3,2,2,1,1,6,1,1,1
