uid,anno_index,coord_x,coord_y,coord_z,diameter,malscore,sphericiy,margin,spiculation,texture,calcification,internal_structure,lobulation,subtlety
1.3.6.1.4.1.14519.5.2.1.6279.6001.174168737938619557573021395302,163189,0.7188,0.6875,0.141,0.0156,1,2,5,1,5,3,1,2,4
1.3.6.1.4.1.14519.5.2.1.6279.6001.174168737938619557573021395302,161965,0.7188,0.6875,0.141,0.0156,1,3,5,1,5,3,1,1,2
1.3.6.1.4.1.14519.5.2.1.6279.6001.174168737938619557573021395302,Nodule 001,0.7168,0.6875,0.141,0.0156,2,4,5,1,5,6,1,1,3
