uid,anno_index,coord_x,coord_y,coord_z,diameter,malscore,sphericiy,margin,spiculation,texture,calcification,internal_structure,lobulation,subtlety
1.3.6.1.4.1.14519.5.2.1.6279.6001.130438550890816550994739120843,IL057_91752,0.7607,0.5283,0.8139,0.0215,3,4,2,1,1,6,1,2,1
1.3.6.1.4.1.14519.5.2.1.6279.6001.130438550890816550994739120843,6976,0.7617,0.5283,0.812,0.0215,2,4,1,1,3,6,1,1,2
1.3.6.1.4.1.14519.5.2.1.6279.6001.130438550890816550994739120843,Nodule 002,0.7598,0.5283,0.812,0.0215,4,4,5,1,5,6,1,1,5
