uid,anno_index,coord_x,coord_y,coord_z,diameter,malscore,sphericiy,margin,spiculation,texture,calcification,internal_structure,lobulation,subtlety
1.3.6.1.4.1.14519.5.2.1.6279.6001.321935195060268166151738328001,1,0.6768,0.4365,0.1425,0.0293,2,5,5,1,5,6,1,1,3
1.3.6.1.4.1.14519.5.2.1.6279.6001.321935195060268166151738328001,171510,0.3838,0.7227,0.4065,0.082,4,2,1,3,5,6,1,4,5
1.3.6.1.4.1.14519.5.2.1.6279.6001.321935195060268166151738328001,173203,0.6758,0.4365,0.1425,0.0293,3,4,4,1,5,6,1,1,5
1.3.6.1.4.1.14519.5.2.1.6279.6001.321935195060268166151738328001,168155,0.3857,0.7227,0.4089,0.0781,3,2,4,2,5,6,1,3,5
1.3.6.1.4.1.14519.5.2.1.6279.6001.321935195060268166151738328001,168159,0.6758,0.4336,0.1425,0.0352,4,5,5,1,5,6,1,1,5
1.3.6.1.4.1.14519.5.2.1.6279.6001.321935195060268166151738328001,Nodule 003,0.6768,0.4365,0.1402,0.0293,4,3,5,1,5,6,1,1,4
1.3.6.1.4.1.14519.5.2.1.6279.6001.321935195060268166151738328001,Nodule 002,0.3848,0.7402,0.3995,0.043,4,3,4,1,4,6,1,2,4
1.3.6.1.4.1.14519.5.2.1.6279.6001.321935195060268166151738328001,Nodule 001,0.3877,0.71,0.4299,0.0527,4,3,4,3,5,6,1,2,4
