uid,anno_index,coord_x,coord_y,coord_z,diameter,malscore,sphericiy,margin,spiculation,texture,calcification,internal_structure,lobulation,subtlety
1.3.6.1.4.1.14519.5.2.1.6279.6001.997611074084993415992563148335,Nodule 001,0.6611,0.7217,0.3246,0.0176,3,4,5,1,5,6,1,1,4
1.3.6.1.4.1.14519.5.2.1.6279.6001.997611074084993415992563148335,1,0.4434,0.5908,0.4474,0.0898,3,5,5,1,5,6,1,3,5
1.3.6.1.4.1.14519.5.2.1.6279.6001.997611074084993415992563148335,44269,0.4404,0.5811,0.4474,0.0957,5,4,4,2,5,6,1,2,5
1.3.6.1.4.1.14519.5.2.1.6279.6001.997611074084993415992563148335,44275,0.6621,0.7217,0.3263,0.0195,1,5,5,1,5,3,1,1,4
1.3.6.1.4.1.14519.5.2.1.6279.6001.997611074084993415992563148335,56984,0.4395,0.5791,0.4456,0.1074,5,4,2,3,5,6,1,2,5
1.3.6.1.4.1.14519.5.2.1.6279.6001.997611074084993415992563148335,57124,0.6621,0.7217,0.3263,0.0156,1,3,5,1,5,3,1,1,3
