uid,anno_index,coord_x,coord_y,coord_z,diameter,malscore,sphericiy,margin,spiculation,texture,calcification,internal_structure,lobulation,subtlety
1.3.6.1.4.1.14519.5.2.1.6279.6001.227707494413800460340110762069,Nodule 003,0.3906,0.6963,0.448,0.0273,4,4,5,1,5,6,1,1,3
1.3.6.1.4.1.14519.5.2.1.6279.6001.227707494413800460340110762069,IL057_160805,0.3926,0.6953,0.448,0.0234,3,5,4,1,5,6,1,2,2
1.3.6.1.4.1.14519.5.2.1.6279.6001.227707494413800460340110762069,MI014_19836,0.3916,0.6973,0.448,0.0254,5,5,5,1,5,6,1,1,5
1.3.6.1.4.1.14519.5.2.1.6279.6001.227707494413800460340110762069,2,0.3926,0.6963,0.448,0.0234,2,5,5,1,5,6,1,1,3
