uid,anno_index,coord_x,coord_y,coord_z,diameter,malscore,sphericiy,margin,spiculation,texture,calcification,internal_structure,lobulation,subtlety
1.3.6.1.4.1.14519.5.2.1.6279.6001.162901839201654862079549658100,Nodule 001,0.7529,0.7344,0.4922,0.0449,3,2,3,3,3,6,1,2,3
1.3.6.1.4.1.14519.5.2.1.6279.6001.162901839201654862079549658100,22071,0.751,0.7393,0.4896,0.041,3,4,3,2,2,6,1,2,2
1.3.6.1.4.1.14519.5.2.1.6279.6001.162901839201654862079549658100,2050,0.7461,0.7412,0.487,0.0352,3,4,2,1,1,6,1,1,5
