uid,anno_index,coord_x,coord_y,coord_z,diameter,malscore,sphericiy,margin,spiculation,texture,calcification,internal_structure,lobulation,subtlety
1.3.6.1.4.1.14519.5.2.1.6279.6001.333145094436144085379032922488,Nodule 001,0.3643,0.7051,0.4353,0.0215,3,4,4,2,5,6,1,1,4
1.3.6.1.4.1.14519.5.2.1.6279.6001.333145094436144085379032922488,IL057_167661,0.3643,0.707,0.4353,0.0234,4,5,4,2,5,6,1,1,4
1.3.6.1.4.1.14519.5.2.1.6279.6001.333145094436144085379032922488,MI014_17942,0.3652,0.7051,0.4353,0.0195,3,5,3,3,5,6,1,3,3
1.3.6.1.4.1.14519.5.2.1.6279.6001.333145094436144085379032922488,0,0.3633,0.7061,0.4353,0.0254,4,5,4,5,4,6,1,1,5
