uid,anno_index,coord_x,coord_y,coord_z,diameter,malscore,sphericiy,margin,spiculation,texture,calcification,internal_structure,lobulation,subtlety
1.3.6.1.4.1.14519.5.2.1.6279.6001.272961322147784625028175033640,Nodule 002,0.1973,0.7568,0.3512,0.0234,3,3,5,1,5,6,1,1,4
1.3.6.1.4.1.14519.5.2.1.6279.6001.272961322147784625028175033640,IL057_127581,0.1953,0.7578,0.3512,0.0195,3,3,3,1,4,6,1,1,4
1.3.6.1.4.1.14519.5.2.1.6279.6001.272961322147784625028175033640,MI014_16489,0.1953,0.7568,0.3512,0.0195,3,3,4,1,2,6,1,2,2
1.3.6.1.4.1.14519.5.2.1.6279.6001.272961322147784625028175033640,0,0.1953,0.7549,0.3554,0.0215,2,5,5,1,5,6,1,1,3
