uid,anno_index,coord_x,coord_y,coord_z,diameter,malscore,sphericiy,margin,spiculation,texture,calcification,internal_structure,lobulation,subtlety
1.3.6.1.4.1.14519.5.2.1.6279.6001.271307051432838466826189754230,154675,0.8438,0.4619,0.3008,0.0625,4,3,5,1,5,6,1,3,5
1.3.6.1.4.1.14519.5.2.1.6279.6001.271307051432838466826189754230,0,0.8418,0.4619,0.3008,0.0703,4,5,4,5,4,6,1,1,5
1.3.6.1.4.1.14519.5.2.1.6279.6001.271307051432838466826189754230,Nodule 001,0.8438,0.4609,0.3008,0.0625,4,3,5,1,5,6,1,1,4
1.3.6.1.4.1.14519.5.2.1.6279.6001.271307051432838466826189754230,201271,0.834,0.458,0.297,0.0859,5,4,5,3,5,6,1,3,5
