uid,anno_index,coord_x,coord_y,coord_z,diameter,malscore,sphericiy,margin,spiculation,texture,calcification,internal_structure,lobulation,subtlety
1.3.6.1.4.1.14519.5.2.1.6279.6001.440226700369921575481834344455,Nodule 001,0.2217,0.5781,0.7914,0.0469,5,2,4,3,4,6,1,3,5
1.3.6.1.4.1.14519.5.2.1.6279.6001.440226700369921575481834344455,13380,0.2188,0.5771,0.7941,0.0371,5,4,2,2,5,6,1,4,5
1.3.6.1.4.1.14519.5.2.1.6279.6001.440226700369921575481834344455,MI014_537,0.2178,0.5771,0.7941,0.0449,5,4,3,1,4,6,1,4,5
1.3.6.1.4.1.14519.5.2.1.6279.6001.440226700369921575481834344455,0,0.2188,0.5791,0.7941,0.041,3,5,5,1,5,6,1,5,5
