uid,anno_index,coord_x,coord_y,coord_z,diameter,malscore,sphericiy,margin,spiculation,texture,calcification,internal_structure,lobulation,subtlety
1.3.6.1.4.1.14519.5.2.1.6279.6001.299476369290630280560355838785,6170,0.2266,0.3887,0.5649,0.0195,3,3,4,2,5,6,1,1,5
1.3.6.1.4.1.14519.5.2.1.6279.6001.299476369290630280560355838785,6177,0.1611,0.667,0.3035,0.0176,3,3,4,1,5,6,1,1,4
1.3.6.1.4.1.14519.5.2.1.6279.6001.299476369290630280560355838785,Nodule 009,0.1592,0.667,0.3035,0.0176,3,4,5,1,5,6,1,1,4
1.3.6.1.4.1.14519.5.2.1.6279.6001.299476369290630280560355838785,Nodule 002,0.2246,0.3877,0.5667,0.0234,3,3,5,1,5,6,1,2,4
1.3.6.1.4.1.14519.5.2.1.6279.6001.299476369290630280560355838785,IL057_92965,0.2275,0.3877,0.5649,0.0215,3,5,5,1,5,6,1,4,4
1.3.6.1.4.1.14519.5.2.1.6279.6001.299476369290630280560355838785,5749,0.2314,0.3877,0.5649,0.0254,5,4,5,2,5,6,1,1,5
1.3.6.1.4.1.14519.5.2.1.6279.6001.299476369290630280560355838785,5756,0.1611,0.667,0.3053,0.0176,5,4,5,1,5,6,1,1,5
