uid,anno_index,coord_x,coord_y,coord_z,diameter,malscore,sphericiy,margin,spiculation,texture,calcification,internal_structure,lobulation,subtlety
1.3.6.1.4.1.14519.5.2.1.6279.6001.309672797925724868457151381131,IL057_201278,0.6934,0.8057,0.4784,0.0527,1,4,3,1,5,5,1,3,5
1.3.6.1.4.1.14519.5.2.1.6279.6001.309672797925724868457151381131,MI014_17880,0.6914,0.8008,0.4817,0.0312,1,3,5,1,5,3,1,5,4
1.3.6.1.4.1.14519.5.2.1.6279.6001.309672797925724868457151381131,8,0.6904,0.7998,0.4801,0.0254,1,5,5,1,5,3,1,1,5
