uid,anno_index,coord_x,coord_y,coord_z,diameter,malscore,sphericiy,margin,spiculation,texture,calcification,internal_structure,lobulation,subtlety
1.3.6.1.4.1.14519.5.2.1.6279.6001.692598144815688523679745963696,1545,0.3936,0.4844,0.8603,0.0195,3,3,2,2,2,6,1,2,3
1.3.6.1.4.1.14519.5.2.1.6279.6001.692598144815688523679745963696,1561,0.8584,0.4033,0.364,0.0293,3,3,5,1,5,6,1,1,4
1.3.6.1.4.1.14519.5.2.1.6279.6001.692598144815688523679745963696,2711,0.3926,0.4834,0.864,0.0234,3,5,3,1,3,6,1,1,4
1.3.6.1.4.1.14519.5.2.1.6279.6001.692598144815688523679745963696,2727,0.8574,0.4023,0.364,0.0273,4,4,5,1,5,6,1,2,5
1.3.6.1.4.1.14519.5.2.1.6279.6001.692598144815688523679745963696,Nodule 001,0.8555,0.4033,0.364,0.0312,4,3,4,5,5,6,1,4,4
1.3.6.1.4.1.14519.5.2.1.6279.6001.692598144815688523679745963696,Nodule 002,0.3906,0.4834,0.864,0.0215,2,5,2,5,2,6,1,5,3
1.3.6.1.4.1.14519.5.2.1.6279.6001.692598144815688523679745963696,150,0.3926,0.4844,0.864,0.0156,3,5,5,1,2,6,1,1,5
1.3.6.1.4.1.14519.5.2.1.6279.6001.692598144815688523679745963696,166,0.8584,0.4023,0.364,0.0254,4,3,5,4,4,6,1,1,5
