uid,anno_index,coord_x,coord_y,coord_z,diameter,malscore,sphericiy,margin,spiculation,texture,calcification,internal_structure,lobulation,subtlety
1.3.6.1.4.1.14519.5.2.1.6279.6001.300246184547502297539521283806,0,0.2607,0.3037,0.3247,0.0137,2,5,5,1,5,6,1,1,3
1.3.6.1.4.1.14519.5.2.1.6279.6001.300246184547502297539521283806,3,0.7988,0.4873,0.7013,0.0156,2,5,5,1,5,6,1,1,3
1.3.6.1.4.1.14519.5.2.1.6279.6001.300246184547502297539521283806,Nodule 001,0.2607,0.3027,0.3214,0.0156,3,4,5,1,5,6,1,1,4
1.3.6.1.4.1.14519.5.2.1.6279.6001.300246184547502297539521283806,Nodule 003,0.7959,0.4873,0.7013,0.0254,3,3,5,1,5,6,1,1,4
1.3.6.1.4.1.14519.5.2.1.6279.6001.300246184547502297539521283806,37608,0.2607,0.3027,0.3214,0.0156,1,4,4,1,5,6,1,1,2
1.3.6.1.4.1.14519.5.2.1.6279.6001.300246184547502297539521283806,37606,0.7979,0.4883,0.6981,0.0176,1,3,3,1,4,6,1,1,2
