uid,anno_index,coord_x,coord_y,coord_z,diameter,malscore,sphericiy,margin,spiculation,texture,calcification,internal_structure,lobulation,subtlety
1.3.6.1.4.1.14519.5.2.1.6279.6001.274052674198758621258447180130,74124,0.2783,0.584,0.525,0.0312,3,4,4,3,5,6,1,2,4
1.3.6.1.4.1.14519.5.2.1.6279.6001.274052674198758621258447180130,75237,0.292,0.7803,0.3617,0.0371,1,3,4,1,3,3,1,5,4
1.3.6.1.4.1.14519.5.2.1.6279.6001.274052674198758621258447180130,Nodule 001,0.292,0.7871,0.3617,0.0234,4,3,4,2,5,6,1,2,4
1.3.6.1.4.1.14519.5.2.1.6279.6001.274052674198758621258447180130,Nodule 003,0.2754,0.5859,0.5267,0.0273,4,3,4,2,5,6,1,2,4
1.3.6.1.4.1.14519.5.2.1.6279.6001.274052674198758621258447180130,15426,0.293,0.7793,0.36,0.0352,1,2,3,2,5,3,1,1,5
1.3.6.1.4.1.14519.5.2.1.6279.6001.274052674198758621258447180130,0,0.2793,0.585,0.5267,0.0273,3,4,4,1,5,6,1,1,5
1.3.6.1.4.1.14519.5.2.1.6279.6001.274052674198758621258447180130,2,0.291,0.7812,0.3617,0.0352,1,3,4,1,5,4,1,2,5
