uid,anno_index,coord_x,coord_y,coord_z,diameter,malscore,sphericiy,margin,spiculation,texture,calcification,internal_structure,lobulation,subtlety
1.3.6.1.4.1.14519.5.2.1.6279.6001.670107649586205629860363487713,6272,0.375,0.7969,0.4521,0.0312,4,5,5,1,5,6,1,1,5
1.3.6.1.4.1.14519.5.2.1.6279.6001.670107649586205629860363487713,IL057_69743,0.373,0.7979,0.4521,0.0352,4,5,3,1,5,6,1,1,5
1.3.6.1.4.1.14519.5.2.1.6279.6001.670107649586205629860363487713,Nodule 001,0.373,0.7959,0.4521,0.0352,5,4,4,1,5,6,1,2,5
1.3.6.1.4.1.14519.5.2.1.6279.6001.670107649586205629860363487713,4900,0.375,0.7988,0.4542,0.0352,3,5,4,1,4,6,1,1,3
