uid,anno_index,coord_x,coord_y,coord_z,diameter,malscore,sphericiy,margin,spiculation,texture,calcification,internal_structure,lobulation,subtlety
1.3.6.1.4.1.14519.5.2.1.6279.6001.246758220302211646532176593724,60185,0.8115,0.498,0.5533,0.0156,1,3,4,1,5,6,1,1,3
1.3.6.1.4.1.14519.5.2.1.6279.6001.246758220302211646532176593724,60184,0.7441,0.4336,0.7617,0.0156,1,4,4,1,5,6,1,1,2
1.3.6.1.4.1.14519.5.2.1.6279.6001.246758220302211646532176593724,Nodule 001,0.8096,0.499,0.555,0.0176,3,4,5,2,5,6,1,1,4
1.3.6.1.4.1.14519.5.2.1.6279.6001.246758220302211646532176593724,Nodule 002,0.7441,0.4346,0.7633,0.0176,3,5,5,1,5,6,1,1,3
1.3.6.1.4.1.14519.5.2.1.6279.6001.246758220302211646532176593724,13987,0.7441,0.4346,0.7633,0.0137,1,4,5,1,5,3,1,1,5
1.3.6.1.4.1.14519.5.2.1.6279.6001.246758220302211646532176593724,14940,0.8115,0.4971,0.555,0.0137,1,4,5,1,5,3,1,1,5
1.3.6.1.4.1.14519.5.2.1.6279.6001.246758220302211646532176593724,0,0.8105,0.4961,0.5533,0.0156,2,5,5,1,5,6,1,1,5
1.3.6.1.4.1.14519.5.2.1.6279.6001.246758220302211646532176593724,7,0.7451,0.4336,0.7617,0.0176,3,5,5,1,5,6,1,1,5
