uid,anno_index,coord_x,coord_y,coord_z,diameter,malscore,sphericiy,margin,spiculation,texture,calcification,internal_structure,lobulation,subtlety
1.3.6.1.4.1.14519.5.2.1.6279.6001.392861216720727557882279374324,141590,0.3281,0.4033,0.7546,0.0273,3,3,3,1,1,6,1,2,2
1.3.6.1.4.1.14519.5.2.1.6279.6001.392861216720727557882279374324,167196,0.3271,0.4023,0.7534,0.0312,3,3,1,1,1,6,1,1,1
1.3.6.1.4.1.14519.5.2.1.6279.6001.392861216720727557882279374324,Nodule 006,0.3262,0.4033,0.7546,0.0273,3,4,4,1,3,6,1,2,3
1.3.6.1.4.1.14519.5.2.1.6279.6001.392861216720727557882279374324,2,0.3252,0.4033,0.7511,0.0332,2,5,2,1,1,6,1,1,1
