uid,anno_index,coord_x,coord_y,coord_z,diameter,malscore,sphericiy,margin,spiculation,texture,calcification,internal_structure,lobulation,subtlety
1.3.6.1.4.1.14519.5.2.1.6279.6001.313835996725364342034830119490,56959,0.2363,0.5645,0.8129,0.0586,3,3,5,1,5,6,1,2,4
1.3.6.1.4.1.14519.5.2.1.6279.6001.313835996725364342034830119490,Nodule 002,0.2344,0.5615,0.8129,0.0527,5,3,4,2,5,6,1,3,5
1.3.6.1.4.1.14519.5.2.1.6279.6001.313835996725364342034830119490,0,0.2354,0.5605,0.8129,0.0469,2,5,5,1,5,6,1,2,5
1.3.6.1.4.1.14519.5.2.1.6279.6001.313835996725364342034830119490,44242,0.2354,0.5625,0.8151,0.0547,5,4,5,2,5,6,1,3,5
