uid,anno_index,coord_x,coord_y,coord_z,diameter,malscore,sphericiy,margin,spiculation,texture,calcification,internal_structure,lobulation,subtlety
1.3.6.1.4.1.14519.5.2.1.6279.6001.336225579776978874775723463327,Nodule 002,0.6719,0.6172,0.2862,0.0195,4,3,4,1,5,6,1,2,3
1.3.6.1.4.1.14519.5.2.1.6279.6001.336225579776978874775723463327,IL057_201370,0.6738,0.6172,0.2828,0.0234,3,3,3,1,5,6,1,2,3
1.3.6.1.4.1.14519.5.2.1.6279.6001.336225579776978874775723463327,1,0.6738,0.6182,0.2828,0.0176,2,4,4,1,5,6,1,1,4
