uid,anno_index,coord_x,coord_y,coord_z,diameter,malscore,sphericiy,margin,spiculation,texture,calcification,internal_structure,lobulation,subtlety
1.3.6.1.4.1.14519.5.2.1.6279.6001.126264578931778258890371755354,59396,0.7139,0.5166,0.7812,0.0254,3,5,5,1,5,6,1,1,4
1.3.6.1.4.1.14519.5.2.1.6279.6001.126264578931778258890371755354,39679,0.7139,0.5166,0.7812,0.0254,3,5,5,1,5,6,1,1,4
1.3.6.1.4.1.14519.5.2.1.6279.6001.126264578931778258890371755354,9655,0.7139,0.5156,0.7812,0.0254,3,3,4,1,5,6,1,1,1
1.3.6.1.4.1.14519.5.2.1.6279.6001.126264578931778258890371755354,0,0.7148,0.5166,0.7812,0.0254,2,5,5,1,5,6,1,1,5
