uid,anno_index,coord_x,coord_y,coord_z,diameter,malscore,sphericiy,margin,spiculation,texture,calcification,internal_structure,lobulation,subtlety
1.3.6.1.4.1.14519.5.2.1.6279.6001.193808128386712859512130599234,174147,0.3672,0.4062,0.7344,0.0234,3,3,4,1,5,6,1,3,4
1.3.6.1.4.1.14519.5.2.1.6279.6001.193808128386712859512130599234,0,0.3672,0.4072,0.7344,0.0176,3,4,4,2,5,6,1,2,5
1.3.6.1.4.1.14519.5.2.1.6279.6001.193808128386712859512130599234,172364,0.3682,0.4082,0.7344,0.0195,3,4,4,3,5,6,1,1,4
1.3.6.1.4.1.14519.5.2.1.6279.6001.193808128386712859512130599234,Nodule 001,0.3672,0.4072,0.7344,0.0215,4,4,4,2,5,6,1,2,4
