uid,anno_index,coord_x,coord_y,coord_z,diameter,malscore,sphericiy,margin,spiculation,texture,calcification,internal_structure,lobulation,subtlety
1.3.6.1.4.1.14519.5.2.1.6279.6001.262736997975960398949912434623,Nodule 001,0.1816,0.5586,0.5385,0.0156,3,5,5,1,5,6,1,1,3
1.3.6.1.4.1.14519.5.2.1.6279.6001.262736997975960398949912434623,Nodule 002,0.2549,0.3721,0.6731,0.0137,2,3,2,1,1,6,2,1,2
1.3.6.1.4.1.14519.5.2.1.6279.6001.262736997975960398949912434623,13383,0.1836,0.5586,0.5385,0.0156,2,5,4,1,4,6,1,1,3
1.3.6.1.4.1.14519.5.2.1.6279.6001.262736997975960398949912434623,1920,0.2568,0.3701,0.6758,0.0176,3,3,3,5,3,6,1,5,4
1.3.6.1.4.1.14519.5.2.1.6279.6001.262736997975960398949912434623,1916,0.1826,0.5566,0.5385,0.0195,4,4,5,5,4,6,1,5,5
1.3.6.1.4.1.14519.5.2.1.6279.6001.262736997975960398949912434623,0,0.1826,0.5576,0.5385,0.0137,2,4,3,1,5,6,1,2,3
1.3.6.1.4.1.14519.5.2.1.6279.6001.262736997975960398949912434623,9,0.2578,0.3711,0.6731,0.0117,2,3,3,1,1,6,1,1,2
