uid,anno_index,coord_x,coord_y,coord_z,diameter,malscore,sphericiy,margin,spiculation,texture,calcification,internal_structure,lobulation,subtlety
1.3.6.1.4.1.14519.5.2.1.6279.6001.716498695101447665580610403574,57914,0.2559,0.5615,0.7646,0.0449,4,2,1,3,3,6,1,3,3
1.3.6.1.4.1.14519.5.2.1.6279.6001.716498695101447665580610403574,50449,0.2539,0.5605,0.7646,0.0391,4,2,3,3,4,6,1,1,4
1.3.6.1.4.1.14519.5.2.1.6279.6001.716498695101447665580610403574,13688,0.2549,0.5605,0.7646,0.041,3,3,3,1,3,6,1,1,5
1.3.6.1.4.1.14519.5.2.1.6279.6001.716498695101447665580610403574,0,0.2568,0.5615,0.7657,0.0449,3,5,4,5,4,6,1,1,5
