uid,anno_index,coord_x,coord_y,coord_z,diameter,malscore,sphericiy,margin,spiculation,texture,calcification,internal_structure,lobulation,subtlety
1.3.6.1.4.1.14519.5.2.1.6279.6001.339882192295517122002429068974,60319,0.3906,0.3027,0.5383,0.0273,2,4,3,3,5,6,1,1,3
1.3.6.1.4.1.14519.5.2.1.6279.6001.339882192295517122002429068974,Nodule 001,0.3887,0.3037,0.5383,0.0293,4,4,4,2,5,6,1,2,5
1.3.6.1.4.1.14519.5.2.1.6279.6001.339882192295517122002429068974,13899,0.3906,0.3047,0.5367,0.0273,3,4,4,3,4,6,1,2,3
