uid,anno_index,coord_x,coord_y,coord_z,diameter,malscore,sphericiy,margin,spiculation,texture,calcification,internal_structure,lobulation,subtlety
1.3.6.1.4.1.14519.5.2.1.6279.6001.168737928729363683423228050295,Nodule 001,0.4043,0.6963,0.6211,0.0547,5,3,4,2,5,6,1,2,5
1.3.6.1.4.1.14519.5.2.1.6279.6001.168737928729363683423228050295,IL057_122845,0.4033,0.6963,0.6194,0.0566,5,3,4,4,5,6,1,4,4
1.3.6.1.4.1.14519.5.2.1.6279.6001.168737928729363683423228050295,MI014_16109,0.4053,0.6982,0.6211,0.0527,3,3,4,3,4,6,1,3,5
1.3.6.1.4.1.14519.5.2.1.6279.6001.168737928729363683423228050295,0,0.4062,0.6973,0.6211,0.0547,4,5,4,5,4,6,1,1,5
