uid,anno_index,coord_x,coord_y,coord_z,diameter,malscore,sphericiy,margin,spiculation,texture,calcification,internal_structure,lobulation,subtlety
1.3.6.1.4.1.14519.5.2.1.6279.6001.204802250386343794613980417281,140956,0.8135,0.5312,0.5819,0.0625,5,5,5,1,5,6,1,3,5
1.3.6.1.4.1.14519.5.2.1.6279.6001.204802250386343794613980417281,159172,0.8125,0.5283,0.5819,0.0684,5,5,5,1,5,6,1,2,5
1.3.6.1.4.1.14519.5.2.1.6279.6001.204802250386343794613980417281,19090,0.8125,0.5312,0.5819,0.0664,5,5,5,1,5,6,1,1,5
1.3.6.1.4.1.14519.5.2.1.6279.6001.204802250386343794613980417281,0,0.8135,0.5322,0.5819,0.0645,3,5,5,1,5,6,1,4,5
