uid,anno_index,coord_x,coord_y,coord_z,diameter,malscore,sphericiy,margin,spiculation,texture,calcification,internal_structure,lobulation,subtlety
1.3.6.1.4.1.14519.5.2.1.6279.6001.970264865033574190975654369557,74299,0.208,0.6719,0.4619,0.0156,1,5,5,1,5,3,1,1,5
1.3.6.1.4.1.14519.5.2.1.6279.6001.970264865033574190975654369557,2,0.209,0.6709,0.4619,0.0176,1,5,5,1,5,3,1,1,5
1.3.6.1.4.1.14519.5.2.1.6279.6001.970264865033574190975654369557,Nodule 002,0.2061,0.6709,0.463,0.0176,1,5,5,1,5,3,1,1,5
