uid,anno_index,coord_x,coord_y,coord_z,diameter,malscore,sphericiy,margin,spiculation,texture,calcification,internal_structure,lobulation,subtlety
1.3.6.1.4.1.14519.5.2.1.6279.6001.242624386080831911167122628616,57945,0.2695,0.4717,0.5676,0.0391,1,5,5,1,5,3,1,1,4
1.3.6.1.4.1.14519.5.2.1.6279.6001.242624386080831911167122628616,57939,0.1465,0.4072,0.4487,0.0312,2,2,4,1,5,6,1,1,5
1.3.6.1.4.1.14519.5.2.1.6279.6001.242624386080831911167122628616,80010,0.2646,0.4678,0.5734,0.0254,1,3,5,3,5,3,1,1,5
1.3.6.1.4.1.14519.5.2.1.6279.6001.242624386080831911167122628616,50471,0.2705,0.4648,0.5606,0.0195,1,3,5,1,5,3,1,1,5
1.3.6.1.4.1.14519.5.2.1.6279.6001.242624386080831911167122628616,50474,0.1465,0.4072,0.4499,0.0352,4,3,5,1,5,6,1,1,5
1.3.6.1.4.1.14519.5.2.1.6279.6001.242624386080831911167122628616,13709,0.1475,0.4072,0.4487,0.0371,4,3,4,1,5,6,1,1,5
1.3.6.1.4.1.14519.5.2.1.6279.6001.242624386080831911167122628616,17079,0.2637,0.4658,0.5664,0.0332,1,2,5,1,5,3,1,2,5
1.3.6.1.4.1.14519.5.2.1.6279.6001.242624386080831911167122628616,0,0.2646,0.4668,0.5676,0.0273,1,3,5,1,5,3,1,2,4
