uid,anno_index,coord_x,coord_y,coord_z,diameter,malscore,sphericiy,margin,spiculation,texture,calcification,internal_structure,lobulation,subtlety
1.3.6.1.4.1.14519.5.2.1.6279.6001.621916089407825046337959219998,174047,0.2881,0.5996,0.609,0.0273,2,3,5,1,5,6,1,4,5
1.3.6.1.4.1.14519.5.2.1.6279.6001.621916089407825046337959219998,0,0.2881,0.5986,0.609,0.0254,2,4,5,1,5,6,1,1,5
1.3.6.1.4.1.14519.5.2.1.6279.6001.621916089407825046337959219998,172298,0.2881,0.5977,0.609,0.0312,5,4,5,1,5,6,1,1,5
1.3.6.1.4.1.14519.5.2.1.6279.6001.621916089407825046337959219998,Nodule 001,0.2881,0.5986,0.6053,0.0293,4,4,4,2,5,6,1,2,4
