uid,anno_index,coord_x,coord_y,coord_z,diameter,malscore,sphericiy,margin,spiculation,texture,calcification,internal_structure,lobulation,subtlety
1.3.6.1.4.1.14519.5.2.1.6279.6001.188619674701053082195613114069,65813,0.2568,0.6367,0.7328,0.0273,5,5,5,2,5,6,1,1,5
1.3.6.1.4.1.14519.5.2.1.6279.6001.188619674701053082195613114069,65808,0.2207,0.4961,0.5641,0.0547,5,4,3,1,5,6,1,4,5
1.3.6.1.4.1.14519.5.2.1.6279.6001.188619674701053082195613114069,Nodule 002,0.2197,0.5029,0.5688,0.0527,5,3,4,2,5,6,1,2,5
1.3.6.1.4.1.14519.5.2.1.6279.6001.188619674701053082195613114069,Nodule 001,0.2539,0.6348,0.7312,0.0312,4,4,4,2,5,6,1,1,5
1.3.6.1.4.1.14519.5.2.1.6279.6001.188619674701053082195613114069,14267,0.2568,0.6357,0.7312,0.0215,5,4,5,1,5,6,1,1,5
1.3.6.1.4.1.14519.5.2.1.6279.6001.188619674701053082195613114069,14262,0.2168,0.4932,0.5656,0.041,4,3,4,1,5,6,1,2,5
1.3.6.1.4.1.14519.5.2.1.6279.6001.188619674701053082195613114069,0,0.2568,0.6348,0.7312,0.0254,2,5,5,1,5,6,1,3,5
1.3.6.1.4.1.14519.5.2.1.6279.6001.188619674701053082195613114069,3,0.2217,0.4971,0.5641,0.041,2,5,5,2,5,6,1,2,5
