uid,anno_index,coord_x,coord_y,coord_z,diameter,malscore,sphericiy,margin,spiculation,texture,calcification,internal_structure,lobulation,subtlety
1.3.6.1.4.1.14519.5.2.1.6279.6001.188059920088313909273628445208,12821,0.1836,0.7168,0.2279,0.0195,1,4,5,1,5,6,1,1,5
1.3.6.1.4.1.14519.5.2.1.6279.6001.188059920088313909273628445208,12829,0.3662,0.7412,0.1287,0.0176,1,4,5,1,5,6,1,1,5
1.3.6.1.4.1.14519.5.2.1.6279.6001.188059920088313909273628445208,16875,0.1826,0.7168,0.2243,0.0176,3,5,3,1,5,6,1,1,4
1.3.6.1.4.1.14519.5.2.1.6279.6001.188059920088313909273628445208,16883,0.3672,0.7412,0.1287,0.0234,3,5,4,1,5,6,1,2,4
1.3.6.1.4.1.14519.5.2.1.6279.6001.188059920088313909273628445208,2992,0.1826,0.7158,0.2279,0.0215,4,5,4,1,4,6,1,1,5
1.3.6.1.4.1.14519.5.2.1.6279.6001.188059920088313909273628445208,3000,0.3672,0.7432,0.1176,0.0234,4,4,4,1,4,6,1,3,4
