uid,anno_index,coord_x,coord_y,coord_z,diameter,malscore,sphericiy,margin,spiculation,texture,calcification,internal_structure,lobulation,subtlety
1.3.6.1.4.1.14519.5.2.1.6279.6001.265960756233787099041040311282,141452,0.8574,0.4883,0.7607,0.0234,2,3,4,1,3,6,1,2,3
1.3.6.1.4.1.14519.5.2.1.6279.6001.265960756233787099041040311282,8,0.8545,0.4893,0.7607,0.0293,2,5,2,1,1,6,1,1,1
1.3.6.1.4.1.14519.5.2.1.6279.6001.265960756233787099041040311282,Nodule 004,0.8564,0.4893,0.7598,0.0215,4,3,4,1,5,6,1,2,4
1.3.6.1.4.1.14519.5.2.1.6279.6001.265960756233787099041040311282,167071,0.8555,0.4893,0.7607,0.0273,2,3,2,1,1,6,1,1,2
