uid,anno_index,coord_x,coord_y,coord_z,diameter,malscore,sphericiy,margin,spiculation,texture,calcification,internal_structure,lobulation,subtlety
1.3.6.1.4.1.14519.5.2.1.6279.6001.204566802718283633558802774757,0,0.6807,0.6055,0.8723,0.0762,4,5,4,5,4,6,1,1,5
1.3.6.1.4.1.14519.5.2.1.6279.6001.204566802718283633558802774757,115424,0.6729,0.5986,0.8723,0.0449,5,4,1,3,5,6,1,5,5
1.3.6.1.4.1.14519.5.2.1.6279.6001.204566802718283633558802774757,135160,0.6768,0.5996,0.8723,0.0488,5,4,4,4,5,6,1,3,5
1.3.6.1.4.1.14519.5.2.1.6279.6001.204566802718283633558802774757,Nodule 001,0.6719,0.6016,0.8723,0.0508,5,3,4,3,5,6,1,2,5
