uid,anno_index,coord_x,coord_y,coord_z,diameter,malscore,sphericiy,margin,spiculation,texture,calcification,internal_structure,lobulation,subtlety
1.3.6.1.4.1.14519.5.2.1.6279.6001.640729228179368154416184318668,77408,0.1602,0.3389,0.4586,0.0254,3,3,4,2,4,6,1,2,5
1.3.6.1.4.1.14519.5.2.1.6279.6001.640729228179368154416184318668,75389,0.1602,0.3379,0.4586,0.0273,2,4,5,1,5,6,1,1,5
1.3.6.1.4.1.14519.5.2.1.6279.6001.640729228179368154416184318668,15956,0.1592,0.3369,0.4586,0.0293,4,4,5,1,5,6,1,1,5
1.3.6.1.4.1.14519.5.2.1.6279.6001.640729228179368154416184318668,2,0.1641,0.3369,0.4586,0.0312,2,5,5,1,5,6,1,1,3
