uid,anno_index,coord_x,coord_y,coord_z,diameter,malscore,sphericiy,margin,spiculation,texture,calcification,internal_structure,lobulation,subtlety
1.3.6.1.4.1.14519.5.2.1.6279.6001.137375498893536422914241295628,Nodule 002,0.3633,0.7988,0.4917,0.0234,2,2,4,1,4,6,1,1,3
1.3.6.1.4.1.14519.5.2.1.6279.6001.137375498893536422914241295628,13212,0.3633,0.7988,0.4945,0.0273,3,5,4,1,5,6,1,1,4
1.3.6.1.4.1.14519.5.2.1.6279.6001.137375498893536422914241295628,1326,0.3643,0.7998,0.4917,0.0254,3,5,4,2,5,6,1,3,4
1.3.6.1.4.1.14519.5.2.1.6279.6001.137375498893536422914241295628,0,0.3623,0.7979,0.4917,0.0176,2,4,4,1,5,6,1,1,5
