uid,anno_index,coord_x,coord_y,coord_z,diameter,malscore,sphericiy,margin,spiculation,texture,calcification,internal_structure,lobulation,subtlety
1.3.6.1.4.1.14519.5.2.1.6279.6001.190298296009658115773239776160,Nodule 003,0.3457,0.5957,0.2835,0.0234,3,3,4,1,5,6,1,1,4
1.3.6.1.4.1.14519.5.2.1.6279.6001.190298296009658115773239776160,0153,0.3467,0.5947,0.2835,0.0293,3,2,4,1,4,6,1,3,5
1.3.6.1.4.1.14519.5.2.1.6279.6001.190298296009658115773239776160,5382,0.3467,0.5947,0.2835,0.0254,3,3,4,2,5,6,1,2,3
1.3.6.1.4.1.14519.5.2.1.6279.6001.190298296009658115773239776160,IL057_85612,0.3467,0.5947,0.2835,0.0254,4,3,5,1,5,6,1,3,3
