uid,anno_index,coord_x,coord_y,coord_z,diameter,malscore,sphericiy,margin,spiculation,texture,calcification,internal_structure,lobulation,subtlety
1.3.6.1.4.1.14519.5.2.1.6279.6001.323859712968543712594665815359,4824,0.2705,0.6963,0.7959,0.0332,3,3,3,2,4,6,1,2,3
1.3.6.1.4.1.14519.5.2.1.6279.6001.323859712968543712594665815359,4829,0.1914,0.3066,0.6891,0.0156,3,4,3,2,4,6,1,3,2
1.3.6.1.4.1.14519.5.2.1.6279.6001.323859712968543712594665815359,Nodule 002,0.1904,0.3057,0.6891,0.0215,4,3,5,1,5,6,1,2,5
1.3.6.1.4.1.14519.5.2.1.6279.6001.323859712968543712594665815359,Nodule 001,0.2695,0.6943,0.794,0.041,4,3,4,2,5,6,1,2,5
1.3.6.1.4.1.14519.5.2.1.6279.6001.323859712968543712594665815359,4777,0.2705,0.6963,0.7959,0.0332,3,2,4,1,5,6,1,2,5
1.3.6.1.4.1.14519.5.2.1.6279.6001.323859712968543712594665815359,4780,0.1914,0.3066,0.6891,0.0156,3,3,4,1,5,6,1,1,4
1.3.6.1.4.1.14519.5.2.1.6279.6001.323859712968543712594665815359,IL057_70322,0.2705,0.6943,0.7903,0.0371,3,3,4,3,5,6,1,4,4
