uid,anno_index,coord_x,coord_y,coord_z,diameter,malscore,sphericiy,margin,spiculation,texture,calcification,internal_structure,lobulation,subtlety
1.3.6.1.4.1.14519.5.2.1.6279.6001.765930210026773090100532964804,35057,0.3301,0.6553,0.35,0.0664,5,4,4,1,5,6,1,1,5
1.3.6.1.4.1.14519.5.2.1.6279.6001.765930210026773090100532964804,35068,0.7061,0.623,0.8517,0.0176,2,5,5,1,5,6,1,1,4
1.3.6.1.4.1.14519.5.2.1.6279.6001.765930210026773090100532964804,Nodule 002,0.3291,0.6553,0.3534,0.0684,4,2,4,2,5,6,1,2,5
1.3.6.1.4.1.14519.5.2.1.6279.6001.765930210026773090100532964804,Nodule 001,0.7041,0.624,0.8517,0.0215,3,5,5,1,5,6,1,1,4
1.3.6.1.4.1.14519.5.2.1.6279.6001.765930210026773090100532964804,8259,0.3242,0.6514,0.3414,0.082,5,4,5,2,5,6,1,1,5
1.3.6.1.4.1.14519.5.2.1.6279.6001.765930210026773090100532964804,6,0.3301,0.6572,0.3517,0.0664,3,5,5,1,5,6,1,3,5
1.3.6.1.4.1.14519.5.2.1.6279.6001.765930210026773090100532964804,13,0.707,0.623,0.8517,0.0156,2,5,5,1,5,6,1,1,5
