uid,anno_index,coord_x,coord_y,coord_z,diameter,malscore,sphericiy,margin,spiculation,texture,calcification,internal_structure,lobulation,subtlety
1.3.6.1.4.1.14519.5.2.1.6279.6001.219087313261026510628926082729,60267,0.2734,0.6582,0.7661,0.0625,4,4,1,4,4,6,1,1,2
1.3.6.1.4.1.14519.5.2.1.6279.6001.219087313261026510628926082729,Nodule 003,0.29,0.7422,0.1714,0.0215,3,4,5,1,5,6,1,1,4
1.3.6.1.4.1.14519.5.2.1.6279.6001.219087313261026510628926082729,Nodule 001,0.2754,0.6533,0.7679,0.0605,5,2,4,4,5,6,1,2,5
1.3.6.1.4.1.14519.5.2.1.6279.6001.219087313261026510628926082729,13843,0.2793,0.6562,0.7661,0.0586,3,2,1,5,3,6,1,5,4
1.3.6.1.4.1.14519.5.2.1.6279.6001.219087313261026510628926082729,13848,0.2881,0.7422,0.1714,0.0215,3,4,4,2,4,6,1,1,1
1.3.6.1.4.1.14519.5.2.1.6279.6001.219087313261026510628926082729,0,0.2773,0.6553,0.7643,0.0527,4,3,5,3,5,6,1,2,5
1.3.6.1.4.1.14519.5.2.1.6279.6001.219087313261026510628926082729,3,0.2881,0.7422,0.1696,0.0137,2,5,5,1,5,6,1,1,3
