uid,anno_index,coord_x,coord_y,coord_z,diameter,malscore,sphericiy,margin,spiculation,texture,calcification,internal_structure,lobulation,subtlety
1.3.6.1.4.1.14519.5.2.1.6279.6001.208511362832825683639135205368,141182,0.2812,0.6025,0.7349,0.0859,5,2,1,5,5,6,1,4,5
1.3.6.1.4.1.14519.5.2.1.6279.6001.208511362832825683639135205368,141185,0.4902,0.5381,0.7152,0.0625,5,2,1,4,5,6,1,4,5
1.3.6.1.4.1.14519.5.2.1.6279.6001.208511362832825683639135205368,0,0.2891,0.5986,0.738,0.0977,4,5,4,5,4,6,1,1,5
1.3.6.1.4.1.14519.5.2.1.6279.6001.208511362832825683639135205368,166888,0.2939,0.5977,0.736,0.0527,5,4,2,3,5,6,1,3,5
1.3.6.1.4.1.14519.5.2.1.6279.6001.208511362832825683639135205368,168530,0.4951,0.543,0.7121,0.0449,3,3,4,2,5,6,1,3,4
1.3.6.1.4.1.14519.5.2.1.6279.6001.208511362832825683639135205368,Nodule 002,0.4922,0.543,0.7152,0.0469,5,3,4,4,5,6,1,3,5
1.3.6.1.4.1.14519.5.2.1.6279.6001.208511362832825683639135205368,Nodule 001,0.29,0.5957,0.7391,0.0645,5,3,3,4,5,6,1,3,5
