uid,anno_index,coord_x,coord_y,coord_z,diameter,malscore,sphericiy,margin,spiculation,texture,calcification,internal_structure,lobulation,subtlety
1.3.6.1.4.1.14519.5.2.1.6279.6001.655242448149322898770987310561,5235,0.3652,0.5254,0.3014,0.0859,5,3,3,3,5,6,4,3,5
1.3.6.1.4.1.14519.5.2.1.6279.6001.655242448149322898770987310561,Nodule 001,0.3691,0.5244,0.2979,0.0859,5,3,3,5,5,6,1,3,5
1.3.6.1.4.1.14519.5.2.1.6279.6001.655242448149322898770987310561,Nodule 002,0.3838,0.5186,0.3262,0.0332,5,3,3,5,4,6,1,3,5
1.3.6.1.4.1.14519.5.2.1.6279.6001.655242448149322898770987310561,IL057_196321,0.3711,0.5215,0.3014,0.0938,5,4,3,3,5,6,1,5,5
1.3.6.1.4.1.14519.5.2.1.6279.6001.655242448149322898770987310561,03477,0.3721,0.5273,0.3014,0.0957,5,4,1,5,5,6,4,3,5
