uid,anno_index,coord_x,coord_y,coord_z,diameter,malscore,sphericiy,margin,spiculation,texture,calcification,internal_structure,lobulation,subtlety
1.3.6.1.4.1.14519.5.2.1.6279.6001.323426705628838942177546503237,Nodule 001,0.752,0.54,0.5235,0.0156,2,5,5,1,5,6,1,1,3
1.3.6.1.4.1.14519.5.2.1.6279.6001.323426705628838942177546503237,IL057_216841,0.7529,0.541,0.5235,0.0156,3,5,4,1,5,6,1,1,2
1.3.6.1.4.1.14519.5.2.1.6279.6001.323426705628838942177546503237,MI014_14569,0.7539,0.542,0.5235,0.0137,3,3,5,1,5,6,1,2,1
1.3.6.1.4.1.14519.5.2.1.6279.6001.323426705628838942177546503237,0,0.7539,0.541,0.5235,0.0117,2,4,4,1,5,6,1,1,3
