uid,anno_index,coord_x,coord_y,coord_z,diameter,malscore,sphericiy,margin,spiculation,texture,calcification,internal_structure,lobulation,subtlety
1.3.6.1.4.1.14519.5.2.1.6279.6001.316900421002460665752357657094,Nodule 001,0.2207,0.3945,0.5414,0.1211,5,2,4,1,4,6,1,4,5
1.3.6.1.4.1.14519.5.2.1.6279.6001.316900421002460665752357657094,Nodule 002,0.6367,0.5166,0.9033,0.043,4,2,5,4,5,6,1,5,4
1.3.6.1.4.1.14519.5.2.1.6279.6001.316900421002460665752357657094,5026,0.6396,0.5146,0.9061,0.0332,3,2,3,4,5,6,1,3,4
1.3.6.1.4.1.14519.5.2.1.6279.6001.316900421002460665752357657094,5022,0.2246,0.3916,0.5414,0.1387,5,4,3,2,5,6,1,1,5
1.3.6.1.4.1.14519.5.2.1.6279.6001.316900421002460665752357657094,3064,0.6406,0.5156,0.9033,0.0391,3,3,4,4,5,6,1,4,4
1.3.6.1.4.1.14519.5.2.1.6279.6001.316900421002460665752357657094,3060,0.2207,0.3936,0.5414,0.1074,5,5,3,2,4,6,1,2,5
1.3.6.1.4.1.14519.5.2.1.6279.6001.316900421002460665752357657094,0,0.2207,0.3916,0.5414,0.1113,5,3,2,4,4,6,1,5,5
1.3.6.1.4.1.14519.5.2.1.6279.6001.316900421002460665752357657094,1,0.6396,0.5137,0.9033,0.0332,2,2,4,2,5,6,1,2,3
