uid,anno_index,coord_x,coord_y,coord_z,diameter,malscore,sphericiy,margin,spiculation,texture,calcification,internal_structure,lobulation,subtlety
1.3.6.1.4.1.14519.5.2.1.6279.6001.162351539386551708034407968929,Nodule 007,0.3164,0.7393,0.3943,0.0234,3,4,4,1,5,6,1,1,4
1.3.6.1.4.1.14519.5.2.1.6279.6001.162351539386551708034407968929,Nodule 009,0.873,0.4219,0.4717,0.0312,4,4,4,1,4,6,1,1,4
1.3.6.1.4.1.14519.5.2.1.6279.6001.162351539386551708034407968929,IL057_159936,0.3184,0.7402,0.3943,0.0195,3,3,5,1,5,6,1,3,2
1.3.6.1.4.1.14519.5.2.1.6279.6001.162351539386551708034407968929,IL057_159928,0.873,0.4229,0.4736,0.0312,3,4,5,1,5,6,1,3,3
1.3.6.1.4.1.14519.5.2.1.6279.6001.162351539386551708034407968929,MI014_19930,0.3174,0.7393,0.3943,0.0215,3,4,2,1,3,6,1,4,4
1.3.6.1.4.1.14519.5.2.1.6279.6001.162351539386551708034407968929,MI014_19922,0.873,0.4219,0.4717,0.0312,5,4,4,1,5,6,1,4,5
1.3.6.1.4.1.14519.5.2.1.6279.6001.162351539386551708034407968929,8,0.873,0.4219,0.4698,0.0312,1,5,5,1,5,3,1,1,5
