uid,anno_index,coord_x,coord_y,coord_z,diameter,malscore,sphericiy,margin,spiculation,texture,calcification,internal_structure,lobulation,subtlety
1.3.6.1.4.1.14519.5.2.1.6279.6001.173931884906244951746140865701,1,0.7188,0.7178,0.3457,0.084,3,5,5,1,5,6,1,4,5
1.3.6.1.4.1.14519.5.2.1.6279.6001.173931884906244951746140865701,171500,0.7207,0.7129,0.3348,0.0859,5,3,3,4,5,6,1,5,5
1.3.6.1.4.1.14519.5.2.1.6279.6001.173931884906244951746140865701,168147,0.7178,0.7119,0.3391,0.0645,5,3,4,2,5,6,1,4,5
1.3.6.1.4.1.14519.5.2.1.6279.6001.173931884906244951746140865701,Nodule 001,0.7188,0.7129,0.3348,0.0781,5,3,4,4,5,6,1,3,5
