uid,anno_index,coord_x,coord_y,coord_z,diameter,malscore,sphericiy,margin,spiculation,texture,calcification,internal_structure,lobulation,subtlety
1.3.6.1.4.1.14519.5.2.1.6279.6001.320111824803959660037459294083,171520,0.2598,0.75,0.5129,0.0156,3,3,5,1,5,6,1,1,4
1.3.6.1.4.1.14519.5.2.1.6279.6001.320111824803959660037459294083,168163,0.2588,0.75,0.5129,0.0176,3,5,4,1,5,6,1,1,2
1.3.6.1.4.1.14519.5.2.1.6279.6001.320111824803959660037459294083,Nodule 001,0.2578,0.749,0.5129,0.0156,2,4,4,1,5,6,1,1,3
