uid,anno_index,coord_x,coord_y,coord_z,diameter,malscore,sphericiy,margin,spiculation,texture,calcification,internal_structure,lobulation,subtlety
1.3.6.1.4.1.14519.5.2.1.6279.6001.316911475886263032009840828684,Nodule 001,0.7764,0.6924,0.7646,0.0449,4,2,3,2,2,6,4,2,4
1.3.6.1.4.1.14519.5.2.1.6279.6001.316911475886263032009840828684,10169,0.7793,0.6934,0.7621,0.0508,4,2,2,4,3,6,1,3,4
1.3.6.1.4.1.14519.5.2.1.6279.6001.316911475886263032009840828684,2817,0.7793,0.6934,0.7621,0.0508,3,2,1,4,1,6,1,4,3
