uid,anno_index,coord_x,coord_y,coord_z,diameter,malscore,sphericiy,margin,spiculation,texture,calcification,internal_structure,lobulation,subtlety
1.3.6.1.4.1.14519.5.2.1.6279.6001.171667800241622018839592854574,168659,0.6377,0.7139,0.3298,0.0215,3,4,3,1,1,6,1,1,3
1.3.6.1.4.1.14519.5.2.1.6279.6001.171667800241622018839592854574,168073,0.6377,0.7158,0.3319,0.0215,2,4,3,1,1,6,1,1,1
1.3.6.1.4.1.14519.5.2.1.6279.6001.171667800241622018839592854574,Nodule 002,0.6367,0.7148,0.3319,0.0234,4,3,4,1,1,6,1,1,3
