uid,anno_index,coord_x,coord_y,coord_z,diameter,malscore,sphericiy,margin,spiculation,texture,calcification,internal_structure,lobulation,subtlety
1.3.6.1.4.1.14519.5.2.1.6279.6001.160124400349792614505500125883,Nodule 003,0.3828,0.543,0.7885,0.0273,2,4,5,1,5,6,1,1,3
1.3.6.1.4.1.14519.5.2.1.6279.6001.160124400349792614505500125883,33443,0.3838,0.541,0.7808,0.0215,1,5,5,1,5,6,1,1,3
1.3.6.1.4.1.14519.5.2.1.6279.6001.160124400349792614505500125883,17,0.3838,0.541,0.7808,0.0254,4,5,5,1,5,6,1,1,5
1.3.6.1.4.1.14519.5.2.1.6279.6001.160124400349792614505500125883,19377,0.3838,0.543,0.7808,0.0273,3,5,5,1,5,6,1,1,3
