uid,anno_index,coord_x,coord_y,coord_z,diameter,malscore,sphericiy,margin,spiculation,texture,calcification,internal_structure,lobulation,subtlety
1.3.6.1.4.1.14519.5.2.1.6279.6001.244204120220889433826451158706,Nodule 002,0.2344,0.5566,0.5697,0.0234,3,4,5,1,5,6,1,1,4
1.3.6.1.4.1.14519.5.2.1.6279.6001.244204120220889433826451158706,IL057_209744,0.2324,0.5586,0.5637,0.0312,2,3,3,3,5,6,1,2,4
1.3.6.1.4.1.14519.5.2.1.6279.6001.244204120220889433826451158706,IL057_209801,0.5518,0.5713,0.5558,0.0176,3,5,4,2,5,6,1,2,2
1.3.6.1.4.1.14519.5.2.1.6279.6001.244204120220889433826451158706,MI014_15691,0.2314,0.5576,0.5677,0.0293,3,3,2,2,5,6,1,1,3
1.3.6.1.4.1.14519.5.2.1.6279.6001.244204120220889433826451158706,MI014_15694,0.5537,0.5723,0.5498,0.0195,3,3,5,1,5,6,1,1,1
1.3.6.1.4.1.14519.5.2.1.6279.6001.244204120220889433826451158706,0,0.2334,0.5576,0.5677,0.0293,3,3,3,3,5,6,1,3,4
1.3.6.1.4.1.14519.5.2.1.6279.6001.244204120220889433826451158706,5,0.5537,0.5723,0.5498,0.0195,2,4,4,2,5,6,1,2,5
