uid,anno_index,coord_x,coord_y,coord_z,diameter,malscore,sphericiy,margin,spiculation,texture,calcification,internal_structure,lobulation,subtlety
1.3.6.1.4.1.14519.5.2.1.6279.6001.272348349298439120568330857680,Nodule 001,0.3838,0.5732,0.7414,0.0801,5,3,3,5,5,6,1,3,5
1.3.6.1.4.1.14519.5.2.1.6279.6001.272348349298439120568330857680,IL057_159745,0.3809,0.5635,0.7379,0.0996,5,4,3,5,5,6,1,4,5
1.3.6.1.4.1.14519.5.2.1.6279.6001.272348349298439120568330857680,MI014_19564,0.3799,0.5713,0.7448,0.0879,5,4,2,5,5,6,1,5,5
1.3.6.1.4.1.14519.5.2.1.6279.6001.272348349298439120568330857680,0,0.3799,0.5645,0.7379,0.0977,4,5,4,5,4,6,1,1,5
