uid,anno_index,coord_x,coord_y,coord_z,diameter,malscore,sphericiy,margin,spiculation,texture,calcification,internal_structure,lobulation,subtlety
1.3.6.1.4.1.14519.5.2.1.6279.6001.250481236093201801255751845296,75794,0.6611,0.7031,0.4863,0.0117,3,3,4,1,5,6,1,1,2
1.3.6.1.4.1.14519.5.2.1.6279.6001.250481236093201801255751845296,0,0.6611,0.7041,0.4863,0.0137,3,4,5,1,5,6,1,1,5
1.3.6.1.4.1.14519.5.2.1.6279.6001.250481236093201801255751845296,Nodule 001,0.6602,0.7021,0.4863,0.0176,2,4,5,1,5,6,1,1,4
