uid,anno_index,coord_x,coord_y,coord_z,diameter,malscore,sphericiy,margin,spiculation,texture,calcification,internal_structure,lobulation,subtlety
1.3.6.1.4.1.14519.5.2.1.6279.6001.153646219551578201092527860224,0,0.2842,0.2988,0.3645,0.0273,2,5,2,1,1,6,1,1,1
1.3.6.1.4.1.14519.5.2.1.6279.6001.153646219551578201092527860224,157143,0.2832,0.2988,0.3675,0.0234,2,4,4,2,3,6,1,2,4
1.3.6.1.4.1.14519.5.2.1.6279.6001.153646219551578201092527860224,Nodule 001,0.2842,0.2988,0.3735,0.0273,2,4,5,1,5,6,1,1,4
1.3.6.1.4.1.14519.5.2.1.6279.6001.153646219551578201092527860224,201255,0.2832,0.2988,0.3675,0.0273,2,4,3,1,5,6,1,1,4
