uid,anno_index,coord_x,coord_y,coord_z,diameter,malscore,sphericiy,margin,spiculation,texture,calcification,internal_structure,lobulation,subtlety
1.3.6.1.4.1.14519.5.2.1.6279.6001.443400977949406454649939526179,74135,0.2744,0.4795,0.5306,0.0176,1,3,5,2,5,3,1,3,5
1.3.6.1.4.1.14519.5.2.1.6279.6001.443400977949406454649939526179,74138,0.6826,0.7793,0.4048,0.0176,3,2,4,2,5,6,1,3,3
1.3.6.1.4.1.14519.5.2.1.6279.6001.443400977949406454649939526179,Nodule 003,0.6826,0.7803,0.4048,0.0176,2,4,5,1,5,6,1,1,4
1.3.6.1.4.1.14519.5.2.1.6279.6001.443400977949406454649939526179,Nodule 001,0.2725,0.4795,0.5323,0.0215,1,4,5,1,5,3,1,1,5
1.3.6.1.4.1.14519.5.2.1.6279.6001.443400977949406454649939526179,15428,0.2734,0.4795,0.5323,0.0156,1,5,5,1,5,3,1,1,5
1.3.6.1.4.1.14519.5.2.1.6279.6001.443400977949406454649939526179,2,0.6836,0.7783,0.4048,0.0176,3,4,5,1,5,6,1,1,5
1.3.6.1.4.1.14519.5.2.1.6279.6001.443400977949406454649939526179,5,0.2744,0.4814,0.5306,0.0176,1,4,5,1,5,3,1,1,5
