uid,anno_index,coord_x,coord_y,coord_z,diameter,malscore,sphericiy,margin,spiculation,texture,calcification,internal_structure,lobulation,subtlety
1.3.6.1.4.1.14519.5.2.1.6279.6001.272042302501586336192628818865,56355,0.5586,0.5918,0.7643,0.0195,3,4,3,1,1,6,1,1,2
1.3.6.1.4.1.14519.5.2.1.6279.6001.272042302501586336192628818865,Nodule 002,0.5586,0.5908,0.7643,0.0215,3,4,5,1,5,6,1,1,4
1.3.6.1.4.1.14519.5.2.1.6279.6001.272042302501586336192628818865,0,0.5586,0.5908,0.7661,0.0215,2,5,2,1,1,6,1,1,1
