uid,anno_index,coord_x,coord_y,coord_z,diameter,malscore,sphericiy,margin,spiculation,texture,calcification,internal_structure,lobulation,subtlety
1.3.6.1.4.1.14519.5.2.1.6279.6001.338104567770715523699587505022,143494,0.6143,0.7129,0.8665,0.0273,3,3,4,2,5,6,1,2,4
1.3.6.1.4.1.14519.5.2.1.6279.6001.338104567770715523699587505022,143495,0.2002,0.749,0.577,0.0215,3,3,2,2,1,6,1,3,4
1.3.6.1.4.1.14519.5.2.1.6279.6001.338104567770715523699587505022,167302,0.6133,0.7148,0.8665,0.0195,3,4,3,2,5,6,1,2,2
1.3.6.1.4.1.14519.5.2.1.6279.6001.338104567770715523699587505022,174166,0.2002,0.752,0.577,0.0312,3,3,1,1,1,6,1,2,1
1.3.6.1.4.1.14519.5.2.1.6279.6001.338104567770715523699587505022,Nodule 003,0.1992,0.75,0.576,0.0195,3,4,5,1,5,6,1,1,3
1.3.6.1.4.1.14519.5.2.1.6279.6001.338104567770715523699587505022,Nodule 002,0.6123,0.7148,0.8674,0.0195,2,4,4,1,5,6,1,1,3
1.3.6.1.4.1.14519.5.2.1.6279.6001.338104567770715523699587505022,1,0.1992,0.748,0.576,0.0234,2,5,2,1,1,6,1,1,1
