uid,anno_index,coord_x,coord_y,coord_z,diameter,malscore,sphericiy,margin,spiculation,texture,calcification,internal_structure,lobulation,subtlety
1.3.6.1.4.1.14519.5.2.1.6279.6001.338447145504282422142824032832,Nodule 003,0.8887,0.5186,0.366,0.0137,2,5,5,1,5,6,1,1,3
1.3.6.1.4.1.14519.5.2.1.6279.6001.338447145504282422142824032832,MI014_17413,0.8887,0.5186,0.3679,0.0156,2,3,5,1,4,5,1,1,5
1.3.6.1.4.1.14519.5.2.1.6279.6001.338447145504282422142824032832,0,0.8877,0.5186,0.3679,0.0176,2,3,5,1,5,6,1,2,5
