uid,anno_index,coord_x,coord_y,coord_z,diameter,malscore,sphericiy,margin,spiculation,texture,calcification,internal_structure,lobulation,subtlety
1.3.6.1.4.1.14519.5.2.1.6279.6001.278010349511857248000260557753,0,0.1191,0.5967,0.4385,0.043,2,5,5,1,5,6,1,1,3
1.3.6.1.4.1.14519.5.2.1.6279.6001.278010349511857248000260557753,141764,0.1201,0.5986,0.4385,0.0254,3,2,3,2,5,6,1,2,5
1.3.6.1.4.1.14519.5.2.1.6279.6001.278010349511857248000260557753,159393,0.1211,0.5986,0.4394,0.0254,3,3,4,2,5,6,1,2,3
1.3.6.1.4.1.14519.5.2.1.6279.6001.278010349511857248000260557753,Nodule 001,0.1191,0.5986,0.4385,0.0254,5,4,4,2,5,6,1,2,4
