uid,anno_index,coord_x,coord_y,coord_z,diameter,malscore,sphericiy,margin,spiculation,texture,calcification,internal_structure,lobulation,subtlety
1.3.6.1.4.1.14519.5.2.1.6279.6001.146987333806092287055399155268,Nodule 001,0.7178,0.4453,0.3367,0.0723,5,3,4,3,5,6,1,2,5
1.3.6.1.4.1.14519.5.2.1.6279.6001.146987333806092287055399155268,IL057_201436,0.7188,0.4434,0.3367,0.0625,5,5,5,3,5,6,1,3,5
1.3.6.1.4.1.14519.5.2.1.6279.6001.146987333806092287055399155268,MI014_20571,0.7178,0.4453,0.3401,0.0703,5,4,5,3,5,6,1,2,5
1.3.6.1.4.1.14519.5.2.1.6279.6001.146987333806092287055399155268,0,0.7158,0.4482,0.3367,0.0723,3,4,5,2,5,6,1,2,5
