uid,anno_index,coord_x,coord_y,coord_z,diameter,malscore,sphericiy,margin,spiculation,texture,calcification,internal_structure,lobulation,subtlety
1.3.6.1.4.1.14519.5.2.1.6279.6001.712472578497712558367294720243,21282,0.1768,0.6543,0.4051,0.0254,4,4,3,3,5,6,1,3,4
1.3.6.1.4.1.14519.5.2.1.6279.6001.712472578497712558367294720243,7375,0.1777,0.6602,0.4082,0.0352,4,4,2,4,3,6,1,4,4
1.3.6.1.4.1.14519.5.2.1.6279.6001.712472578497712558367294720243,1186,0.1748,0.6611,0.4051,0.0371,3,4,1,3,4,6,1,3,4
1.3.6.1.4.1.14519.5.2.1.6279.6001.712472578497712558367294720243,45,0.1768,0.6553,0.4082,0.0254,4,3,3,5,3,6,1,3,5
