uid,anno_index,coord_x,coord_y,coord_z,diameter,malscore,sphericiy,margin,spiculation,texture,calcification,internal_structure,lobulation,subtlety
1.3.6.1.4.1.14519.5.2.1.6279.6001.837810280808122125183730411210,2,0.291,0.4141,0.5827,0.0352,2,5,2,1,1,6,1,1,1
1.3.6.1.4.1.14519.5.2.1.6279.6001.837810280808122125183730411210,160412,0.29,0.4131,0.5827,0.0332,4,3,4,2,5,6,1,2,3
1.3.6.1.4.1.14519.5.2.1.6279.6001.837810280808122125183730411210,162770,0.291,0.4141,0.5827,0.0273,3,2,3,2,5,6,1,3,5
1.3.6.1.4.1.14519.5.2.1.6279.6001.837810280808122125183730411210,Nodule 005,0.291,0.415,0.5827,0.0254,2,3,5,1,5,6,1,1,3
