uid,anno_index,coord_x,coord_y,coord_z,diameter,malscore,sphericiy,margin,spiculation,texture,calcification,internal_structure,lobulation,subtlety
1.3.6.1.4.1.14519.5.2.1.6279.6001.277662902666135640561346462196,141210,0.7744,0.5098,0.6368,0.0566,1,4,3,3,1,6,4,3,5
1.3.6.1.4.1.14519.5.2.1.6279.6001.277662902666135640561346462196,0,0.7754,0.5059,0.6348,0.0547,2,5,2,1,1,6,1,1,1
1.3.6.1.4.1.14519.5.2.1.6279.6001.277662902666135640561346462196,166910,0.7773,0.5098,0.6368,0.0547,4,5,3,1,1,6,4,1,4
1.3.6.1.4.1.14519.5.2.1.6279.6001.277662902666135640561346462196,Nodule 001,0.7754,0.5098,0.6358,0.0586,5,3,4,1,3,6,1,1,4
