uid,anno_index,coord_x,coord_y,coord_z,diameter,malscore,sphericiy,margin,spiculation,texture,calcification,internal_structure,lobulation,subtlety
1.3.6.1.4.1.14519.5.2.1.6279.6001.183924380327950237519832859527,Nodule 001,0.3184,0.5684,0.4065,0.0469,4,3,4,1,5,6,1,3,5
1.3.6.1.4.1.14519.5.2.1.6279.6001.183924380327950237519832859527,IL057_167684,0.4229,0.4092,0.5935,0.0488,5,4,5,4,5,6,1,1,5
1.3.6.1.4.1.14519.5.2.1.6279.6001.183924380327950237519832859527,IL057_167687,0.3203,0.5664,0.4029,0.043,4,3,5,1,5,6,1,1,5
1.3.6.1.4.1.14519.5.2.1.6279.6001.183924380327950237519832859527,MI014_17963,0.4199,0.4092,0.5935,0.0508,3,3,4,2,5,6,1,3,5
1.3.6.1.4.1.14519.5.2.1.6279.6001.183924380327950237519832859527,MI014_17966,0.3193,0.5664,0.4065,0.0449,3,2,4,1,5,6,1,2,5
1.3.6.1.4.1.14519.5.2.1.6279.6001.183924380327950237519832859527,1,0.4238,0.4111,0.5899,0.0566,3,5,5,1,5,6,1,4,5
