uid,anno_index,coord_x,coord_y,coord_z,diameter,malscore,sphericiy,margin,spiculation,texture,calcification,internal_structure,lobulation,subtlety
1.3.6.1.4.1.14519.5.2.1.6279.6001.329404588567903628160652715124,174462,0.6025,0.6514,0.2789,0.0176,1,3,5,1,5,3,1,1,5
1.3.6.1.4.1.14519.5.2.1.6279.6001.329404588567903628160652715124,174452,0.6299,0.4385,0.7891,0.1074,5,3,2,4,3,6,1,5,5
1.3.6.1.4.1.14519.5.2.1.6279.6001.329404588567903628160652715124,5,0.6016,0.6504,0.2789,0.0195,1,4,5,1,5,3,1,1,5
1.3.6.1.4.1.14519.5.2.1.6279.6001.329404588567903628160652715124,6,0.6152,0.4316,0.7789,0.1016,3,3,5,3,5,6,1,1,4
1.3.6.1.4.1.14519.5.2.1.6279.6001.329404588567903628160652715124,Nodule 004,0.6035,0.6504,0.2789,0.0195,1,4,5,1,5,3,1,1,5
1.3.6.1.4.1.14519.5.2.1.6279.6001.329404588567903628160652715124,Nodule 002,0.6143,0.4238,0.7721,0.0781,5,3,3,4,3,6,1,3,5
1.3.6.1.4.1.14519.5.2.1.6279.6001.329404588567903628160652715124,172639,0.6025,0.6504,0.2789,0.0195,1,5,5,1,5,3,1,1,5
1.3.6.1.4.1.14519.5.2.1.6279.6001.329404588567903628160652715124,172630,0.6162,0.4248,0.7721,0.0723,4,3,4,2,5,6,1,2,5
