uid,anno_index,coord_x,coord_y,coord_z,diameter,malscore,sphericiy,margin,spiculation,texture,calcification,internal_structure,lobulation,subtlety
1.3.6.1.4.1.14519.5.2.1.6279.6001.948414623428298219623354433437,0,0.2979,0.5488,0.3155,0.0645,4,5,4,5,4,6,1,1,5
1.3.6.1.4.1.14519.5.2.1.6279.6001.948414623428298219623354433437,163096,0.3926,0.4258,0.551,0.0781,3,3,4,4,5,6,1,2,5
1.3.6.1.4.1.14519.5.2.1.6279.6001.948414623428298219623354433437,163092,0.3018,0.5518,0.3228,0.0723,3,3,4,2,5,6,1,3,5
1.3.6.1.4.1.14519.5.2.1.6279.6001.948414623428298219623354433437,160632,0.3926,0.4219,0.551,0.0586,5,3,4,1,1,6,1,4,5
1.3.6.1.4.1.14519.5.2.1.6279.6001.948414623428298219623354433437,160627,0.3047,0.5479,0.3204,0.0898,5,3,4,2,5,6,1,3,4
1.3.6.1.4.1.14519.5.2.1.6279.6001.948414623428298219623354433437,Nodule 002,0.2988,0.5479,0.318,0.0625,5,3,4,3,5,6,1,3,5
1.3.6.1.4.1.14519.5.2.1.6279.6001.948414623428298219623354433437,Nodule 001,0.3936,0.4229,0.551,0.0762,5,2,4,3,5,6,1,2,4
