uid,anno_index,coord_x,coord_y,coord_z,diameter,malscore,sphericiy,margin,spiculation,texture,calcification,internal_structure,lobulation,subtlety
1.3.6.1.4.1.14519.5.2.1.6279.6001.206539885154775002929031534291,Nodule 001,0.8848,0.5322,0.2273,0.0293,3,4,5,1,5,6,1,1,5
1.3.6.1.4.1.14519.5.2.1.6279.6001.206539885154775002929031534291,Nodule 002,0.9023,0.4785,0.3586,0.0156,3,4,5,1,5,6,1,1,4
1.3.6.1.4.1.14519.5.2.1.6279.6001.206539885154775002929031534291,10138,0.8867,0.5322,0.2273,0.0254,4,4,5,1,5,6,1,3,4
1.3.6.1.4.1.14519.5.2.1.6279.6001.206539885154775002929031534291,2685,0.9053,0.4795,0.3586,0.0176,3,4,4,2,4,6,1,2,2
1.3.6.1.4.1.14519.5.2.1.6279.6001.206539885154775002929031534291,2681,0.8867,0.5332,0.2273,0.0273,3,4,4,2,4,6,1,4,4
1.3.6.1.4.1.14519.5.2.1.6279.6001.206539885154775002929031534291,0,0.8867,0.5322,0.2247,0.0234,3,5,5,1,5,6,1,2,5
1.3.6.1.4.1.14519.5.2.1.6279.6001.206539885154775002929031534291,5,0.9053,0.4795,0.3586,0.0176,4,5,5,1,5,6,1,2,5
