uid,anno_index,coord_x,coord_y,coord_z,diameter,malscore,sphericiy,margin,spiculation,texture,calcification,internal_structure,lobulation,subtlety
1.3.6.1.4.1.14519.5.2.1.6279.6001.252358625003143649770119512644,0,0.1953,0.5293,0.4622,0.0312,2,3,2,1,2,6,1,1,5
1.3.6.1.4.1.14519.5.2.1.6279.6001.252358625003143649770119512644,74321,0.1973,0.5273,0.4692,0.0273,3,2,1,4,1,6,1,3,3
1.3.6.1.4.1.14519.5.2.1.6279.6001.252358625003143649770119512644,Nodule 004,0.1973,0.5273,0.4682,0.0352,4,2,4,1,3,6,1,2,4
