uid,anno_index,coord_x,coord_y,coord_z,diameter,malscore,sphericiy,margin,spiculation,texture,calcification,internal_structure,lobulation,subtlety
1.3.6.1.4.1.14519.5.2.1.6279.6001.108197895896446896160048741492,Nodule 001,0.2158,0.6768,0.2773,0.0215,3,4,5,1,5,6,1,1,4
1.3.6.1.4.1.14519.5.2.1.6279.6001.108197895896446896160048741492,IL057_196978,0.2168,0.6777,0.2773,0.0195,3,5,3,1,5,6,1,1,3
1.3.6.1.4.1.14519.5.2.1.6279.6001.108197895896446896160048741492,MI014_14696,0.2168,0.6777,0.2773,0.0156,3,3,5,1,5,6,1,1,1
1.3.6.1.4.1.14519.5.2.1.6279.6001.108197895896446896160048741492,0,0.2139,0.6748,0.2773,0.0176,2,5,5,1,5,6,1,1,3
