uid,anno_index,coord_x,coord_y,coord_z,diameter,malscore,sphericiy,margin,spiculation,texture,calcification,internal_structure,lobulation,subtlety
1.3.6.1.4.1.14519.5.2.1.6279.6001.803987517543436570820681016103,50002,0.6436,0.7178,0.7928,0.0254,1,5,4,1,5,3,1,1,4
1.3.6.1.4.1.14519.5.2.1.6279.6001.803987517543436570820681016103,51701,0.2988,0.2549,0.54,0.0234,2,2,3,1,4,6,1,1,4
1.3.6.1.4.1.14519.5.2.1.6279.6001.803987517543436570820681016103,34039,0.6436,0.7178,0.7918,0.0215,1,5,5,1,5,3,1,2,4
1.3.6.1.4.1.14519.5.2.1.6279.6001.803987517543436570820681016103,34086,0.2988,0.2549,0.5409,0.0273,3,3,5,2,5,6,1,3,4
1.3.6.1.4.1.14519.5.2.1.6279.6001.803987517543436570820681016103,13132,0.2979,0.2549,0.54,0.0254,1,4,3,2,5,6,1,3,3
1.3.6.1.4.1.14519.5.2.1.6279.6001.803987517543436570820681016103,13365,0.6436,0.7188,0.7918,0.0195,1,4,4,1,5,6,1,2,2
1.3.6.1.4.1.14519.5.2.1.6279.6001.803987517543436570820681016103,0,0.6445,0.7188,0.7918,0.0195,1,5,5,1,5,3,1,1,5
1.3.6.1.4.1.14519.5.2.1.6279.6001.803987517543436570820681016103,4,0.2979,0.2549,0.5409,0.0254,2,3,4,1,5,6,1,1,3
