uid,anno_index,coord_x,coord_y,coord_z,diameter,malscore,sphericiy,margin,spiculation,texture,calcification,internal_structure,lobulation,subtlety
1.3.6.1.4.1.14519.5.2.1.6279.6001.300146276266881736689307479986,Nodule 003,0.2002,0.4385,0.5439,0.0293,3,2,4,1,4,6,1,2,3
1.3.6.1.4.1.14519.5.2.1.6279.6001.300146276266881736689307479986,Nodule 002,0.2471,0.6699,0.7749,0.0391,5,4,4,2,5,6,1,3,5
1.3.6.1.4.1.14519.5.2.1.6279.6001.300146276266881736689307479986,22044,0.252,0.667,0.769,0.0371,3,4,2,1,3,6,1,1,3
1.3.6.1.4.1.14519.5.2.1.6279.6001.300146276266881736689307479986,22066,0.2031,0.4375,0.5439,0.0234,2,3,3,1,5,6,1,1,1
1.3.6.1.4.1.14519.5.2.1.6279.6001.300146276266881736689307479986,0,0.2002,0.4385,0.5439,0.0293,2,5,2,1,2,6,1,3,2
1.3.6.1.4.1.14519.5.2.1.6279.6001.300146276266881736689307479986,2,0.2471,0.6699,0.7749,0.0391,2,3,4,3,5,6,1,5,4
