uid,anno_index,coord_x,coord_y,coord_z,diameter,malscore,sphericiy,margin,spiculation,texture,calcification,internal_structure,lobulation,subtlety
1.3.6.1.4.1.14519.5.2.1.6279.6001.129007566048223160327836686225,Nodule 001,0.2471,0.7764,0.5827,0.0176,3,4,5,1,5,6,1,1,3
1.3.6.1.4.1.14519.5.2.1.6279.6001.129007566048223160327836686225,Nodule 002,0.6084,0.7959,0.6015,0.0215,3,3,5,1,5,6,1,1,4
1.3.6.1.4.1.14519.5.2.1.6279.6001.129007566048223160327836686225,IL057_123070,0.248,0.7764,0.5827,0.0156,3,5,2,1,4,6,1,1,3
1.3.6.1.4.1.14519.5.2.1.6279.6001.129007566048223160327836686225,MI014_11887,0.6113,0.7959,0.6053,0.0195,3,5,5,1,5,6,1,1,3
1.3.6.1.4.1.14519.5.2.1.6279.6001.129007566048223160327836686225,MI014_11888,0.2471,0.7764,0.5827,0.0137,3,5,4,1,5,6,1,1,1
1.3.6.1.4.1.14519.5.2.1.6279.6001.129007566048223160327836686225,0,0.2461,0.7764,0.5827,0.0176,2,5,5,1,5,6,1,1,3
1.3.6.1.4.1.14519.5.2.1.6279.6001.129007566048223160327836686225,3,0.6123,0.7959,0.6015,0.0254,2,5,5,1,5,6,1,1,3
