uid,anno_index,coord_x,coord_y,coord_z,diameter,malscore,sphericiy,margin,spiculation,texture,calcification,internal_structure,lobulation,subtlety
1.3.6.1.4.1.14519.5.2.1.6279.6001.139258777898746693365877042411,115165,0.1865,0.3975,0.4864,0.041,2,4,5,1,5,6,1,3,5
1.3.6.1.4.1.14519.5.2.1.6279.6001.139258777898746693365877042411,128769,0.1865,0.3945,0.4855,0.043,3,5,5,1,5,6,1,1,5
1.3.6.1.4.1.14519.5.2.1.6279.6001.139258777898746693365877042411,12296,0.1865,0.3945,0.4855,0.0469,3,3,4,1,5,6,1,2,4
1.3.6.1.4.1.14519.5.2.1.6279.6001.139258777898746693365877042411,0,0.1865,0.3916,0.4864,0.0527,3,3,5,1,5,6,1,2,5
