uid,anno_index,coord_x,coord_y,coord_z,diameter,malscore,sphericiy,margin,spiculation,texture,calcification,internal_structure,lobulation,subtlety
1.3.6.1.4.1.14519.5.2.1.6279.6001.771741891125176943862272696845,Nodule 003,0.793,0.6191,0.7733,0.0156,3,3,4,1,4,6,1,1,3
1.3.6.1.4.1.14519.5.2.1.6279.6001.771741891125176943862272696845,21907,0.7949,0.6211,0.7703,0.0156,3,5,2,1,1,6,1,1,2
1.3.6.1.4.1.14519.5.2.1.6279.6001.771741891125176943862272696845,0,0.793,0.6191,0.7733,0.0156,3,5,2,1,1,6,1,1,2
