uid,anno_index,coord_x,coord_y,coord_z,diameter,malscore,sphericiy,margin,spiculation,texture,calcification,internal_structure,lobulation,subtlety
1.3.6.1.4.1.14519.5.2.1.6279.6001.315187221221054114974341475212,74065,0.2529,0.7334,0.3433,0.0137,3,4,4,2,5,6,1,3,3
1.3.6.1.4.1.14519.5.2.1.6279.6001.315187221221054114974341475212,74061,0.21,0.6865,0.275,0.0137,3,4,4,2,5,6,1,2,4
1.3.6.1.4.1.14519.5.2.1.6279.6001.315187221221054114974341475212,Nodule 003,0.21,0.6855,0.275,0.0176,2,4,5,1,5,6,1,1,4
1.3.6.1.4.1.14519.5.2.1.6279.6001.315187221221054114974341475212,Nodule 001,0.2529,0.7354,0.345,0.0137,2,5,5,1,5,6,1,1,4
1.3.6.1.4.1.14519.5.2.1.6279.6001.315187221221054114974341475212,2,0.2529,0.7344,0.345,0.0156,3,5,4,1,5,6,1,1,5
1.3.6.1.4.1.14519.5.2.1.6279.6001.315187221221054114974341475212,3,0.2109,0.6865,0.275,0.0137,3,5,4,1,5,6,1,1,5
