uid,anno_index,coord_x,coord_y,coord_z,diameter,malscore,sphericiy,margin,spiculation,texture,calcification,internal_structure,lobulation,subtlety
1.3.6.1.4.1.14519.5.2.1.6279.6001.142154819868944114554521645782,77425,0.6484,0.415,0.8397,0.0312,4,3,4,2,5,6,1,3,5
1.3.6.1.4.1.14519.5.2.1.6279.6001.142154819868944114554521645782,75408,0.6484,0.4141,0.8397,0.0312,3,5,5,1,5,6,1,1,5
1.3.6.1.4.1.14519.5.2.1.6279.6001.142154819868944114554521645782,15029,0.6484,0.415,0.8386,0.0352,3,4,4,2,4,6,1,2,4
1.3.6.1.4.1.14519.5.2.1.6279.6001.142154819868944114554521645782,0,0.6484,0.417,0.8408,0.0312,3,4,4,1,4,6,1,2,5
