uid,anno_index,coord_x,coord_y,coord_z,diameter,malscore,sphericiy,margin,spiculation,texture,calcification,internal_structure,lobulation,subtlety
1.3.6.1.4.1.14519.5.2.1.6279.6001.277452631455527999380186898011,174236,0.6689,0.4736,0.6154,0.0176,3,3,4,1,4,6,1,2,3
1.3.6.1.4.1.14519.5.2.1.6279.6001.277452631455527999380186898011,0,0.6699,0.4736,0.6189,0.0176,1,4,3,1,5,6,1,1,3
1.3.6.1.4.1.14519.5.2.1.6279.6001.277452631455527999380186898011,Nodule 001,0.668,0.4727,0.6189,0.0195,2,4,5,1,5,6,1,1,3
1.3.6.1.4.1.14519.5.2.1.6279.6001.277452631455527999380186898011,172423,0.6689,0.4727,0.6189,0.0195,3,4,2,1,1,6,1,1,3
