uid,anno_index,coord_x,coord_y,coord_z,diameter,malscore,sphericiy,margin,spiculation,texture,calcification,internal_structure,lobulation,subtlety
1.3.6.1.4.1.14519.5.2.1.6279.6001.438308540025607517017949816111,2,0.332,0.4141,0.5599,0.0312,3,5,5,1,5,6,1,4,5
1.3.6.1.4.1.14519.5.2.1.6279.6001.438308540025607517017949816111,3,0.2393,0.583,0.4859,0.0215,2,5,5,1,5,6,1,1,3
1.3.6.1.4.1.14519.5.2.1.6279.6001.438308540025607517017949816111,163574,0.332,0.4131,0.5599,0.0332,3,4,4,2,5,6,1,5,5
1.3.6.1.4.1.14519.5.2.1.6279.6001.438308540025607517017949816111,163578,0.2402,0.583,0.4859,0.0234,3,5,4,1,5,6,1,1,5
1.3.6.1.4.1.14519.5.2.1.6279.6001.438308540025607517017949816111,168014,0.332,0.4131,0.5634,0.0293,5,4,4,4,5,6,1,1,5
1.3.6.1.4.1.14519.5.2.1.6279.6001.438308540025607517017949816111,168018,0.2393,0.583,0.4859,0.0176,3,5,5,1,5,6,1,1,5
1.3.6.1.4.1.14519.5.2.1.6279.6001.438308540025607517017949816111,Nodule 001,0.2383,0.582,0.4859,0.0195,2,4,5,1,5,6,1,1,4
1.3.6.1.4.1.14519.5.2.1.6279.6001.438308540025607517017949816111,Nodule 004,0.332,0.4121,0.5599,0.0312,4,3,4,1,5,6,1,2,4
