uid,anno_index,coord_x,coord_y,coord_z,diameter,malscore,sphericiy,margin,spiculation,texture,calcification,internal_structure,lobulation,subtlety
1.3.6.1.4.1.14519.5.2.1.6279.6001.305858704835252413616501469037,56768,0.3613,0.7305,0.1517,0.0195,1,5,5,1,5,3,1,1,5
1.3.6.1.4.1.14519.5.2.1.6279.6001.305858704835252413616501469037,56764,0.6035,0.6436,0.1879,0.0371,3,2,4,1,5,6,1,1,4
1.3.6.1.4.1.14519.5.2.1.6279.6001.305858704835252413616501469037,Nodule 002,0.3584,0.7295,0.15,0.0254,3,4,5,1,5,6,1,1,5
1.3.6.1.4.1.14519.5.2.1.6279.6001.305858704835252413616501469037,Nodule 007,0.6006,0.6426,0.1897,0.0352,4,3,4,1,5,6,1,1,4
1.3.6.1.4.1.14519.5.2.1.6279.6001.305858704835252413616501469037,9221,0.6016,0.6426,0.1897,0.0352,3,3,4,2,5,6,1,2,3
1.3.6.1.4.1.14519.5.2.1.6279.6001.305858704835252413616501469037,0,0.3604,0.7305,0.1517,0.0215,1,5,5,1,5,6,1,1,5
1.3.6.1.4.1.14519.5.2.1.6279.6001.305858704835252413616501469037,19,0.6035,0.6426,0.1862,0.0352,3,4,5,1,5,6,1,1,5
