uid,anno_index,coord_x,coord_y,coord_z,diameter,malscore,sphericiy,margin,spiculation,texture,calcification,internal_structure,lobulation,subtlety
1.3.6.1.4.1.14519.5.2.1.6279.6001.119209873306155771318545953948,74275,0.2734,0.2949,0.5241,0.0273,3,3,4,4,5,6,1,2,5
1.3.6.1.4.1.14519.5.2.1.6279.6001.119209873306155771318545953948,74272,0.3955,0.2998,0.3825,0.0293,3,3,4,1,5,6,1,1,5
1.3.6.1.4.1.14519.5.2.1.6279.6001.119209873306155771318545953948,3,0.2734,0.2949,0.5241,0.0312,3,4,4,1,5,6,1,1,5
1.3.6.1.4.1.14519.5.2.1.6279.6001.119209873306155771318545953948,4,0.3945,0.2998,0.3834,0.0293,2,3,5,1,5,6,1,1,5
1.3.6.1.4.1.14519.5.2.1.6279.6001.119209873306155771318545953948,70710,0.2734,0.2949,0.525,0.0273,3,3,5,1,5,6,1,1,4
1.3.6.1.4.1.14519.5.2.1.6279.6001.119209873306155771318545953948,70707,0.3945,0.3008,0.3825,0.0273,3,3,5,1,5,6,1,1,4
1.3.6.1.4.1.14519.5.2.1.6279.6001.119209873306155771318545953948,Nodule 004,0.3926,0.3008,0.3834,0.0312,4,3,5,2,5,6,1,2,5
1.3.6.1.4.1.14519.5.2.1.6279.6001.119209873306155771318545953948,Nodule 003,0.2725,0.2959,0.5241,0.0293,2,5,5,1,5,6,1,1,5
