uid,anno_index,coord_x,coord_y,coord_z,diameter,malscore,sphericiy,margin,spiculation,texture,calcification,internal_structure,lobulation,subtlety
1.3.6.1.4.1.14519.5.2.1.6279.6001.199670099218798685977406484591,Nodule 014,0.7744,0.5273,0.3688,0.0449,5,2,4,4,5,6,1,2,2
1.3.6.1.4.1.14519.5.2.1.6279.6001.199670099218798685977406484591,Nodule 003,0.2314,0.2637,0.3771,0.0176,2,3,5,1,5,6,1,1,3
1.3.6.1.4.1.14519.5.2.1.6279.6001.199670099218798685977406484591,4771,0.7725,0.5273,0.3604,0.0469,4,2,5,4,5,6,1,5,4
1.3.6.1.4.1.14519.5.2.1.6279.6001.199670099218798685977406484591,7116,0.2305,0.2627,0.3771,0.0195,2,3,2,1,1,6,1,2,3
1.3.6.1.4.1.14519.5.2.1.6279.6001.199670099218798685977406484591,IL057_70120,0.7773,0.5254,0.3708,0.0469,4,2,5,5,5,6,1,1,4
1.3.6.1.4.1.14519.5.2.1.6279.6001.199670099218798685977406484591,IL057_75875,0.2314,0.2637,0.3771,0.0176,3,3,2,1,1,6,1,2,2
1.3.6.1.4.1.14519.5.2.1.6279.6001.199670099218798685977406484591,0698,0.2305,0.2627,0.3792,0.0156,2,2,3,1,2,6,1,3,2
