uid,anno_index,coord_x,coord_y,coord_z,diameter,malscore,sphericiy,margin,spiculation,texture,calcification,internal_structure,lobulation,subtlety
1.3.6.1.4.1.14519.5.2.1.6279.6001.119304665257760307862874140576,60335,0.0645,0.5195,0.1733,0.0547,1,4,5,1,5,3,1,1,5
1.3.6.1.4.1.14519.5.2.1.6279.6001.119304665257760307862874140576,Nodule 002,0.0645,0.5195,0.1733,0.0625,4,4,5,1,5,6,1,1,5
1.3.6.1.4.1.14519.5.2.1.6279.6001.119304665257760307862874140576,13942,0.0635,0.5195,0.1733,0.0625,1,5,5,1,5,3,1,1,5
1.3.6.1.4.1.14519.5.2.1.6279.6001.119304665257760307862874140576,0,0.0654,0.5205,0.1733,0.0605,1,4,5,1,5,3,1,2,5
