uid,anno_index,coord_x,coord_y,coord_z,diameter,malscore,sphericiy,margin,spiculation,texture,calcification,internal_structure,lobulation,subtlety
1.3.6.1.4.1.14519.5.2.1.6279.6001.328944769569002417592093467626,174023,0.2217,0.4854,0.4956,0.0176,3,4,4,1,5,6,1,2,5
1.3.6.1.4.1.14519.5.2.1.6279.6001.328944769569002417592093467626,172273,0.2217,0.4854,0.5,0.0137,3,5,4,1,5,6,1,1,3
1.3.6.1.4.1.14519.5.2.1.6279.6001.328944769569002417592093467626,Nodule 001,0.2227,0.4844,0.5,0.0156,3,4,5,1,5,6,1,1,4
