uid,anno_index,coord_x,coord_y,coord_z,diameter,malscore,sphericiy,margin,spiculation,texture,calcification,internal_structure,lobulation,subtlety
1.3.6.1.4.1.14519.5.2.1.6279.6001.663019255629770796363333877035,13073,0.3662,0.4209,0.6923,0.0176,1,4,3,1,5,6,1,2,2
1.3.6.1.4.1.14519.5.2.1.6279.6001.663019255629770796363333877035,Nodule 004,0.3652,0.4219,0.6923,0.0195,4,4,5,1,5,6,1,2,3
1.3.6.1.4.1.14519.5.2.1.6279.6001.663019255629770796363333877035,2370,0.3662,0.4209,0.6904,0.0215,3,3,3,2,4,6,1,3,2
