uid,anno_index,coord_x,coord_y,coord_z,diameter,malscore,sphericiy,margin,spiculation,texture,calcification,internal_structure,lobulation,subtlety
1.3.6.1.4.1.14519.5.2.1.6279.6001.624425075947752229712087113746,Nodule 003,0.2793,0.3184,0.2098,0.0781,5,3,4,2,5,6,1,2,5
1.3.6.1.4.1.14519.5.2.1.6279.6001.624425075947752229712087113746,0,0.2803,0.3193,0.2078,0.0723,3,5,5,1,5,6,1,3,5
1.3.6.1.4.1.14519.5.2.1.6279.6001.624425075947752229712087113746,52242,0.2803,0.3164,0.2078,0.0762,5,4,5,1,5,6,1,2,5
1.3.6.1.4.1.14519.5.2.1.6279.6001.624425075947752229712087113746,57987,0.2803,0.3184,0.2098,0.0723,5,4,4,1,5,6,1,2,5
