uid,anno_index,coord_x,coord_y,coord_z,diameter,malscore,sphericiy,margin,spiculation,texture,calcification,internal_structure,lobulation,subtlety
1.3.6.1.4.1.14519.5.2.1.6279.6001.222052723822248889877676736332,Nodule 001,0.3223,0.5215,0.6185,0.0391,5,3,4,2,4,6,1,3,5
1.3.6.1.4.1.14519.5.2.1.6279.6001.222052723822248889877676736332,Nodule 003,0.6289,0.5332,0.7235,0.0156,3,4,4,1,3,6,1,1,3
1.3.6.1.4.1.14519.5.2.1.6279.6001.222052723822248889877676736332,33744,0.6299,0.5332,0.7277,0.0195,3,4,2,3,4,6,1,2,2
1.3.6.1.4.1.14519.5.2.1.6279.6001.222052723822248889877676736332,33740,0.3232,0.5225,0.6206,0.0332,5,4,4,4,4,6,1,4,4
1.3.6.1.4.1.14519.5.2.1.6279.6001.222052723822248889877676736332,52779,0.3242,0.5234,0.6185,0.0352,4,3,3,3,4,6,1,4,4
1.3.6.1.4.1.14519.5.2.1.6279.6001.222052723822248889877676736332,52784,0.6299,0.5332,0.7225,0.0176,2,3,3,1,5,6,1,1,4
