uid,anno_index,coord_x,coord_y,coord_z,diameter,malscore,sphericiy,margin,spiculation,texture,calcification,internal_structure,lobulation,subtlety
1.3.6.1.4.1.14519.5.2.1.6279.6001.184412674007117333405073397832,IL057_166246,0.2119,0.3779,0.4444,0.0293,1,3,5,1,5,3,1,4,4
1.3.6.1.4.1.14519.5.2.1.6279.6001.184412674007117333405073397832,Nodule 001,0.2119,0.376,0.4463,0.0293,3,3,4,1,5,6,1,2,4
1.3.6.1.4.1.14519.5.2.1.6279.6001.184412674007117333405073397832,3669,0.2129,0.3779,0.4463,0.0273,3,2,3,2,5,6,1,2,3
1.3.6.1.4.1.14519.5.2.1.6279.6001.184412674007117333405073397832,68637,0.2129,0.3779,0.4463,0.0312,1,2,5,1,5,3,1,4,5
