uid,anno_index,coord_x,coord_y,coord_z,diameter,malscore,sphericiy,margin,spiculation,texture,calcification,internal_structure,lobulation,subtlety
1.3.6.1.4.1.14519.5.2.1.6279.6001.204287915902811325371247860532,Nodule 002,0.6689,0.6855,0.5321,0.0176,3,4,5,1,5,6,1,1,3
1.3.6.1.4.1.14519.5.2.1.6279.6001.204287915902811325371247860532,IL057_167427,0.6084,0.6406,0.2339,0.0176,3,5,4,1,5,6,1,1,2
1.3.6.1.4.1.14519.5.2.1.6279.6001.204287915902811325371247860532,IL057_167424,0.6709,0.6875,0.5275,0.0176,3,4,4,2,5,6,1,1,2
1.3.6.1.4.1.14519.5.2.1.6279.6001.204287915902811325371247860532,MI014_17725,0.6729,0.6865,0.5298,0.0176,3,5,4,2,5,6,1,1,2
1.3.6.1.4.1.14519.5.2.1.6279.6001.204287915902811325371247860532,MI014_17740,0.6084,0.6406,0.2339,0.0176,3,5,4,1,5,6,1,1,1
1.3.6.1.4.1.14519.5.2.1.6279.6001.204287915902811325371247860532,0,0.6719,0.6865,0.5298,0.0176,2,5,5,1,5,6,1,1,3
1.3.6.1.4.1.14519.5.2.1.6279.6001.204287915902811325371247860532,4,0.6084,0.6396,0.2339,0.0137,2,5,5,1,5,6,1,1,3
