uid,anno_index,coord_x,coord_y,coord_z,diameter,malscore,sphericiy,margin,spiculation,texture,calcification,internal_structure,lobulation,subtlety
1.3.6.1.4.1.14519.5.2.1.6279.6001.249314567767437206995861966896,174255,0.582,0.6992,0.1954,0.0586,5,3,2,5,3,6,1,1,5
1.3.6.1.4.1.14519.5.2.1.6279.6001.249314567767437206995861966896,174259,0.666,0.5137,0.8256,0.0547,5,3,3,3,4,6,1,5,5
1.3.6.1.4.1.14519.5.2.1.6279.6001.249314567767437206995861966896,0,0.5762,0.7002,0.1996,0.0566,3,3,3,2,3,6,1,2,3
1.3.6.1.4.1.14519.5.2.1.6279.6001.249314567767437206995861966896,6,0.667,0.5088,0.8256,0.0488,3,3,4,2,5,6,1,1,4
1.3.6.1.4.1.14519.5.2.1.6279.6001.249314567767437206995861966896,Nodule 001,0.666,0.5088,0.8277,0.0469,5,3,4,4,5,6,1,2,5
1.3.6.1.4.1.14519.5.2.1.6279.6001.249314567767437206995861966896,172440,0.5693,0.6992,0.1954,0.0547,5,3,2,1,3,6,1,1,4
1.3.6.1.4.1.14519.5.2.1.6279.6001.249314567767437206995861966896,172445,0.667,0.5107,0.8256,0.0488,3,4,4,2,5,4,1,4,5
