uid,anno_index,coord_x,coord_y,coord_z,diameter,malscore,sphericiy,margin,spiculation,texture,calcification,internal_structure,lobulation,subtlety
1.3.6.1.4.1.14519.5.2.1.6279.6001.387954549120924524005910602207,Nodule 005,0.6318,0.5127,0.3607,0.0215,2,4,5,1,5,6,1,1,3
1.3.6.1.4.1.14519.5.2.1.6279.6001.387954549120924524005910602207,Nodule 002,0.1543,0.5469,0.5671,0.0195,2,4,4,1,5,6,1,1,4
1.3.6.1.4.1.14519.5.2.1.6279.6001.387954549120924524005910602207,IL057_166479,0.1543,0.5469,0.5671,0.0195,3,4,3,2,4,6,1,3,3
1.3.6.1.4.1.14519.5.2.1.6279.6001.387954549120924524005910602207,IL057_166480,0.6318,0.5146,0.3607,0.0215,3,5,3,1,4,6,1,2,1
1.3.6.1.4.1.14519.5.2.1.6279.6001.387954549120924524005910602207,MI014_13872,0.6367,0.5137,0.3607,0.0234,3,3,5,1,5,6,1,1,1
1.3.6.1.4.1.14519.5.2.1.6279.6001.387954549120924524005910602207,0,0.1533,0.5479,0.5671,0.0293,2,3,3,1,5,6,1,2,3
