uid,anno_index,coord_x,coord_y,coord_z,diameter,malscore,sphericiy,margin,spiculation,texture,calcification,internal_structure,lobulation,subtlety
1.3.6.1.4.1.14519.5.2.1.6279.6001.109002525524522225658609808059,81210,0.834,0.5586,0.4255,0.0625,5,3,5,3,5,6,1,1,5
1.3.6.1.4.1.14519.5.2.1.6279.6001.109002525524522225658609808059,81219,0.7979,0.6592,0.3509,0.0176,3,3,4,1,5,6,1,2,1
1.3.6.1.4.1.14519.5.2.1.6279.6001.109002525524522225658609808059,IL057_195860,0.833,0.5566,0.4255,0.0625,5,4,4,2,5,6,1,1,5
1.3.6.1.4.1.14519.5.2.1.6279.6001.109002525524522225658609808059,IL057_196382,0.7969,0.6592,0.354,0.0273,3,4,2,1,5,6,1,1,3
1.3.6.1.4.1.14519.5.2.1.6279.6001.109002525524522225658609808059,Nodule 001,0.834,0.5586,0.4224,0.0703,5,3,4,2,5,6,1,2,5
1.3.6.1.4.1.14519.5.2.1.6279.6001.109002525524522225658609808059,4384,0.833,0.5576,0.4224,0.0645,5,3,3,2,5,6,1,3,5
1.3.6.1.4.1.14519.5.2.1.6279.6001.109002525524522225658609808059,4409,0.7979,0.6582,0.354,0.0195,3,4,1,1,2,6,1,1,1
