uid,anno_index,coord_x,coord_y,coord_z,diameter,malscore,sphericiy,margin,spiculation,texture,calcification,internal_structure,lobulation,subtlety
1.3.6.1.4.1.14519.5.2.1.6279.6001.466284753932369813717081722101,Nodule 002,0.8516,0.4639,0.6799,0.0176,4,4,4,1,4,6,1,1,3
1.3.6.1.4.1.14519.5.2.1.6279.6001.466284753932369813717081722101,IL057_220586,0.8525,0.4668,0.6799,0.0156,1,5,5,1,5,3,1,1,5
1.3.6.1.4.1.14519.5.2.1.6279.6001.466284753932369813717081722101,MI014_14525,0.8545,0.4707,0.6799,0.0312,3,3,1,1,1,6,1,1,1
