uid,anno_index,coord_x,coord_y,coord_z,diameter,malscore,sphericiy,margin,spiculation,texture,calcification,internal_structure,lobulation,subtlety
1.3.6.1.4.1.14519.5.2.1.6279.6001.137773550852881583165286615668,112097,0.8125,0.3838,0.5656,0.0957,4,4,3,2,5,6,1,5,5
1.3.6.1.4.1.14519.5.2.1.6279.6001.137773550852881583165286615668,112100,0.7168,0.4561,0.6035,0.0547,3,2,3,2,5,6,1,2,4
1.3.6.1.4.1.14519.5.2.1.6279.6001.137773550852881583165286615668,123694,0.8203,0.3828,0.5656,0.0898,5,5,5,1,5,6,1,2,5
1.3.6.1.4.1.14519.5.2.1.6279.6001.137773550852881583165286615668,131284,0.71,0.4639,0.602,0.0684,5,3,4,1,5,6,1,1,3
1.3.6.1.4.1.14519.5.2.1.6279.6001.137773550852881583165286615668,131285,0.7842,0.334,0.5889,0.0176,3,2,4,1,5,6,1,1,2
1.3.6.1.4.1.14519.5.2.1.6279.6001.137773550852881583165286615668,11788,0.8145,0.3848,0.5656,0.0938,5,3,4,2,5,6,1,2,5
1.3.6.1.4.1.14519.5.2.1.6279.6001.137773550852881583165286615668,11812,0.7139,0.457,0.602,0.0566,4,3,5,1,5,6,1,1,2
1.3.6.1.4.1.14519.5.2.1.6279.6001.137773550852881583165286615668,0,0.8086,0.3809,0.5656,0.1016,2,5,5,1,5,6,1,1,3
1.3.6.1.4.1.14519.5.2.1.6279.6001.137773550852881583165286615668,6,0.7168,0.459,0.605,0.0469,4,5,4,2,4,6,1,1,5
