uid,anno_index,coord_x,coord_y,coord_z,diameter,malscore,sphericiy,margin,spiculation,texture,calcification,internal_structure,lobulation,subtlety
1.3.6.1.4.1.14519.5.2.1.6279.6001.270215889102603268207599305185,4,0.8008,0.4219,0.4982,0.0195,2,5,5,1,5,6,1,1,3
1.3.6.1.4.1.14519.5.2.1.6279.6001.270215889102603268207599305185,142070,0.7998,0.4219,0.4982,0.0195,3,5,4,2,5,6,1,2,3
1.3.6.1.4.1.14519.5.2.1.6279.6001.270215889102603268207599305185,160792,0.7988,0.4229,0.4982,0.0176,3,5,5,1,5,6,1,1,2
1.3.6.1.4.1.14519.5.2.1.6279.6001.270215889102603268207599305185,Nodule 002,0.7988,0.4209,0.4991,0.0176,4,3,4,1,5,6,1,2,3
