uid,anno_index,coord_x,coord_y,coord_z,diameter,malscore,sphericiy,margin,spiculation,texture,calcification,internal_structure,lobulation,subtlety
1.3.6.1.4.1.14519.5.2.1.6279.6001.174449669706458092793093760291,Nodule 001,0.7881,0.5615,0.6429,0.0527,5,3,4,2,5,6,1,2,5
1.3.6.1.4.1.14519.5.2.1.6279.6001.174449669706458092793093760291,IL057_127325,0.7852,0.5635,0.6429,0.0547,4,4,4,3,5,6,1,2,5
1.3.6.1.4.1.14519.5.2.1.6279.6001.174449669706458092793093760291,MI014_12069,0.7861,0.5635,0.6391,0.0488,5,3,5,1,5,6,1,2,5
1.3.6.1.4.1.14519.5.2.1.6279.6001.174449669706458092793093760291,0,0.791,0.5615,0.6391,0.0508,2,5,5,1,5,6,1,1,3
