uid,anno_index,coord_x,coord_y,coord_z,diameter,malscore,sphericiy,margin,spiculation,texture,calcification,internal_structure,lobulation,subtlety
1.3.6.1.4.1.14519.5.2.1.6279.6001.404457313935200882843898832756,Nodule 001,0.793,0.4844,0.6364,0.0391,4,4,4,1,5,6,1,1,5
1.3.6.1.4.1.14519.5.2.1.6279.6001.404457313935200882843898832756,68328,0.7949,0.4854,0.6364,0.0371,3,4,5,1,5,4,1,1,5
1.3.6.1.4.1.14519.5.2.1.6279.6001.404457313935200882843898832756,MI014_14534,0.793,0.4863,0.6364,0.0352,2,4,5,1,5,4,1,1,5
1.3.6.1.4.1.14519.5.2.1.6279.6001.404457313935200882843898832756,0,0.7949,0.4863,0.6335,0.0352,2,5,5,1,5,6,1,1,3
