uid,anno_index,coord_x,coord_y,coord_z,diameter,malscore,sphericiy,margin,spiculation,texture,calcification,internal_structure,lobulation,subtlety
1.3.6.1.4.1.14519.5.2.1.6279.6001.724251104254976962355686318345,13492,0.7812,0.6592,0.6837,0.0195,2,5,5,1,5,6,1,1,2
1.3.6.1.4.1.14519.5.2.1.6279.6001.724251104254976962355686318345,Nodule 002,0.3086,0.5527,0.2449,0.0273,2,3,5,1,5,6,1,1,4
1.3.6.1.4.1.14519.5.2.1.6279.6001.724251104254976962355686318345,Nodule 001,0.7803,0.6582,0.6837,0.0215,4,4,5,1,5,6,1,1,4
1.3.6.1.4.1.14519.5.2.1.6279.6001.724251104254976962355686318345,13899,0.3096,0.5527,0.2462,0.0273,4,3,5,1,5,6,1,1,5
1.3.6.1.4.1.14519.5.2.1.6279.6001.724251104254976962355686318345,13902,0.7812,0.6582,0.6837,0.0195,4,5,4,1,5,6,1,1,5
1.3.6.1.4.1.14519.5.2.1.6279.6001.724251104254976962355686318345,5,0.3096,0.5498,0.2462,0.0293,2,3,3,1,5,6,1,1,4
1.3.6.1.4.1.14519.5.2.1.6279.6001.724251104254976962355686318345,6,0.7812,0.6592,0.6849,0.0195,2,4,4,1,5,6,1,1,5
