uid,anno_index,coord_x,coord_y,coord_z,diameter,malscore,sphericiy,margin,spiculation,texture,calcification,internal_structure,lobulation,subtlety
1.3.6.1.4.1.14519.5.2.1.6279.6001.279300249795483097365868125932,Nodule 001,0.6631,0.5244,0.8397,0.0684,5,3,4,1,5,6,1,2,5
1.3.6.1.4.1.14519.5.2.1.6279.6001.279300249795483097365868125932,IL057_160194,0.6572,0.5254,0.8397,0.0664,4,5,3,2,5,6,1,2,4
1.3.6.1.4.1.14519.5.2.1.6279.6001.279300249795483097365868125932,MI014_20096,0.6592,0.5293,0.8359,0.0664,5,5,5,2,5,6,1,4,5
1.3.6.1.4.1.14519.5.2.1.6279.6001.279300249795483097365868125932,0,0.6562,0.5225,0.8397,0.0762,2,5,5,1,5,6,1,1,3
