uid,anno_index,coord_x,coord_y,coord_z,diameter,malscore,sphericiy,margin,spiculation,texture,calcification,internal_structure,lobulation,subtlety
1.3.6.1.4.1.14519.5.2.1.6279.6001.259124675432205040899951626253,Nodule 002,0.29,0.2793,0.4507,0.0234,4,4,5,1,4,6,1,1,5
1.3.6.1.4.1.14519.5.2.1.6279.6001.259124675432205040899951626253,38102,0.291,0.2783,0.4497,0.0215,2,2,2,1,4,6,1,1,3
1.3.6.1.4.1.14519.5.2.1.6279.6001.259124675432205040899951626253,25308,0.292,0.2783,0.4518,0.0254,3,3,2,2,2,6,1,3,4
1.3.6.1.4.1.14519.5.2.1.6279.6001.259124675432205040899951626253,0,0.292,0.2783,0.4507,0.0254,2,3,3,1,5,6,1,2,3
