uid,anno_index,coord_x,coord_y,coord_z,diameter,malscore,sphericiy,margin,spiculation,texture,calcification,internal_structure,lobulation,subtlety
1.3.6.1.4.1.14519.5.2.1.6279.6001.100953483028192176989979435275,0,0.6934,0.5654,0.5752,0.0391,3,5,5,1,5,6,1,4,5
1.3.6.1.4.1.14519.5.2.1.6279.6001.100953483028192176989979435275,162753,0.6934,0.5625,0.5752,0.0312,2,4,3,3,5,6,2,3,5
1.3.6.1.4.1.14519.5.2.1.6279.6001.100953483028192176989979435275,160393,0.6934,0.5625,0.5714,0.0352,3,5,4,2,5,6,1,1,4
1.3.6.1.4.1.14519.5.2.1.6279.6001.100953483028192176989979435275,Nodule 002,0.6934,0.5615,0.5752,0.0312,2,3,5,1,5,6,1,1,4
