uid,anno_index,coord_x,coord_y,coord_z,diameter,malscore,sphericiy,margin,spiculation,texture,calcification,internal_structure,lobulation,subtlety
1.3.6.1.4.1.14519.5.2.1.6279.6001.104562737760173137525888934217,87247,0.2324,0.5049,0.3696,0.0391,5,5,4,1,5,6,1,4,5
1.3.6.1.4.1.14519.5.2.1.6279.6001.104562737760173137525888934217,Nodule 001,0.2334,0.5039,0.3696,0.0488,5,3,4,2,5,6,1,3,5
1.3.6.1.4.1.14519.5.2.1.6279.6001.104562737760173137525888934217,10717,0.2363,0.5049,0.3696,0.0508,1,3,5,1,5,3,1,2,5
1.3.6.1.4.1.14519.5.2.1.6279.6001.104562737760173137525888934217,0,0.2354,0.5049,0.3679,0.0527,1,5,5,1,5,3,1,1,5
