uid,anno_index,coord_x,coord_y,coord_z,diameter,malscore,sphericiy,margin,spiculation,texture,calcification,internal_structure,lobulation,subtlety
1.3.6.1.4.1.14519.5.2.1.6279.6001.302403227435841351528721627052,7036,0.8223,0.5762,0.341,0.0195,3,5,4,2,4,6,1,2,3
1.3.6.1.4.1.14519.5.2.1.6279.6001.302403227435841351528721627052,7040,0.8115,0.5879,0.3525,0.0195,3,4,4,2,4,6,1,2,2
1.3.6.1.4.1.14519.5.2.1.6279.6001.302403227435841351528721627052,IL057_156855,0.8203,0.5771,0.341,0.0254,4,5,3,2,5,6,1,2,3
1.3.6.1.4.1.14519.5.2.1.6279.6001.302403227435841351528721627052,IL057_156859,0.8145,0.5879,0.3525,0.0195,3,4,4,1,5,6,1,1,3
1.3.6.1.4.1.14519.5.2.1.6279.6001.302403227435841351528721627052,40425,0.8213,0.5752,0.341,0.0215,3,4,4,2,5,6,1,2,5
1.3.6.1.4.1.14519.5.2.1.6279.6001.302403227435841351528721627052,52097,0.8145,0.5869,0.3525,0.0156,3,4,3,1,5,6,1,2,4
1.3.6.1.4.1.14519.5.2.1.6279.6001.302403227435841351528721627052,Nodule 002,0.8213,0.5771,0.341,0.0176,4,4,4,2,4,6,1,2,4
1.3.6.1.4.1.14519.5.2.1.6279.6001.302403227435841351528721627052,Nodule 003,0.8105,0.5869,0.3544,0.0176,4,4,4,2,4,6,1,2,4
