uid,anno_index,coord_x,coord_y,coord_z,diameter,malscore,sphericiy,margin,spiculation,texture,calcification,internal_structure,lobulation,subtlety
1.3.6.1.4.1.14519.5.2.1.6279.6001.272344603176687884771013620823,0,0.7383,0.502,0.7464,0.082,4,5,4,5,4,6,1,1,5
1.3.6.1.4.1.14519.5.2.1.6279.6001.272344603176687884771013620823,163563,0.7412,0.5029,0.75,0.0762,5,3,3,5,5,6,1,4,5
1.3.6.1.4.1.14519.5.2.1.6279.6001.272344603176687884771013620823,168003,0.7422,0.502,0.75,0.0742,5,3,3,3,5,6,1,5,5
1.3.6.1.4.1.14519.5.2.1.6279.6001.272344603176687884771013620823,Nodule 001,0.7422,0.502,0.75,0.0742,5,3,4,5,5,6,1,3,5
