uid,anno_index,coord_x,coord_y,coord_z,diameter,malscore,sphericiy,margin,spiculation,texture,calcification,internal_structure,lobulation,subtlety
1.3.6.1.4.1.14519.5.2.1.6279.6001.272190966764020277652079081128,Nodule 001,0.3652,0.6504,0.5,0.0234,4,4,5,1,3,6,1,1,4
1.3.6.1.4.1.14519.5.2.1.6279.6001.272190966764020277652079081128,Nodule 007,0.2588,0.5498,0.797,0.0215,3,4,5,1,5,6,1,1,4
1.3.6.1.4.1.14519.5.2.1.6279.6001.272190966764020277652079081128,IL057_127044,0.2598,0.5508,0.7932,0.0234,3,5,4,1,4,6,1,1,4
1.3.6.1.4.1.14519.5.2.1.6279.6001.272190966764020277652079081128,IL057_128329,0.3672,0.6504,0.5038,0.0273,3,5,4,2,2,6,4,1,3
1.3.6.1.4.1.14519.5.2.1.6279.6001.272190966764020277652079081128,MI014_16301,0.2598,0.5498,0.797,0.0176,3,5,4,1,4,6,1,1,4
1.3.6.1.4.1.14519.5.2.1.6279.6001.272190966764020277652079081128,MI014_16299,0.3662,0.6504,0.5,0.0234,3,4,5,1,5,6,4,2,3
1.3.6.1.4.1.14519.5.2.1.6279.6001.272190966764020277652079081128,3,0.2598,0.5508,0.797,0.0195,2,5,5,1,5,6,1,1,3
