uid,anno_index,coord_x,coord_y,coord_z,diameter,malscore,sphericiy,margin,spiculation,texture,calcification,internal_structure,lobulation,subtlety
1.3.6.1.4.1.14519.5.2.1.6279.6001.212608679077007918190529579976,IL057_196069,0.3428,0.5293,0.7932,0.0156,1,4,5,1,5,3,1,1,4
1.3.6.1.4.1.14519.5.2.1.6279.6001.212608679077007918190529579976,IL057_196059,0.3135,0.335,0.3302,0.0293,3,4,4,1,5,6,1,1,4
1.3.6.1.4.1.14519.5.2.1.6279.6001.212608679077007918190529579976,03408,0.3428,0.5293,0.7932,0.0195,1,3,5,4,5,3,1,1,5
1.3.6.1.4.1.14519.5.2.1.6279.6001.212608679077007918190529579976,03397,0.3135,0.3359,0.3457,0.0332,3,3,4,3,5,6,1,1,5
1.3.6.1.4.1.14519.5.2.1.6279.6001.212608679077007918190529579976,Nodule 001,0.3105,0.3359,0.3302,0.0312,3,4,4,1,5,6,1,1,4
1.3.6.1.4.1.14519.5.2.1.6279.6001.212608679077007918190529579976,Nodule 004,0.3418,0.5283,0.7963,0.0176,1,4,5,1,5,3,1,1,5
1.3.6.1.4.1.14519.5.2.1.6279.6001.212608679077007918190529579976,0805,0.3428,0.5293,0.7932,0.0195,1,4,5,1,5,3,1,1,5
1.3.6.1.4.1.14519.5.2.1.6279.6001.212608679077007918190529579976,0796,0.3125,0.335,0.3364,0.0312,1,4,4,1,5,3,1,1,5
