uid,anno_index,coord_x,coord_y,coord_z,diameter,malscore,sphericiy,margin,spiculation,texture,calcification,internal_structure,lobulation,subtlety
1.3.6.1.4.1.14519.5.2.1.6279.6001.167661207884826429102690781600,Nodule 002,0.5898,0.5605,0.3884,0.0352,4,4,4,2,5,6,1,1,4
1.3.6.1.4.1.14519.5.2.1.6279.6001.167661207884826429102690781600,Nodule 003,0.7686,0.5654,0.5168,0.0488,5,3,4,4,5,6,1,3,5
1.3.6.1.4.1.14519.5.2.1.6279.6001.167661207884826429102690781600,IL057_159762,0.7686,0.5654,0.5183,0.0527,4,5,5,2,5,6,1,2,4
1.3.6.1.4.1.14519.5.2.1.6279.6001.167661207884826429102690781600,MI014_13742,0.7676,0.5693,0.5168,0.0527,5,4,5,2,5,6,1,1,5
1.3.6.1.4.1.14519.5.2.1.6279.6001.167661207884826429102690781600,MI014_13755,0.5918,0.5635,0.3869,0.0332,4,3,5,1,5,6,1,1,1
1.3.6.1.4.1.14519.5.2.1.6279.6001.167661207884826429102690781600,0,0.5889,0.5615,0.3869,0.0371,2,5,5,1,5,6,1,1,3
1.3.6.1.4.1.14519.5.2.1.6279.6001.167661207884826429102690781600,2,0.7695,0.5664,0.5168,0.0547,3,5,5,1,5,6,1,4,5
