uid,anno_index,coord_x,coord_y,coord_z,diameter,malscore,sphericiy,margin,spiculation,texture,calcification,internal_structure,lobulation,subtlety
1.3.6.1.4.1.14519.5.2.1.6279.6001.752756872840730509471096155114,0,0.667,0.6396,0.8543,0.0566,2,5,5,1,5,6,1,1,5
1.3.6.1.4.1.14519.5.2.1.6279.6001.752756872840730509471096155114,Nodule 001,0.666,0.6396,0.8543,0.0566,4,4,4,2,5,6,1,1,5
1.3.6.1.4.1.14519.5.2.1.6279.6001.752756872840730509471096155114,196678,0.667,0.6416,0.8543,0.0605,5,5,5,1,5,6,1,2,5
1.3.6.1.4.1.14519.5.2.1.6279.6001.752756872840730509471096155114,184654,0.667,0.6406,0.8543,0.0586,5,4,5,1,5,6,1,3,5
