uid,anno_index,coord_x,coord_y,coord_z,diameter,malscore,sphericiy,margin,spiculation,texture,calcification,internal_structure,lobulation,subtlety
1.3.6.1.4.1.14519.5.2.1.6279.6001.330544495001617450666819906758,174001,0.3916,0.4453,0.6149,0.082,5,2,2,5,5,6,1,3,5
1.3.6.1.4.1.14519.5.2.1.6279.6001.330544495001617450666819906758,0,0.3936,0.4453,0.6115,0.0742,3,3,5,2,5,6,1,3,5
1.3.6.1.4.1.14519.5.2.1.6279.6001.330544495001617450666819906758,172251,0.3916,0.4453,0.6182,0.0781,5,2,4,4,5,6,1,4,5
1.3.6.1.4.1.14519.5.2.1.6279.6001.330544495001617450666819906758,Nodule 001,0.3975,0.4316,0.6115,0.0469,4,3,4,2,5,6,1,2,4
1.3.6.1.4.1.14519.5.2.1.6279.6001.330544495001617450666819906758,Nodule 002,0.3838,0.4707,0.6216,0.0332,4,4,4,1,5,6,1,2,4
