uid,anno_index,coord_x,coord_y,coord_z,diameter,malscore,sphericiy,margin,spiculation,texture,calcification,internal_structure,lobulation,subtlety
1.3.6.1.4.1.14519.5.2.1.6279.6001.247816269490470394602288565775,56563,0.3604,0.7275,0.8669,0.0176,2,5,3,1,4,6,1,1,3
1.3.6.1.4.1.14519.5.2.1.6279.6001.247816269490470394602288565775,56558,0.6982,0.4639,0.6119,0.0645,5,4,3,1,5,6,1,3,5
1.3.6.1.4.1.14519.5.2.1.6279.6001.247816269490470394602288565775,Nodule 003,0.6982,0.4541,0.6186,0.0527,5,3,4,2,5,6,1,1,5
1.3.6.1.4.1.14519.5.2.1.6279.6001.247816269490470394602288565775,Nodule 001,0.3594,0.7266,0.8678,0.0195,3,4,5,1,5,6,1,1,3
1.3.6.1.4.1.14519.5.2.1.6279.6001.247816269490470394602288565775,13919,0.3604,0.7275,0.8661,0.0137,3,3,4,1,4,6,1,2,3
1.3.6.1.4.1.14519.5.2.1.6279.6001.247816269490470394602288565775,13914,0.6992,0.4609,0.6119,0.0586,3,3,4,2,5,6,1,2,4
1.3.6.1.4.1.14519.5.2.1.6279.6001.247816269490470394602288565775,2,0.6982,0.46,0.611,0.0566,3,4,5,2,5,6,1,1,5
