uid,anno_index,coord_x,coord_y,coord_z,diameter,malscore,sphericiy,margin,spiculation,texture,calcification,internal_structure,lobulation,subtlety
1.3.6.1.4.1.14519.5.2.1.6279.6001.217754016294471278921686508169,54802,0.1973,0.415,0.4764,0.0176,2,4,3,1,5,6,1,1,3
1.3.6.1.4.1.14519.5.2.1.6279.6001.217754016294471278921686508169,Nodule 001,0.1973,0.415,0.4764,0.0195,2,4,5,1,5,6,1,1,4
1.3.6.1.4.1.14519.5.2.1.6279.6001.217754016294471278921686508169,15082,0.1963,0.415,0.4764,0.0137,3,4,4,1,4,6,1,1,5
1.3.6.1.4.1.14519.5.2.1.6279.6001.217754016294471278921686508169,6,0.1963,0.4141,0.4764,0.0156,1,5,5,1,5,3,1,1,5
