uid,anno_index,coord_x,coord_y,coord_z,diameter,malscore,sphericiy,margin,spiculation,texture,calcification,internal_structure,lobulation,subtlety
1.3.6.1.4.1.14519.5.2.1.6279.6001.246225645401227472829175288633,13251,0.8047,0.4258,0.5448,0.0234,2,3,2,2,4,6,1,3,3
1.3.6.1.4.1.14519.5.2.1.6279.6001.246225645401227472829175288633,Nodule 001,0.8018,0.4248,0.5448,0.0293,4,3,4,2,5,6,1,2,5
1.3.6.1.4.1.14519.5.2.1.6279.6001.246225645401227472829175288633,2349,0.8066,0.4258,0.5463,0.0273,3,4,3,2,4,6,1,4,3
