uid,anno_index,coord_x,coord_y,coord_z,diameter,malscore,sphericiy,margin,spiculation,texture,calcification,internal_structure,lobulation,subtlety
1.3.6.1.4.1.14519.5.2.1.6279.6001.257515388956260258681136624817,110360,0.3613,0.5215,0.3472,0.0391,3,4,5,1,5,6,1,4,5
1.3.6.1.4.1.14519.5.2.1.6279.6001.257515388956260258681136624817,110362,0.7119,0.5957,0.4367,0.0137,1,4,5,1,5,3,1,3,5
1.3.6.1.4.1.14519.5.2.1.6279.6001.257515388956260258681136624817,122705,0.3672,0.5371,0.3488,0.0664,4,5,5,1,5,6,1,1,5
1.3.6.1.4.1.14519.5.2.1.6279.6001.257515388956260258681136624817,122707,0.7119,0.5957,0.4367,0.0176,1,5,5,1,5,3,1,1,3
1.3.6.1.4.1.14519.5.2.1.6279.6001.257515388956260258681136624817,11735,0.7119,0.5957,0.4367,0.0176,5,3,3,5,5,6,1,4,5
1.3.6.1.4.1.14519.5.2.1.6279.6001.257515388956260258681136624817,14213,0.3672,0.5361,0.3488,0.0645,5,5,5,5,5,6,1,2,5
1.3.6.1.4.1.14519.5.2.1.6279.6001.257515388956260258681136624817,0,0.3613,0.5215,0.3488,0.0391,2,5,5,1,5,6,1,1,3
1.3.6.1.4.1.14519.5.2.1.6279.6001.257515388956260258681136624817,1,0.71,0.5967,0.4367,0.0215,1,5,5,1,5,3,1,1,5
