uid,anno_index,coord_x,coord_y,coord_z,diameter,malscore,sphericiy,margin,spiculation,texture,calcification,internal_structure,lobulation,subtlety
1.3.6.1.4.1.14519.5.2.1.6279.6001.397522780537301776672854630421,60296,0.5596,0.6533,0.8517,0.041,3,3,4,1,5,6,1,1,4
1.3.6.1.4.1.14519.5.2.1.6279.6001.397522780537301776672854630421,60301,0.2256,0.6904,0.2069,0.041,3,3,4,1,5,6,1,1,4
1.3.6.1.4.1.14519.5.2.1.6279.6001.397522780537301776672854630421,Nodule 003,0.2246,0.6914,0.206,0.0469,4,4,4,2,5,6,1,2,5
1.3.6.1.4.1.14519.5.2.1.6279.6001.397522780537301776672854630421,Nodule 001,0.5586,0.6543,0.8526,0.0469,4,3,5,1,5,6,1,1,5
1.3.6.1.4.1.14519.5.2.1.6279.6001.397522780537301776672854630421,13877,0.2275,0.6924,0.206,0.0449,3,3,4,2,4,6,1,2,4
1.3.6.1.4.1.14519.5.2.1.6279.6001.397522780537301776672854630421,13893,0.5605,0.6523,0.8526,0.0469,3,4,5,1,5,1,1,2,4
1.3.6.1.4.1.14519.5.2.1.6279.6001.397522780537301776672854630421,0,0.5596,0.6523,0.8517,0.0469,3,5,5,1,5,6,1,1,5
1.3.6.1.4.1.14519.5.2.1.6279.6001.397522780537301776672854630421,2,0.2295,0.6943,0.2078,0.0488,3,4,4,1,5,6,1,1,5
