uid,anno_index,coord_x,coord_y,coord_z,diameter,malscore,sphericiy,margin,spiculation,texture,calcification,internal_structure,lobulation,subtlety
1.3.6.1.4.1.14519.5.2.1.6279.6001.313605260055394498989743099991,1145,0.2598,0.4414,0.562,0.0156,2,5,2,1,3,6,1,1,2
1.3.6.1.4.1.14519.5.2.1.6279.6001.313605260055394498989743099991,Nodule 002,0.2578,0.4424,0.562,0.0176,3,4,5,1,5,6,1,1,4
1.3.6.1.4.1.14519.5.2.1.6279.6001.313605260055394498989743099991,IL057_202840,0.2598,0.4424,0.562,0.0137,2,5,3,1,5,6,1,1,2
1.3.6.1.4.1.14519.5.2.1.6279.6001.313605260055394498989743099991,11064,0.2588,0.4434,0.562,0.0156,2,5,4,1,5,6,1,1,5
