uid,anno_index,coord_x,coord_y,coord_z,diameter,malscore,sphericiy,margin,spiculation,texture,calcification,internal_structure,lobulation,subtlety
1.3.6.1.4.1.14519.5.2.1.6279.6001.241717018262666382493757419144,Nodule 001,0.5908,0.6152,0.677,0.0312,5,4,4,3,5,6,1,2,4
1.3.6.1.4.1.14519.5.2.1.6279.6001.241717018262666382493757419144,IL057_201527,0.585,0.6113,0.6712,0.041,4,4,3,1,1,6,1,1,4
1.3.6.1.4.1.14519.5.2.1.6279.6001.241717018262666382493757419144,IL057_201533,0.7129,0.625,0.2938,0.0156,3,5,3,1,1,6,1,1,1
1.3.6.1.4.1.14519.5.2.1.6279.6001.241717018262666382493757419144,MI014_14885,0.5869,0.6123,0.6732,0.041,3,3,4,3,5,6,1,1,4
1.3.6.1.4.1.14519.5.2.1.6279.6001.241717018262666382493757419144,MI014_14918,0.7129,0.625,0.2938,0.0117,3,5,3,1,1,6,1,1,1
1.3.6.1.4.1.14519.5.2.1.6279.6001.241717018262666382493757419144,0,0.5918,0.6143,0.6751,0.0371,2,5,2,1,1,6,1,1,1
1.3.6.1.4.1.14519.5.2.1.6279.6001.241717018262666382493757419144,11,0.7139,0.625,0.2918,0.0117,2,5,2,1,1,6,1,1,1
