uid,anno_index,coord_x,coord_y,coord_z,diameter,malscore,sphericiy,margin,spiculation,texture,calcification,internal_structure,lobulation,subtlety
1.3.6.1.4.1.14519.5.2.1.6279.6001.168605638657404145360275453085,Nodule 003,0.7998,0.3047,0.5488,0.0234,3,4,5,5,5,6,1,5,4
1.3.6.1.4.1.14519.5.2.1.6279.6001.168605638657404145360275453085,21030,0.7998,0.3066,0.5479,0.0234,2,3,5,5,5,6,1,5,4
1.3.6.1.4.1.14519.5.2.1.6279.6001.168605638657404145360275453085,27149,0.8018,0.3047,0.5479,0.0195,1,3,4,1,5,6,1,1,4
1.3.6.1.4.1.14519.5.2.1.6279.6001.168605638657404145360275453085,9,0.7998,0.3066,0.5479,0.0234,2,5,5,1,5,6,1,1,4
