uid,anno_index,coord_x,coord_y,coord_z,diameter,malscore,sphericiy,margin,spiculation,texture,calcification,internal_structure,lobulation,subtlety
1.3.6.1.4.1.14519.5.2.1.6279.6001.747803439040091794717626507402,Nodule 001,0.6982,0.542,0.6447,0.0488,4,3,4,2,5,6,1,2,5
1.3.6.1.4.1.14519.5.2.1.6279.6001.747803439040091794717626507402,IL057_127283,0.6992,0.5391,0.6491,0.0508,3,3,4,1,4,6,1,1,5
1.3.6.1.4.1.14519.5.2.1.6279.6001.747803439040091794717626507402,MI014_18157,0.6992,0.5391,0.6491,0.0469,5,5,5,1,5,6,1,1,5
1.3.6.1.4.1.14519.5.2.1.6279.6001.747803439040091794717626507402,0,0.6992,0.54,0.6491,0.0469,2,5,5,1,5,6,1,1,3
