uid,anno_index,coord_x,coord_y,coord_z,diameter,malscore,sphericiy,margin,spiculation,texture,calcification,internal_structure,lobulation,subtlety
1.3.6.1.4.1.14519.5.2.1.6279.6001.294188507421106424248264912111,54196,0.2021,0.7588,0.21,0.0254,3,4,4,2,5,6,1,2,5
1.3.6.1.4.1.14519.5.2.1.6279.6001.294188507421106424248264912111,54185,0.8857,0.6699,0.206,0.0332,3,3,4,2,5,6,1,2,5
1.3.6.1.4.1.14519.5.2.1.6279.6001.294188507421106424248264912111,54187,0.8213,0.7607,0.288,0.0254,3,3,4,2,5,6,1,2,5
1.3.6.1.4.1.14519.5.2.1.6279.6001.294188507421106424248264912111,Nodule 002,0.8838,0.6689,0.206,0.0332,4,3,4,1,5,6,1,2,4
1.3.6.1.4.1.14519.5.2.1.6279.6001.294188507421106424248264912111,Nodule 001,0.2002,0.7588,0.208,0.0254,4,3,5,1,5,6,1,1,4
1.3.6.1.4.1.14519.5.2.1.6279.6001.294188507421106424248264912111,Nodule 003,0.8223,0.7627,0.29,0.0195,4,4,5,1,5,6,1,1,4
1.3.6.1.4.1.14519.5.2.1.6279.6001.294188507421106424248264912111,9236,0.2021,0.7588,0.21,0.0254,4,4,4,1,4,6,1,1,5
1.3.6.1.4.1.14519.5.2.1.6279.6001.294188507421106424248264912111,9224,0.8867,0.6719,0.204,0.0352,4,3,3,1,4,6,1,1,5
1.3.6.1.4.1.14519.5.2.1.6279.6001.294188507421106424248264912111,9229,0.8213,0.7637,0.29,0.0215,4,3,4,1,4,6,1,1,5
