uid,anno_index,coord_x,coord_y,coord_z,diameter,malscore,sphericiy,margin,spiculation,texture,calcification,internal_structure,lobulation,subtlety
1.3.6.1.4.1.14519.5.2.1.6279.6001.337005960787660957389988207064,0076,0.3105,0.3213,0.6111,0.0156,3,3,4,1,5,6,1,1,3
1.3.6.1.4.1.14519.5.2.1.6279.6001.337005960787660957389988207064,5360,0.3105,0.3223,0.6111,0.0156,3,3,4,1,4,6,1,2,1
1.3.6.1.4.1.14519.5.2.1.6279.6001.337005960787660957389988207064,Nodule 001,0.3086,0.3223,0.613,0.0195,3,4,5,1,5,6,1,1,4
