uid,anno_index,coord_x,coord_y,coord_z,diameter,malscore,sphericiy,margin,spiculation,texture,calcification,internal_structure,lobulation,subtlety
1.3.6.1.4.1.14519.5.2.1.6279.6001.627998298349675613581885874395,114966,0.8994,0.5801,0.4543,0.0332,4,3,5,2,5,6,1,2,5
1.3.6.1.4.1.14519.5.2.1.6279.6001.627998298349675613581885874395,75275,0.8994,0.5791,0.4543,0.0332,5,5,5,2,5,6,1,1,5
1.3.6.1.4.1.14519.5.2.1.6279.6001.627998298349675613581885874395,15974,0.8984,0.5791,0.4543,0.0273,5,4,5,1,5,6,1,1,5
1.3.6.1.4.1.14519.5.2.1.6279.6001.627998298349675613581885874395,0,0.8984,0.5791,0.4543,0.0352,3,4,5,1,5,6,1,1,5
