uid,anno_index,coord_x,coord_y,coord_z,diameter,malscore,sphericiy,margin,spiculation,texture,calcification,internal_structure,lobulation,subtlety
1.3.6.1.4.1.14519.5.2.1.6279.6001.461155505515403114280165935891,Nodule 001,0.2891,0.5449,0.4612,0.0352,2,3,4,1,5,6,1,1,4
1.3.6.1.4.1.14519.5.2.1.6279.6001.461155505515403114280165935891,IL057_197104,0.29,0.5459,0.4612,0.0449,3,3,5,1,5,6,1,2,5
1.3.6.1.4.1.14519.5.2.1.6279.6001.461155505515403114280165935891,MI014_14884,0.2822,0.5459,0.4673,0.0527,3,3,5,1,5,6,1,1,4
