uid,anno_index,coord_x,coord_y,coord_z,diameter,malscore,sphericiy,margin,spiculation,texture,calcification,internal_structure,lobulation,subtlety
1.3.6.1.4.1.14519.5.2.1.6279.6001.905371958588660410240398317235,0,0.7598,0.6289,0.7303,0.0703,4,5,4,5,4,6,1,1,5
1.3.6.1.4.1.14519.5.2.1.6279.6001.905371958588660410240398317235,163300,0.7588,0.6279,0.727,0.0684,5,4,3,5,5,6,1,4,5
1.3.6.1.4.1.14519.5.2.1.6279.6001.905371958588660410240398317235,161388,0.7598,0.626,0.7303,0.0684,5,5,4,5,5,6,1,5,5
1.3.6.1.4.1.14519.5.2.1.6279.6001.905371958588660410240398317235,Nodule 001,0.7588,0.627,0.7303,0.0742,5,3,3,4,5,6,1,2,5
