uid,anno_index,coord_x,coord_y,coord_z,diameter,malscore,sphericiy,margin,spiculation,texture,calcification,internal_structure,lobulation,subtlety
1.3.6.1.4.1.14519.5.2.1.6279.6001.252634638822000832774167856951,Nodule 001,0.667,0.6758,0.6694,0.0859,5,2,3,5,5,6,1,3,5
1.3.6.1.4.1.14519.5.2.1.6279.6001.252634638822000832774167856951,IL057_122745,0.6689,0.6768,0.6673,0.0801,5,4,4,4,5,6,1,4,5
1.3.6.1.4.1.14519.5.2.1.6279.6001.252634638822000832774167856951,MI014_17392,0.665,0.6807,0.6673,0.0762,5,2,4,4,5,6,1,4,5
1.3.6.1.4.1.14519.5.2.1.6279.6001.252634638822000832774167856951,0,0.6582,0.6699,0.6714,0.1016,4,3,1,5,5,6,1,4,5
