uid,anno_index,coord_x,coord_y,coord_z,diameter,malscore,sphericiy,margin,spiculation,texture,calcification,internal_structure,lobulation,subtlety
1.3.6.1.4.1.14519.5.2.1.6279.6001.123654356399290048011621921476,5484,0.1836,0.3037,0.3902,0.0156,3,4,4,1,4,6,1,1,5
1.3.6.1.4.1.14519.5.2.1.6279.6001.123654356399290048011621921476,5485,0.6787,0.584,0.5935,0.0156,3,4,4,1,3,6,1,1,5
1.3.6.1.4.1.14519.5.2.1.6279.6001.123654356399290048011621921476,Nodule 001,0.1836,0.3037,0.3862,0.0156,3,3,5,1,5,6,1,1,4
1.3.6.1.4.1.14519.5.2.1.6279.6001.123654356399290048011621921476,Nodule 002,0.6787,0.5859,0.5894,0.0176,3,4,5,1,5,6,1,1,4
1.3.6.1.4.1.14519.5.2.1.6279.6001.123654356399290048011621921476,3959,0.1836,0.3027,0.3902,0.0156,2,3,4,2,4,6,1,1,5
1.3.6.1.4.1.14519.5.2.1.6279.6001.123654356399290048011621921476,3962,0.6787,0.584,0.5935,0.0137,3,3,4,2,5,6,1,2,4
