uid,anno_index,coord_x,coord_y,coord_z,diameter,malscore,sphericiy,margin,spiculation,texture,calcification,internal_structure,lobulation,subtlety
1.3.6.1.4.1.14519.5.2.1.6279.6001.100398138793540579077826395208,Nodule 003,0.752,0.5273,0.5669,0.0312,4,3,4,2,5,6,1,2,4
1.3.6.1.4.1.14519.5.2.1.6279.6001.100398138793540579077826395208,MI014_8002,0.752,0.5264,0.5669,0.0273,3,3,4,1,5,6,1,1,3
1.3.6.1.4.1.14519.5.2.1.6279.6001.100398138793540579077826395208,3,0.7529,0.5264,0.5669,0.0176,1,3,3,1,5,6,1,1,3
