uid,anno_index,coord_x,coord_y,coord_z,diameter,malscore,sphericiy,margin,spiculation,texture,calcification,internal_structure,lobulation,subtlety
1.3.6.1.4.1.14519.5.2.1.6279.6001.323753921818102744511069914832,Nodule 001,0.7861,0.668,0.1271,0.1055,4,2,4,2,4,6,1,2,4
1.3.6.1.4.1.14519.5.2.1.6279.6001.323753921818102744511069914832,Nodule 002,0.7539,0.6045,0.171,0.0469,4,2,4,2,4,6,1,2,4
1.3.6.1.4.1.14519.5.2.1.6279.6001.323753921818102744511069914832,20976,0.7578,0.6064,0.1675,0.0371,3,3,2,2,3,6,1,2,3
1.3.6.1.4.1.14519.5.2.1.6279.6001.323753921818102744511069914832,20972,0.7861,0.667,0.1271,0.0957,5,4,4,2,5,6,1,3,5
1.3.6.1.4.1.14519.5.2.1.6279.6001.323753921818102744511069914832,0,0.7744,0.6523,0.1413,0.1289,2,2,4,2,5,6,1,2,5
1.3.6.1.4.1.14519.5.2.1.6279.6001.323753921818102744511069914832,1,0.7861,0.6689,0.1354,0.0996,3,3,5,2,5,6,1,2,5
1.3.6.1.4.1.14519.5.2.1.6279.6001.323753921818102744511069914832,11786,0.7559,0.6084,0.1675,0.0449,2,4,2,3,3,6,1,1,3
1.3.6.1.4.1.14519.5.2.1.6279.6001.323753921818102744511069914832,11782,0.7861,0.6689,0.1354,0.0996,3,3,3,3,5,6,1,2,5
