uid,anno_index,coord_x,coord_y,coord_z,diameter,malscore,sphericiy,margin,spiculation,texture,calcification,internal_structure,lobulation,subtlety
1.3.6.1.4.1.14519.5.2.1.6279.6001.177685820605315926524514718990,Nodule 001,0.2744,0.6094,0.7381,0.0332,4,3,4,1,5,6,1,2,4
1.3.6.1.4.1.14519.5.2.1.6279.6001.177685820605315926524514718990,IL057_202752,0.2744,0.6094,0.7399,0.0293,5,4,2,3,4,6,1,4,3
1.3.6.1.4.1.14519.5.2.1.6279.6001.177685820605315926524514718990,MI014_15475,0.2744,0.6084,0.7381,0.0293,3,3,3,1,5,6,1,2,4
1.3.6.1.4.1.14519.5.2.1.6279.6001.177685820605315926524514718990,5,0.2764,0.6084,0.7381,0.0254,3,4,4,2,4,6,1,2,4
