uid,anno_index,coord_x,coord_y,coord_z,diameter,malscore,sphericiy,margin,spiculation,texture,calcification,internal_structure,lobulation,subtlety
1.3.6.1.4.1.14519.5.2.1.6279.6001.300136985030081433029390459071,Nodule 002,0.8037,0.4648,0.3243,0.0781,4,4,4,2,5,6,1,2,5
1.3.6.1.4.1.14519.5.2.1.6279.6001.300136985030081433029390459071,Nodule 001,0.3838,0.3369,0.4234,0.0293,3,4,5,1,5,6,1,1,4
1.3.6.1.4.1.14519.5.2.1.6279.6001.300136985030081433029390459071,IL057_203333,0.3838,0.3389,0.4234,0.0293,4,4,4,1,5,6,1,2,4
1.3.6.1.4.1.14519.5.2.1.6279.6001.300136985030081433029390459071,IL057_203329,0.8066,0.4658,0.3243,0.0781,4,5,5,1,5,6,1,3,5
1.3.6.1.4.1.14519.5.2.1.6279.6001.300136985030081433029390459071,MI014_21007,0.3848,0.3379,0.4189,0.0273,4,3,4,2,5,6,1,1,5
1.3.6.1.4.1.14519.5.2.1.6279.6001.300136985030081433029390459071,MI014_20983,0.8037,0.4639,0.3243,0.0762,5,4,5,1,5,6,1,1,5
1.3.6.1.4.1.14519.5.2.1.6279.6001.300136985030081433029390459071,0,0.7988,0.4639,0.3243,0.0801,3,4,5,2,5,6,1,3,5
1.3.6.1.4.1.14519.5.2.1.6279.6001.300136985030081433029390459071,1,0.3848,0.334,0.4189,0.0391,2,3,4,2,4,6,1,2,5
