uid,anno_index,coord_x,coord_y,coord_z,diameter,malscore,sphericiy,margin,spiculation,texture,calcification,internal_structure,lobulation,subtlety
1.3.6.1.4.1.14519.5.2.1.6279.6001.119806527488108718706404165837,Nodule 001,0.2529,0.2754,0.3191,0.0215,4,4,5,1,5,6,1,1,4
1.3.6.1.4.1.14519.5.2.1.6279.6001.119806527488108718706404165837,1,0.2539,0.2754,0.3226,0.0195,2,5,5,1,5,6,1,1,3
1.3.6.1.4.1.14519.5.2.1.6279.6001.119806527488108718706404165837,52351,0.2559,0.2764,0.3191,0.0234,2,3,5,2,5,6,1,1,3
1.3.6.1.4.1.14519.5.2.1.6279.6001.119806527488108718706404165837,60019,0.2529,0.2764,0.3209,0.0215,1,2,4,1,5,6,1,1,2
