uid,anno_index,coord_x,coord_y,coord_z,diameter,malscore,sphericiy,margin,spiculation,texture,calcification,internal_structure,lobulation,subtlety
1.3.6.1.4.1.14519.5.2.1.6279.6001.171177995014336749670107905732,Nodule 002,0.8057,0.6787,0.398,0.0215,4,3,4,1,4,6,1,1,5
1.3.6.1.4.1.14519.5.2.1.6279.6001.171177995014336749670107905732,38111,0.8076,0.6777,0.398,0.0156,2,5,5,1,5,6,1,1,4
1.3.6.1.4.1.14519.5.2.1.6279.6001.171177995014336749670107905732,25317,0.8057,0.6787,0.399,0.0176,2,4,4,1,5,6,1,2,4
