uid,anno_index,coord_x,coord_y,coord_z,diameter,malscore,sphericiy,margin,spiculation,texture,calcification,internal_structure,lobulation,subtlety
1.3.6.1.4.1.14519.5.2.1.6279.6001.329624439086643515259182406526,IL057_69756,0.2402,0.7148,0.5131,0.0234,3,5,5,1,5,6,1,1,3
1.3.6.1.4.1.14519.5.2.1.6279.6001.329624439086643515259182406526,Nodule 001,0.2402,0.7129,0.5112,0.0234,2,5,5,1,5,6,1,1,4
1.3.6.1.4.1.14519.5.2.1.6279.6001.329624439086643515259182406526,6288,0.2412,0.7139,0.5131,0.0176,3,4,4,1,5,6,1,1,3
1.3.6.1.4.1.14519.5.2.1.6279.6001.329624439086643515259182406526,4912,0.2412,0.7139,0.5112,0.0254,3,5,4,1,4,6,1,1,2
