uid,anno_index,coord_x,coord_y,coord_z,diameter,malscore,sphericiy,margin,spiculation,texture,calcification,internal_structure,lobulation,subtlety
1.3.6.1.4.1.14519.5.2.1.6279.6001.194488534645348916700259325236,56093,0.8535,0.6895,0.2729,0.0195,2,2,5,1,5,6,1,1,4
1.3.6.1.4.1.14519.5.2.1.6279.6001.194488534645348916700259325236,56088,0.7764,0.5723,0.6572,0.0234,1,4,4,1,4,3,1,3,5
1.3.6.1.4.1.14519.5.2.1.6279.6001.194488534645348916700259325236,0,0.8535,0.6895,0.2718,0.0156,2,4,3,1,5,6,1,1,4
1.3.6.1.4.1.14519.5.2.1.6279.6001.194488534645348916700259325236,7,0.7754,0.5732,0.6539,0.0215,1,3,5,1,5,5,1,1,5
1.3.6.1.4.1.14519.5.2.1.6279.6001.194488534645348916700259325236,33979,0.7764,0.5723,0.6539,0.0234,1,4,5,1,5,3,1,2,4
1.3.6.1.4.1.14519.5.2.1.6279.6001.194488534645348916700259325236,33973,0.8535,0.6904,0.2718,0.0215,3,4,5,1,4,6,1,1,3
1.3.6.1.4.1.14519.5.2.1.6279.6001.194488534645348916700259325236,Nodule 002,0.8535,0.6895,0.2718,0.0195,3,4,5,1,5,6,1,1,5
1.3.6.1.4.1.14519.5.2.1.6279.6001.194488534645348916700259325236,Nodule 003,0.7744,0.5732,0.655,0.0215,3,3,5,1,5,6,1,1,4
