uid,anno_index,coord_x,coord_y,coord_z,diameter,malscore,sphericiy,margin,spiculation,texture,calcification,internal_structure,lobulation,subtlety
1.3.6.1.4.1.14519.5.2.1.6279.6001.172243743899615313644757844726,Nodule 002,0.3125,0.582,0.5317,0.0312,4,4,4,1,5,6,1,2,4
1.3.6.1.4.1.14519.5.2.1.6279.6001.172243743899615313644757844726,Nodule 001,0.2676,0.6396,0.7778,0.0566,5,3,4,3,5,6,1,3,5
1.3.6.1.4.1.14519.5.2.1.6279.6001.172243743899615313644757844726,IL057_167494,0.2676,0.6406,0.7778,0.0547,1,4,5,3,5,3,1,1,5
1.3.6.1.4.1.14519.5.2.1.6279.6001.172243743899615313644757844726,IL057_167497,0.3154,0.582,0.5357,0.0293,4,4,5,1,5,6,1,1,4
1.3.6.1.4.1.14519.5.2.1.6279.6001.172243743899615313644757844726,MI014_19585,0.3135,0.5801,0.5357,0.0371,5,5,5,1,5,6,1,1,5
1.3.6.1.4.1.14519.5.2.1.6279.6001.172243743899615313644757844726,MI014_19581,0.2666,0.6396,0.7738,0.0566,5,2,5,3,5,3,1,5,5
1.3.6.1.4.1.14519.5.2.1.6279.6001.172243743899615313644757844726,0,0.3174,0.5811,0.5357,0.0371,2,5,5,1,5,6,1,1,3
