uid,anno_index,coord_x,coord_y,coord_z,diameter,malscore,sphericiy,margin,spiculation,texture,calcification,internal_structure,lobulation,subtlety
1.3.6.1.4.1.14519.5.2.1.6279.6001.277445975068759205899107114231,Nodule 005,0.3096,0.6455,0.404,0.0176,2,4,4,1,4,6,1,1,3
1.3.6.1.4.1.14519.5.2.1.6279.6001.277445975068759205899107114231,Nodule 006,0.334,0.6963,0.4209,0.0195,2,3,4,1,4,6,1,1,3
1.3.6.1.4.1.14519.5.2.1.6279.6001.277445975068759205899107114231,13492,0.333,0.6953,0.4209,0.0176,3,4,2,2,1,6,1,3,3
1.3.6.1.4.1.14519.5.2.1.6279.6001.277445975068759205899107114231,13483,0.3096,0.6455,0.404,0.0176,3,3,1,2,1,6,1,3,3
1.3.6.1.4.1.14519.5.2.1.6279.6001.277445975068759205899107114231,MI014_649,0.333,0.6953,0.4209,0.0176,1,4,1,1,1,6,1,1,4
1.3.6.1.4.1.14519.5.2.1.6279.6001.277445975068759205899107114231,MI014_640,0.3086,0.6455,0.4011,0.0234,2,3,2,1,1,6,1,1,5
