uid,anno_index,coord_x,coord_y,coord_z,diameter,malscore,sphericiy,margin,spiculation,texture,calcification,internal_structure,lobulation,subtlety
1.3.6.1.4.1.14519.5.2.1.6279.6001.228934821089041845791238006047,2617,0.7695,0.6377,0.3663,0.0156,3,3,4,1,4,6,1,1,4
1.3.6.1.4.1.14519.5.2.1.6279.6001.228934821089041845791238006047,Nodule 003,0.7695,0.6387,0.3682,0.0156,2,4,5,1,5,6,1,1,3
1.3.6.1.4.1.14519.5.2.1.6279.6001.228934821089041845791238006047,6965,0.7686,0.6396,0.3663,0.0176,3,5,4,1,4,6,1,1,5
1.3.6.1.4.1.14519.5.2.1.6279.6001.228934821089041845791238006047,IL057_135230,0.7705,0.6377,0.3663,0.0137,3,5,4,1,5,6,1,1,2
