uid,anno_index,coord_x,coord_y,coord_z,diameter,malscore,sphericiy,margin,spiculation,texture,calcification,internal_structure,lobulation,subtlety
1.3.6.1.4.1.14519.5.2.1.6279.6001.314789075871001236641548593165,Nodule 002,0.3516,0.6191,0.8177,0.0273,3,2,3,1,3,6,1,2,2
1.3.6.1.4.1.14519.5.2.1.6279.6001.314789075871001236641548593165,13277,0.3545,0.624,0.8204,0.0254,2,3,3,2,4,6,1,1,2
1.3.6.1.4.1.14519.5.2.1.6279.6001.314789075871001236641548593165,1829,0.3555,0.624,0.8232,0.0273,3,4,1,2,3,6,1,2,3
