uid,anno_index,coord_x,coord_y,coord_z,diameter,malscore,sphericiy,margin,spiculation,texture,calcification,internal_structure,lobulation,subtlety
1.3.6.1.4.1.14519.5.2.1.6279.6001.202811684116768680758082619196,Nodule 002,0.3086,0.4541,0.7594,0.0488,5,3,4,2,5,6,1,2,5
1.3.6.1.4.1.14519.5.2.1.6279.6001.202811684116768680758082619196,IL057_160231,0.3057,0.4502,0.7594,0.0684,5,3,5,4,5,6,1,2,5
1.3.6.1.4.1.14519.5.2.1.6279.6001.202811684116768680758082619196,MI014_20132,0.3057,0.4551,0.7594,0.0469,5,4,5,4,5,6,1,4,5
1.3.6.1.4.1.14519.5.2.1.6279.6001.202811684116768680758082619196,1,0.3057,0.4551,0.7594,0.0488,4,5,4,5,4,6,1,1,5
