uid,anno_index,coord_x,coord_y,coord_z,diameter,malscore,sphericiy,margin,spiculation,texture,calcification,internal_structure,lobulation,subtlety
1.3.6.1.4.1.14519.5.2.1.6279.6001.226152078193253087875725735761,13263,0.3545,0.6807,0.5722,0.0527,3,4,3,2,4,6,1,1,5
1.3.6.1.4.1.14519.5.2.1.6279.6001.226152078193253087875725735761,Nodule 001,0.3496,0.6807,0.5741,0.0391,5,2,4,3,5,6,1,3,5
1.3.6.1.4.1.14519.5.2.1.6279.6001.226152078193253087875725735761,2398,0.3535,0.6807,0.5741,0.0371,3,4,4,2,4,6,1,2,4
