uid,anno_index,coord_x,coord_y,coord_z,diameter,malscore,sphericiy,margin,spiculation,texture,calcification,internal_structure,lobulation,subtlety
1.3.6.1.4.1.14519.5.2.1.6279.6001.319066480138812986026181758474,0086,0.8643,0.54,0.4432,0.0215,3,3,3,3,4,6,1,1,3
1.3.6.1.4.1.14519.5.2.1.6279.6001.319066480138812986026181758474,0321,0.3203,0.7275,0.5364,0.0215,3,3,4,1,5,6,1,2,3
1.3.6.1.4.1.14519.5.2.1.6279.6001.319066480138812986026181758474,Nodule 004,0.8604,0.54,0.4432,0.0215,5,3,4,1,5,6,1,2,4
1.3.6.1.4.1.14519.5.2.1.6279.6001.319066480138812986026181758474,Nodule 003,0.3193,0.7295,0.5364,0.0371,4,3,4,1,5,6,1,2,4
1.3.6.1.4.1.14519.5.2.1.6279.6001.319066480138812986026181758474,5366,0.8633,0.5381,0.4432,0.0195,3,2,3,2,4,6,1,2,1
1.3.6.1.4.1.14519.5.2.1.6279.6001.319066480138812986026181758474,5364,0.3203,0.7275,0.5364,0.0254,3,4,2,2,3,6,1,2,1
