uid,anno_index,coord_x,coord_y,coord_z,diameter,malscore,sphericiy,margin,spiculation,texture,calcification,internal_structure,lobulation,subtlety
1.3.6.1.4.1.14519.5.2.1.6279.6001.238855414831158993232534884296,20448,0.2002,0.5879,0.6129,0.0273,3,4,1,1,1,6,1,1,2
1.3.6.1.4.1.14519.5.2.1.6279.6001.238855414831158993232534884296,0,0.2002,0.5879,0.6129,0.0273,3,5,4,1,4,6,1,5,4
1.3.6.1.4.1.14519.5.2.1.6279.6001.238855414831158993232534884296,Nodule 001,0.2012,0.5938,0.6156,0.0273,4,4,4,1,4,6,1,1,4
