uid,anno_index,coord_x,coord_y,coord_z,diameter,malscore,sphericiy,margin,spiculation,texture,calcification,internal_structure,lobulation,subtlety
1.3.6.1.4.1.14519.5.2.1.6279.6001.261700367741314729940340271960,171431,0.5859,0.5078,0.8534,0.0117,1,4,5,1,5,3,1,1,5
1.3.6.1.4.1.14519.5.2.1.6279.6001.261700367741314729940340271960,0,0.5859,0.5078,0.8534,0.0117,1,4,4,1,5,6,1,1,5
1.3.6.1.4.1.14519.5.2.1.6279.6001.261700367741314729940340271960,168257,0.5859,0.5078,0.8534,0.0156,1,5,5,1,5,3,1,1,5
