uid,anno_index,coord_x,coord_y,coord_z,diameter,malscore,sphericiy,margin,spiculation,texture,calcification,internal_structure,lobulation,subtlety
1.3.6.1.4.1.14519.5.2.1.6279.6001.395623571499047043765181005112,174500,0.4082,0.4873,0.711,0.0176,2,3,5,1,5,6,1,3,3
1.3.6.1.4.1.14519.5.2.1.6279.6001.395623571499047043765181005112,0,0.4092,0.4883,0.711,0.0156,1,4,3,1,5,6,1,1,3
1.3.6.1.4.1.14519.5.2.1.6279.6001.395623571499047043765181005112,Nodule 002,0.4072,0.4873,0.711,0.0137,2,4,5,1,5,6,1,1,4
1.3.6.1.4.1.14519.5.2.1.6279.6001.395623571499047043765181005112,172673,0.4102,0.4873,0.711,0.0176,3,5,5,1,5,6,1,1,3
