uid,anno_index,coord_x,coord_y,coord_z,diameter,malscore,sphericiy,margin,spiculation,texture,calcification,internal_structure,lobulation,subtlety
1.3.6.1.4.1.14519.5.2.1.6279.6001.631047517458234322522264161877,Nodule 001,0.2881,0.7676,0.4673,0.0215,2,3,5,1,5,6,1,1,4
1.3.6.1.4.1.14519.5.2.1.6279.6001.631047517458234322522264161877,0738,0.2891,0.7676,0.4673,0.0195,2,2,4,1,5,6,1,3,3
1.3.6.1.4.1.14519.5.2.1.6279.6001.631047517458234322522264161877,IL057_72247,0.2891,0.7676,0.4691,0.0195,2,2,4,1,5,6,1,1,2
