uid,anno_index,coord_x,coord_y,coord_z,diameter,malscore,sphericiy,margin,spiculation,texture,calcification,internal_structure,lobulation,subtlety
1.3.6.1.4.1.14519.5.2.1.6279.6001.177252583002664900748714851615,IL057_202801,0.3096,0.6074,0.8489,0.0332,3,4,2,4,3,6,1,2,4
1.3.6.1.4.1.14519.5.2.1.6279.6001.177252583002664900748714851615,06616,0.3125,0.6064,0.8511,0.0371,3,3,2,2,3,6,1,2,5
1.3.6.1.4.1.14519.5.2.1.6279.6001.177252583002664900748714851615,1183,0.3115,0.6064,0.8511,0.0371,4,4,2,4,3,6,1,2,4
1.3.6.1.4.1.14519.5.2.1.6279.6001.177252583002664900748714851615,Nodule 002,0.3105,0.6074,0.8444,0.0312,4,4,4,1,5,6,1,1,5
