uid,anno_index,coord_x,coord_y,coord_z,diameter,malscore,sphericiy,margin,spiculation,texture,calcification,internal_structure,lobulation,subtlety
1.3.6.1.4.1.14519.5.2.1.6279.6001.200841000324240313648595016964,0,0.2461,0.6475,0.7165,0.0234,1,5,5,1,5,3,1,1,5
1.3.6.1.4.1.14519.5.2.1.6279.6001.200841000324240313648595016964,163209,0.2461,0.6475,0.7205,0.0273,1,3,5,1,5,3,1,2,5
1.3.6.1.4.1.14519.5.2.1.6279.6001.200841000324240313648595016964,160722,0.2461,0.6484,0.7205,0.0273,1,4,5,1,5,3,1,1,4
1.3.6.1.4.1.14519.5.2.1.6279.6001.200841000324240313648595016964,Nodule 002,0.2451,0.6484,0.7205,0.0293,2,4,5,1,5,6,1,1,4
