uid,anno_index,coord_x,coord_y,coord_z,diameter,malscore,sphericiy,margin,spiculation,texture,calcification,internal_structure,lobulation,subtlety
1.3.6.1.4.1.14519.5.2.1.6279.6001.129055977637338639741695800950,57793,0.2236,0.6924,0.7671,0.0371,3,3,2,1,3,6,1,3,4
1.3.6.1.4.1.14519.5.2.1.6279.6001.129055977637338639741695800950,44903,0.2275,0.6924,0.766,0.0293,5,4,2,2,2,6,1,2,4
1.3.6.1.4.1.14519.5.2.1.6279.6001.129055977637338639741695800950,13791,0.2285,0.6924,0.7671,0.0312,3,3,1,3,2,6,1,4,2
