uid,anno_index,coord_x,coord_y,coord_z,diameter,malscore,sphericiy,margin,spiculation,texture,calcification,internal_structure,lobulation,subtlety
1.3.6.1.4.1.14519.5.2.1.6279.6001.128881800399702510818644205032,0,0.2705,0.5967,0.6298,0.0371,3,5,5,1,5,6,1,4,5
1.3.6.1.4.1.14519.5.2.1.6279.6001.128881800399702510818644205032,1,0.3262,0.667,0.6374,0.0508,4,5,4,5,4,6,1,1,5
1.3.6.1.4.1.14519.5.2.1.6279.6001.128881800399702510818644205032,114149,0.2715,0.5967,0.6298,0.0371,4,4,3,3,5,6,1,4,5
1.3.6.1.4.1.14519.5.2.1.6279.6001.128881800399702510818644205032,114147,0.3252,0.667,0.6336,0.0449,4,2,3,3,5,6,1,4,5
1.3.6.1.4.1.14519.5.2.1.6279.6001.128881800399702510818644205032,126792,0.3252,0.665,0.6336,0.0488,5,2,4,3,5,6,1,4,4
1.3.6.1.4.1.14519.5.2.1.6279.6001.128881800399702510818644205032,126798,0.2715,0.5957,0.6336,0.0352,5,4,4,3,5,6,1,4,5
1.3.6.1.4.1.14519.5.2.1.6279.6001.128881800399702510818644205032,Nodule 001,0.2715,0.5957,0.6336,0.0391,5,4,4,2,5,6,1,2,5
1.3.6.1.4.1.14519.5.2.1.6279.6001.128881800399702510818644205032,Nodule 002,0.3252,0.666,0.6374,0.0488,5,2,4,3,5,6,1,2,5
