uid,anno_index,coord_x,coord_y,coord_z,diameter,malscore,sphericiy,margin,spiculation,texture,calcification,internal_structure,lobulation,subtlety
1.3.6.1.4.1.14519.5.2.1.6279.6001.112740418331256326754121315800,0,0.6494,0.6406,0.7584,0.0859,4,4,5,3,5,6,1,3,5
1.3.6.1.4.1.14519.5.2.1.6279.6001.112740418331256326754121315800,1,0.3662,0.377,0.7617,0.0801,4,5,4,5,4,6,1,1,5
1.3.6.1.4.1.14519.5.2.1.6279.6001.112740418331256326754121315800,163079,0.3828,0.3828,0.7617,0.0625,5,3,4,4,5,6,1,4,5
1.3.6.1.4.1.14519.5.2.1.6279.6001.112740418331256326754121315800,163074,0.6514,0.6377,0.755,0.0918,5,4,4,3,5,6,1,5,5
1.3.6.1.4.1.14519.5.2.1.6279.6001.112740418331256326754121315800,Nodule 001,0.3809,0.3809,0.7617,0.0625,5,3,4,3,5,6,1,2,5
1.3.6.1.4.1.14519.5.2.1.6279.6001.112740418331256326754121315800,160607,0.6572,0.6328,0.755,0.123,5,5,4,4,5,6,1,4,5
1.3.6.1.4.1.14519.5.2.1.6279.6001.112740418331256326754121315800,160612,0.3818,0.3887,0.7617,0.0742,5,3,4,5,1,6,1,5,5
