uid,anno_index,coord_x,coord_y,coord_z,diameter,malscore,sphericiy,margin,spiculation,texture,calcification,internal_structure,lobulation,subtlety
1.3.6.1.4.1.14519.5.2.1.6279.6001.946129570505893110165820050204,Nodule 001,0.8398,0.2979,0.3306,0.0391,4,4,5,2,5,6,1,2,5
1.3.6.1.4.1.14519.5.2.1.6279.6001.946129570505893110165820050204,15522,0.8389,0.3008,0.3306,0.0352,3,4,5,2,5,6,1,2,5
1.3.6.1.4.1.14519.5.2.1.6279.6001.946129570505893110165820050204,11743,0.8398,0.293,0.3222,0.043,2,4,4,1,5,6,1,1,4
1.3.6.1.4.1.14519.5.2.1.6279.6001.946129570505893110165820050204,0,0.8398,0.2959,0.3274,0.0332,5,5,5,5,5,6,1,2,5
