uid,anno_index,coord_x,coord_y,coord_z,diameter,malscore,sphericiy,margin,spiculation,texture,calcification,internal_structure,lobulation,subtlety
1.3.6.1.4.1.14519.5.2.1.6279.6001.102681962408431413578140925249,0,0.6914,0.5439,0.8497,0.0566,2,5,5,1,5,6,1,1,3
1.3.6.1.4.1.14519.5.2.1.6279.6001.102681962408431413578140925249,160495,0.6914,0.5439,0.8497,0.0645,5,5,5,5,5,6,1,4,5
1.3.6.1.4.1.14519.5.2.1.6279.6001.102681962408431413578140925249,Nodule 003,0.6924,0.5459,0.8497,0.0566,5,3,4,2,5,6,1,2,5
1.3.6.1.4.1.14519.5.2.1.6279.6001.102681962408431413578140925249,162958,0.6934,0.5469,0.8497,0.0547,5,5,4,5,4,6,1,4,5
