uid,anno_index,coord_x,coord_y,coord_z,diameter,malscore,sphericiy,margin,spiculation,texture,calcification,internal_structure,lobulation,subtlety
1.3.6.1.4.1.14519.5.2.1.6279.6001.756684168227383088294595834066,Nodule 001,0.1328,0.6104,0.482,0.0176,4,4,4,2,5,6,1,1,4
1.3.6.1.4.1.14519.5.2.1.6279.6001.756684168227383088294595834066,IL057_203722,0.1338,0.6104,0.484,0.0176,3,5,4,1,5,6,1,1,2
1.3.6.1.4.1.14519.5.2.1.6279.6001.756684168227383088294595834066,MI014_18074,0.1338,0.6113,0.482,0.0176,3,4,3,2,4,6,1,1,3
