uid,anno_index,coord_x,coord_y,coord_z,diameter,malscore,sphericiy,margin,spiculation,texture,calcification,internal_structure,lobulation,subtlety
1.3.6.1.4.1.14519.5.2.1.6279.6001.128059192202504367870633619224,0,0.6865,0.4316,0.6893,0.0176,2,5,5,1,5,6,1,1,3
1.3.6.1.4.1.14519.5.2.1.6279.6001.128059192202504367870633619224,1,0.7354,0.5459,0.3,0.0176,1,5,5,1,5,3,1,1,5
1.3.6.1.4.1.14519.5.2.1.6279.6001.128059192202504367870633619224,171492,0.6855,0.4316,0.6893,0.0195,3,4,4,1,5,6,1,1,4
1.3.6.1.4.1.14519.5.2.1.6279.6001.128059192202504367870633619224,171496,0.7344,0.5449,0.3,0.0156,1,5,5,1,5,3,1,1,5
1.3.6.1.4.1.14519.5.2.1.6279.6001.128059192202504367870633619224,168141,0.7344,0.5449,0.2964,0.0156,1,5,5,1,5,3,1,1,5
1.3.6.1.4.1.14519.5.2.1.6279.6001.128059192202504367870633619224,168138,0.6875,0.4336,0.6857,0.0195,3,5,5,1,5,6,1,1,3
1.3.6.1.4.1.14519.5.2.1.6279.6001.128059192202504367870633619224,Nodule 002,0.7334,0.5459,0.3,0.0176,2,4,5,1,5,6,1,1,3
1.3.6.1.4.1.14519.5.2.1.6279.6001.128059192202504367870633619224,Nodule 003,0.6855,0.4307,0.6857,0.0195,2,4,5,1,5,6,1,1,3
