uid,anno_index,coord_x,coord_y,coord_z,diameter,malscore,sphericiy,margin,spiculation,texture,calcification,internal_structure,lobulation,subtlety
1.3.6.1.4.1.14519.5.2.1.6279.6001.153732973534937692357111055819,0,0.7422,0.5371,0.6835,0.0195,2,5,5,1,5,6,1,1,3
1.3.6.1.4.1.14519.5.2.1.6279.6001.153732973534937692357111055819,1,0.3281,0.6699,0.8094,0.0625,3,3,5,2,5,6,1,2,5
1.3.6.1.4.1.14519.5.2.1.6279.6001.153732973534937692357111055819,115532,0.3301,0.667,0.8094,0.0645,5,1,3,5,5,6,1,4,5
1.3.6.1.4.1.14519.5.2.1.6279.6001.153732973534937692357111055819,115933,0.7432,0.5371,0.6835,0.0156,3,4,5,1,5,6,1,3,3
1.3.6.1.4.1.14519.5.2.1.6279.6001.153732973534937692357111055819,128738,0.3291,0.6826,0.8058,0.0957,4,2,4,4,5,6,1,4,5
1.3.6.1.4.1.14519.5.2.1.6279.6001.153732973534937692357111055819,128840,0.7422,0.5371,0.6871,0.0195,3,4,4,2,5,6,1,1,2
1.3.6.1.4.1.14519.5.2.1.6279.6001.153732973534937692357111055819,Nodule 001,0.3281,0.667,0.8058,0.0645,5,2,3,3,5,6,1,2,5
