uid,anno_index,coord_x,coord_y,coord_z,diameter,malscore,sphericiy,margin,spiculation,texture,calcification,internal_structure,lobulation,subtlety
1.3.6.1.4.1.14519.5.2.1.6279.6001.618434772073433276874225174904,IL057_69279,0.5312,0.5713,0.9207,0.0352,2,2,4,1,5,6,1,4,4
1.3.6.1.4.1.14519.5.2.1.6279.6001.618434772073433276874225174904,0941,0.5381,0.5732,0.9187,0.0254,4,2,1,3,5,6,1,3,3
1.3.6.1.4.1.14519.5.2.1.6279.6001.618434772073433276874225174904,0780,0.5381,0.5723,0.9207,0.0273,2,2,4,3,5,6,1,2,3
1.3.6.1.4.1.14519.5.2.1.6279.6001.618434772073433276874225174904,Nodule 001,0.5332,0.5664,0.9207,0.0156,3,4,5,1,5,6,1,1,3
