uid,anno_index,coord_x,coord_y,coord_z,diameter,malscore,sphericiy,margin,spiculation,texture,calcification,internal_structure,lobulation,subtlety
1.3.6.1.4.1.14519.5.2.1.6279.6001.826812708000318290301835871780,0,0.3408,0.3516,0.453,0.0352,4,5,5,4,5,6,1,1,3
1.3.6.1.4.1.14519.5.2.1.6279.6001.826812708000318290301835871780,6,0.3066,0.3564,0.4134,0.0176,1,5,5,1,5,3,1,1,5
1.3.6.1.4.1.14519.5.2.1.6279.6001.826812708000318290301835871780,Nodule 002,0.3076,0.3584,0.4146,0.0215,1,4,5,1,5,3,1,1,5
1.3.6.1.4.1.14519.5.2.1.6279.6001.826812708000318290301835871780,Nodule 001,0.3408,0.3525,0.4505,0.0371,4,3,4,2,5,6,1,2,5
1.3.6.1.4.1.14519.5.2.1.6279.6001.826812708000318290301835871780,37632,0.3408,0.3516,0.4542,0.0391,1,5,1,3,3,6,1,1,4
1.3.6.1.4.1.14519.5.2.1.6279.6001.826812708000318290301835871780,37636,0.3066,0.3584,0.4146,0.0215,1,4,5,1,5,3,1,1,4
1.3.6.1.4.1.14519.5.2.1.6279.6001.826812708000318290301835871780,25466,0.3408,0.3535,0.4554,0.0312,4,4,1,4,2,6,1,5,4
1.3.6.1.4.1.14519.5.2.1.6279.6001.826812708000318290301835871780,25443,0.3066,0.3594,0.4146,0.0195,1,5,5,1,5,3,1,1,4
