uid,anno_index,coord_x,coord_y,coord_z,diameter,malscore,sphericiy,margin,spiculation,texture,calcification,internal_structure,lobulation,subtlety
1.3.6.1.4.1.14519.5.2.1.6279.6001.213854687290736562463866711534,57729,0.832,0.5166,0.4645,0.0449,1,4,5,1,5,3,1,1,5
1.3.6.1.4.1.14519.5.2.1.6279.6001.213854687290736562463866711534,131287,0.832,0.5166,0.4654,0.0488,1,4,5,1,5,3,1,1,5
1.3.6.1.4.1.14519.5.2.1.6279.6001.213854687290736562463866711534,9314,0.833,0.5166,0.4645,0.041,4,5,5,1,5,6,1,1,5
1.3.6.1.4.1.14519.5.2.1.6279.6001.213854687290736562463866711534,4,0.833,0.5156,0.4654,0.043,1,5,5,1,5,3,1,1,5
