uid,anno_index,coord_x,coord_y,coord_z,diameter,malscore,sphericiy,margin,spiculation,texture,calcification,internal_structure,lobulation,subtlety
1.3.6.1.4.1.14519.5.2.1.6279.6001.188209889686363159853715266493,161417,0.3184,0.6992,0.7177,0.0156,3,3,4,1,5,6,1,2,2
1.3.6.1.4.1.14519.5.2.1.6279.6001.188209889686363159853715266493,161781,0.6094,0.6562,0.6565,0.0234,3,5,4,2,5,6,1,3,1
1.3.6.1.4.1.14519.5.2.1.6279.6001.188209889686363159853715266493,163329,0.3184,0.6992,0.7177,0.0156,3,4,4,2,5,6,1,2,5
1.3.6.1.4.1.14519.5.2.1.6279.6001.188209889686363159853715266493,163332,0.6094,0.6592,0.6565,0.0195,3,5,4,3,5,6,1,2,3
1.3.6.1.4.1.14519.5.2.1.6279.6001.188209889686363159853715266493,Nodule 003,0.6094,0.6572,0.6565,0.0156,2,4,4,1,5,6,1,1,3
1.3.6.1.4.1.14519.5.2.1.6279.6001.188209889686363159853715266493,Nodule 001,0.3164,0.7002,0.7177,0.0176,3,4,5,1,5,6,1,1,3
