uid,anno_index,coord_x,coord_y,coord_z,diameter,malscore,sphericiy,margin,spiculation,texture,calcification,internal_structure,lobulation,subtlety
1.3.6.1.4.1.14519.5.2.1.6279.6001.792381786708289670758399079830,4983,0.8057,0.6084,0.8152,0.0488,5,4,4,1,5,6,1,1,5
1.3.6.1.4.1.14519.5.2.1.6279.6001.792381786708289670758399079830,4988,0.8418,0.5977,0.7514,0.0352,4,2,5,1,5,6,1,2,4
1.3.6.1.4.1.14519.5.2.1.6279.6001.792381786708289670758399079830,Nodule 001,0.8018,0.6094,0.8143,0.0547,5,2,4,2,5,6,1,2,4
1.3.6.1.4.1.14519.5.2.1.6279.6001.792381786708289670758399079830,Nodule 002,0.8369,0.5967,0.7524,0.0371,3,2,5,1,5,6,1,1,3
1.3.6.1.4.1.14519.5.2.1.6279.6001.792381786708289670758399079830,1775,0.8057,0.6094,0.8095,0.0469,3,5,5,2,5,6,1,1,5
1.3.6.1.4.1.14519.5.2.1.6279.6001.792381786708289670758399079830,1779,0.8398,0.5967,0.7524,0.0332,3,3,5,1,5,6,1,1,3
1.3.6.1.4.1.14519.5.2.1.6279.6001.792381786708289670758399079830,0,0.8066,0.6074,0.8152,0.0469,3,3,4,2,5,6,1,2,5
1.3.6.1.4.1.14519.5.2.1.6279.6001.792381786708289670758399079830,2,0.8408,0.5967,0.7514,0.0332,2,3,4,1,5,6,1,2,4
