uid,anno_index,coord_x,coord_y,coord_z,diameter,malscore,sphericiy,margin,spiculation,texture,calcification,internal_structure,lobulation,subtlety
1.3.6.1.4.1.14519.5.2.1.6279.6001.550599855064600241623943717588,162810,0.3809,0.7158,0.502,0.0195,2,2,5,1,5,6,1,1,3
1.3.6.1.4.1.14519.5.2.1.6279.6001.550599855064600241623943717588,161954,0.3809,0.7168,0.502,0.0195,3,3,5,1,5,6,1,1,2
1.3.6.1.4.1.14519.5.2.1.6279.6001.550599855064600241623943717588,Nodule 001,0.3799,0.7158,0.502,0.0215,2,2,5,1,5,6,1,1,3
