uid,anno_index,coord_x,coord_y,coord_z,diameter,malscore,sphericiy,margin,spiculation,texture,calcification,internal_structure,lobulation,subtlety
1.3.6.1.4.1.14519.5.2.1.6279.6001.177785764461425908755977367558,Nodule 001,0.3555,0.251,0.447,0.0195,2,4,5,1,5,6,1,1,4
1.3.6.1.4.1.14519.5.2.1.6279.6001.177785764461425908755977367558,CA006_29719,0.3574,0.252,0.448,0.0156,2,5,4,1,4,6,1,4,4
1.3.6.1.4.1.14519.5.2.1.6279.6001.177785764461425908755977367558,12614,0.3574,0.252,0.448,0.0195,3,3,4,1,5,6,1,1,3
1.3.6.1.4.1.14519.5.2.1.6279.6001.177785764461425908755977367558,0,0.3584,0.25,0.448,0.0176,2,5,5,1,5,6,1,1,5
