uid,anno_index,coord_x,coord_y,coord_z,diameter,malscore,sphericiy,margin,spiculation,texture,calcification,internal_structure,lobulation,subtlety
1.3.6.1.4.1.14519.5.2.1.6279.6001.176869045992276345870480098568,174360,0.4102,0.7637,0.6849,0.0156,2,2,4,1,4,6,1,3,2
1.3.6.1.4.1.14519.5.2.1.6279.6001.176869045992276345870480098568,1,0.4121,0.7656,0.6849,0.0156,2,3,4,1,5,6,1,2,3
1.3.6.1.4.1.14519.5.2.1.6279.6001.176869045992276345870480098568,Nodule 004,0.4092,0.7637,0.6849,0.0156,2,3,5,1,5,6,1,1,3
1.3.6.1.4.1.14519.5.2.1.6279.6001.176869045992276345870480098568,172543,0.4121,0.7646,0.6849,0.0234,3,4,3,1,5,6,1,2,2
