uid,anno_index,coord_x,coord_y,coord_z,diameter,malscore,sphericiy,margin,spiculation,texture,calcification,internal_structure,lobulation,subtlety
1.3.6.1.4.1.14519.5.2.1.6279.6001.900182736599353600185270496549,IL057_157288,0.1562,0.5977,0.3543,0.0156,3,5,5,1,5,6,1,1,2
1.3.6.1.4.1.14519.5.2.1.6279.6001.900182736599353600185270496549,IL057_160788,0.6729,0.626,0.7085,0.0176,3,5,5,1,5,6,1,1,2
1.3.6.1.4.1.14519.5.2.1.6279.6001.900182736599353600185270496549,54775,0.1562,0.5977,0.3563,0.0156,3,5,4,2,5,6,1,2,5
1.3.6.1.4.1.14519.5.2.1.6279.6001.900182736599353600185270496549,54776,0.6729,0.625,0.7085,0.0176,3,5,5,1,5,6,1,1,5
1.3.6.1.4.1.14519.5.2.1.6279.6001.900182736599353600185270496549,Nodule 001,0.1543,0.5967,0.3563,0.0176,3,4,5,1,5,6,1,1,4
1.3.6.1.4.1.14519.5.2.1.6279.6001.900182736599353600185270496549,Nodule 002,0.6709,0.626,0.7085,0.0176,2,4,5,1,5,6,1,1,3
1.3.6.1.4.1.14519.5.2.1.6279.6001.900182736599353600185270496549,7420,0.1562,0.5977,0.3563,0.0156,3,5,4,1,5,6,1,1,2
1.3.6.1.4.1.14519.5.2.1.6279.6001.900182736599353600185270496549,7419,0.6729,0.625,0.7085,0.0176,3,5,4,1,4,6,1,1,2
