uid,anno_index,coord_x,coord_y,coord_z,diameter,malscore,sphericiy,margin,spiculation,texture,calcification,internal_structure,lobulation,subtlety
1.3.6.1.4.1.14519.5.2.1.6279.6001.275766318636944297772360944907,2,0.2871,0.2959,0.5556,0.0566,2,5,5,1,5,6,1,1,3
1.3.6.1.4.1.14519.5.2.1.6279.6001.275766318636944297772360944907,5,0.5918,0.6797,0.195,0.0312,1,5,5,1,5,3,1,1,5
1.3.6.1.4.1.14519.5.2.1.6279.6001.275766318636944297772360944907,142105,0.29,0.2949,0.5556,0.0469,3,2,4,1,5,6,1,3,5
1.3.6.1.4.1.14519.5.2.1.6279.6001.275766318636944297772360944907,142102,0.5928,0.6816,0.195,0.0312,2,4,4,1,5,4,1,2,5
1.3.6.1.4.1.14519.5.2.1.6279.6001.275766318636944297772360944907,159523,0.5928,0.6816,0.195,0.0391,1,3,4,1,5,5,1,1,3
1.3.6.1.4.1.14519.5.2.1.6279.6001.275766318636944297772360944907,Nodule 004,0.5918,0.6826,0.195,0.0312,2,3,4,1,5,6,1,1,3
1.3.6.1.4.1.14519.5.2.1.6279.6001.275766318636944297772360944907,Nodule 002,0.29,0.293,0.5545,0.0469,3,4,4,1,5,6,1,2,4
