uid,anno_index,coord_x,coord_y,coord_z,diameter,malscore,sphericiy,margin,spiculation,texture,calcification,internal_structure,lobulation,subtlety
1.3.6.1.4.1.14519.5.2.1.6279.6001.690929968028676628605553365896,0,0.6826,0.4629,0.75,0.0469,2,5,5,1,5,6,1,1,5
1.3.6.1.4.1.14519.5.2.1.6279.6001.690929968028676628605553365896,3048,0.6836,0.4629,0.75,0.043,5,5,5,1,5,6,1,1,5
1.3.6.1.4.1.14519.5.2.1.6279.6001.690929968028676628605553365896,4349,0.6836,0.4629,0.7468,0.043,4,5,5,5,5,6,1,5,5
1.3.6.1.4.1.14519.5.2.1.6279.6001.690929968028676628605553365896,Nodule 001,0.6836,0.4639,0.75,0.0488,4,4,5,5,5,6,1,5,5
