uid,anno_index,coord_x,coord_y,coord_z,diameter,malscore,sphericiy,margin,spiculation,texture,calcification,internal_structure,lobulation,subtlety
1.3.6.1.4.1.14519.5.2.1.6279.6001.283733738239331719775105586296,Nodule 001,0.6924,0.7764,0.5415,0.0215,5,3,4,1,3,6,1,2,4
1.3.6.1.4.1.14519.5.2.1.6279.6001.283733738239331719775105586296,40409,0.6895,0.7725,0.5415,0.0293,3,4,1,2,1,6,1,2,4
1.3.6.1.4.1.14519.5.2.1.6279.6001.283733738239331719775105586296,IL057_156768,0.6924,0.7705,0.5395,0.0371,3,4,1,1,1,6,1,3,3
