uid,anno_index,coord_x,coord_y,coord_z,diameter,malscore,sphericiy,margin,spiculation,texture,calcification,internal_structure,lobulation,subtlety
1.3.6.1.4.1.14519.5.2.1.6279.6001.143622857676008763729469324839,110365,0.2871,0.5469,0.7909,0.1055,3,2,4,2,5,4,1,5,5
1.3.6.1.4.1.14519.5.2.1.6279.6001.143622857676008763729469324839,122708,0.2988,0.5479,0.7909,0.1367,4,3,4,2,5,4,1,5,5
1.3.6.1.4.1.14519.5.2.1.6279.6001.143622857676008763729469324839,11825,0.2852,0.5459,0.7896,0.1055,5,3,5,1,5,6,1,3,5
1.3.6.1.4.1.14519.5.2.1.6279.6001.143622857676008763729469324839,0,0.2949,0.5459,0.7896,0.1289,4,3,5,2,5,6,1,3,5
