uid,anno_index,coord_x,coord_y,coord_z,diameter,malscore,sphericiy,margin,spiculation,texture,calcification,internal_structure,lobulation,subtlety
1.3.6.1.4.1.14519.5.2.1.6279.6001.141149610914910880857802344415,0,0.2617,0.5488,0.7949,0.0352,1,5,5,1,5,3,1,1,5
1.3.6.1.4.1.14519.5.2.1.6279.6001.141149610914910880857802344415,163284,0.2617,0.5488,0.7906,0.0352,3,4,4,2,5,6,1,2,5
1.3.6.1.4.1.14519.5.2.1.6279.6001.141149610914910880857802344415,161370,0.2607,0.5479,0.7906,0.041,4,5,4,1,5,6,1,2,5
1.3.6.1.4.1.14519.5.2.1.6279.6001.141149610914910880857802344415,Nodule 001,0.2617,0.5469,0.7906,0.0391,4,4,4,2,5,6,1,1,4
