uid,anno_index,coord_x,coord_y,coord_z,diameter,malscore,sphericiy,margin,spiculation,texture,calcification,internal_structure,lobulation,subtlety
1.3.6.1.4.1.14519.5.2.1.6279.6001.613212850444255764524630781782,Nodule 004,0.4072,0.5596,0.3794,0.0879,5,3,4,5,5,6,1,2,5
1.3.6.1.4.1.14519.5.2.1.6279.6001.613212850444255764524630781782,IL057_201470,0.4053,0.5547,0.3794,0.0742,5,4,5,3,5,6,1,4,5
1.3.6.1.4.1.14519.5.2.1.6279.6001.613212850444255764524630781782,IL057_203646,0.4102,0.5791,0.3249,0.0703,4,4,5,1,5,6,1,2,5
1.3.6.1.4.1.14519.5.2.1.6279.6001.613212850444255764524630781782,MI014_20609,0.4072,0.582,0.3171,0.0801,5,4,5,1,5,6,1,1,5
1.3.6.1.4.1.14519.5.2.1.6279.6001.613212850444255764524630781782,MI014_20607,0.4072,0.5566,0.3794,0.0898,5,4,1,5,5,6,1,5,5
1.3.6.1.4.1.14519.5.2.1.6279.6001.613212850444255764524630781782,0,0.415,0.5684,0.3833,0.1172,5,3,5,5,5,6,1,2,5
1.3.6.1.4.1.14519.5.2.1.6279.6001.613212850444255764524630781782,3,0.4131,0.583,0.3191,0.0645,2,4,5,1,5,6,1,2,5
