uid,anno_index,coord_x,coord_y,coord_z,diameter,malscore,sphericiy,margin,spiculation,texture,calcification,internal_structure,lobulation,subtlety
1.3.6.1.4.1.14519.5.2.1.6279.6001.238019241099704094018548301753,Nodule 005,0.3379,0.3438,0.424,0.0234,4,3,3,2,4,6,1,3,4
1.3.6.1.4.1.14519.5.2.1.6279.6001.238019241099704094018548301753,33441,0.3389,0.3457,0.425,0.0215,1,3,4,1,5,6,1,2,4
1.3.6.1.4.1.14519.5.2.1.6279.6001.238019241099704094018548301753,12647,0.3389,0.3457,0.424,0.0254,3,3,5,2,5,6,1,2,4
