uid,anno_index,coord_x,coord_y,coord_z,diameter,malscore,sphericiy,margin,spiculation,texture,calcification,internal_structure,lobulation,subtlety
1.3.6.1.4.1.14519.5.2.1.6279.6001.866845763956586959109892274084,6,0.2529,0.5195,0.6147,0.0293,1,5,5,1,5,3,1,1,5
1.3.6.1.4.1.14519.5.2.1.6279.6001.866845763956586959109892274084,161392,0.2568,0.5205,0.6147,0.041,3,3,5,1,5,6,1,2,4
1.3.6.1.4.1.14519.5.2.1.6279.6001.866845763956586959109892274084,163305,0.2529,0.5205,0.6147,0.0293,3,3,5,2,5,6,1,1,5
1.3.6.1.4.1.14519.5.2.1.6279.6001.866845763956586959109892274084,Nodule 003,0.25,0.5195,0.6147,0.0312,2,3,4,1,5,6,1,1,4
