uid,anno_index,coord_x,coord_y,coord_z,diameter,malscore,sphericiy,margin,spiculation,texture,calcification,internal_structure,lobulation,subtlety
1.3.6.1.4.1.14519.5.2.1.6279.6001.309901913847714156367981722205,Nodule 001,0.3545,0.5439,0.3872,0.0371,4,4,4,2,5,6,1,1,5
1.3.6.1.4.1.14519.5.2.1.6279.6001.309901913847714156367981722205,10104,0.3555,0.5439,0.3872,0.0332,3,5,4,2,5,6,1,2,5
1.3.6.1.4.1.14519.5.2.1.6279.6001.309901913847714156367981722205,6003,0.3555,0.5439,0.3872,0.0332,3,4,4,1,5,6,1,1,4
1.3.6.1.4.1.14519.5.2.1.6279.6001.309901913847714156367981722205,IL057_123483,0.3574,0.5439,0.3872,0.0352,5,5,5,1,5,6,1,1,4
