uid,anno_index,coord_x,coord_y,coord_z,diameter,malscore,sphericiy,margin,spiculation,texture,calcification,internal_structure,lobulation,subtlety
1.3.6.1.4.1.14519.5.2.1.6279.6001.255999614855292116767517149228,0,0.2324,0.3838,0.5365,0.041,2,5,5,1,5,6,1,1,3
1.3.6.1.4.1.14519.5.2.1.6279.6001.255999614855292116767517149228,115547,0.2334,0.3838,0.5365,0.0371,4,4,4,2,5,6,1,3,5
1.3.6.1.4.1.14519.5.2.1.6279.6001.255999614855292116767517149228,128753,0.2314,0.3828,0.5328,0.0352,4,4,5,1,5,6,1,2,5
1.3.6.1.4.1.14519.5.2.1.6279.6001.255999614855292116767517149228,Nodule 001,0.2314,0.3828,0.5328,0.0391,3,4,5,1,5,6,1,1,5
