uid,anno_index,coord_x,coord_y,coord_z,diameter,malscore,sphericiy,margin,spiculation,texture,calcification,internal_structure,lobulation,subtlety
1.3.6.1.4.1.14519.5.2.1.6279.6001.774060103415303828812229821954,Nodule 002,0.2402,0.5664,0.5301,0.0195,3,4,4,1,5,6,1,1,3
1.3.6.1.4.1.14519.5.2.1.6279.6001.774060103415303828812229821954,Nodule 001,0.7207,0.5273,0.6654,0.0156,3,3,4,1,5,6,1,1,3
1.3.6.1.4.1.14519.5.2.1.6279.6001.774060103415303828812229821954,IL057_123088,0.2334,0.5654,0.5301,0.0293,3,3,2,2,1,6,1,1,3
1.3.6.1.4.1.14519.5.2.1.6279.6001.774060103415303828812229821954,IL057_128326,0.7197,0.5273,0.6654,0.0215,3,3,3,1,4,6,1,2,3
1.3.6.1.4.1.14519.5.2.1.6279.6001.774060103415303828812229821954,MI014_11909,0.7188,0.5273,0.6654,0.0195,3,2,4,1,5,6,1,2,3
1.3.6.1.4.1.14519.5.2.1.6279.6001.774060103415303828812229821954,0,0.2393,0.5645,0.5301,0.0176,2,5,2,1,3,6,1,1,1
1.3.6.1.4.1.14519.5.2.1.6279.6001.774060103415303828812229821954,3,0.7197,0.5273,0.6617,0.0215,2,5,2,1,3,6,1,1,2
