uid,anno_index,coord_x,coord_y,coord_z,diameter,malscore,sphericiy,margin,spiculation,texture,calcification,internal_structure,lobulation,subtlety
1.3.6.1.4.1.14519.5.2.1.6279.6001.189483585244687808087477024767,0,0.3223,0.7158,0.1574,0.0293,2,5,5,1,5,6,1,1,3
1.3.6.1.4.1.14519.5.2.1.6279.6001.189483585244687808087477024767,162643,0.3213,0.7168,0.1554,0.0254,3,3,4,2,5,6,1,2,4
1.3.6.1.4.1.14519.5.2.1.6279.6001.189483585244687808087477024767,164469,0.7754,0.6719,0.2888,0.0117,3,3,3,2,5,6,1,3,3
1.3.6.1.4.1.14519.5.2.1.6279.6001.189483585244687808087477024767,160292,0.3213,0.7168,0.1554,0.0254,3,3,4,2,5,6,1,1,3
1.3.6.1.4.1.14519.5.2.1.6279.6001.189483585244687808087477024767,160296,0.7754,0.6719,0.2888,0.0156,3,5,4,1,5,6,1,3,2
1.3.6.1.4.1.14519.5.2.1.6279.6001.189483585244687808087477024767,Nodule 004,0.3223,0.7188,0.1554,0.0234,4,3,4,1,5,6,1,2,3
1.3.6.1.4.1.14519.5.2.1.6279.6001.189483585244687808087477024767,Nodule 005,0.7744,0.6709,0.2908,0.0176,3,3,5,1,5,6,1,2,3
