uid,anno_index,coord_x,coord_y,coord_z,diameter,malscore,sphericiy,margin,spiculation,texture,calcification,internal_structure,lobulation,subtlety
1.3.6.1.4.1.14519.5.2.1.6279.6001.394470743585708729682444806008,Nodule 001,0.6572,0.7529,0.818,0.0254,4,3,5,1,5,6,1,2,4
1.3.6.1.4.1.14519.5.2.1.6279.6001.394470743585708729682444806008,IL057_168476,0.6572,0.7549,0.818,0.0254,4,5,4,2,5,6,1,3,3
1.3.6.1.4.1.14519.5.2.1.6279.6001.394470743585708729682444806008,9,0.6533,0.7607,0.8165,0.041,2,4,5,1,5,6,1,1,4
