uid,anno_index,coord_x,coord_y,coord_z,diameter,malscore,sphericiy,margin,spiculation,texture,calcification,internal_structure,lobulation,subtlety
1.3.6.1.4.1.14519.5.2.1.6279.6001.931383239747372227838946053237,Nodule 004,0.5771,0.6621,0.2268,0.0254,2,3,5,1,5,6,1,1,3
1.3.6.1.4.1.14519.5.2.1.6279.6001.931383239747372227838946053237,Nodule 001,0.2998,0.5576,0.4124,0.0215,3,3,4,1,5,6,1,1,4
1.3.6.1.4.1.14519.5.2.1.6279.6001.931383239747372227838946053237,IL057_168444,0.3008,0.5605,0.4124,0.0195,3,3,4,1,5,6,1,1,3
1.3.6.1.4.1.14519.5.2.1.6279.6001.931383239747372227838946053237,IL057_168447,0.5762,0.6602,0.2242,0.0273,3,3,3,1,2,6,1,1,3
1.3.6.1.4.1.14519.5.2.1.6279.6001.931383239747372227838946053237,MI014_13958,0.3018,0.5605,0.4098,0.0215,3,3,5,1,5,6,1,1,4
1.3.6.1.4.1.14519.5.2.1.6279.6001.931383239747372227838946053237,4,0.3018,0.5596,0.4098,0.0176,2,2,3,1,5,6,1,1,3
1.3.6.1.4.1.14519.5.2.1.6279.6001.931383239747372227838946053237,7,0.5762,0.6611,0.2268,0.0234,1,3,3,1,5,6,1,1,3
