uid,anno_index,coord_x,coord_y,coord_z,diameter,malscore,sphericiy,margin,spiculation,texture,calcification,internal_structure,lobulation,subtlety
1.3.6.1.4.1.14519.5.2.1.6279.6001.262873069163227096134627700599,6,0.584,0.7119,0.3046,0.0273,1,5,5,1,5,3,1,1,5
1.3.6.1.4.1.14519.5.2.1.6279.6001.262873069163227096134627700599,7,0.3271,0.7061,0.5231,0.0488,1,5,5,1,5,3,1,1,5
1.3.6.1.4.1.14519.5.2.1.6279.6001.262873069163227096134627700599,167905,0.3262,0.7061,0.5231,0.0449,5,5,5,1,5,6,1,1,5
1.3.6.1.4.1.14519.5.2.1.6279.6001.262873069163227096134627700599,167908,0.5859,0.71,0.3067,0.0234,5,5,5,1,5,6,1,1,5
1.3.6.1.4.1.14519.5.2.1.6279.6001.262873069163227096134627700599,Nodule 004,0.5859,0.7109,0.3067,0.0273,2,3,5,1,5,6,1,1,4
1.3.6.1.4.1.14519.5.2.1.6279.6001.262873069163227096134627700599,Nodule 005,0.3281,0.7061,0.5231,0.0488,4,3,4,2,5,6,1,2,4
1.3.6.1.4.1.14519.5.2.1.6279.6001.262873069163227096134627700599,163466,0.3281,0.707,0.5231,0.0469,3,4,3,2,5,6,1,2,5
1.3.6.1.4.1.14519.5.2.1.6279.6001.262873069163227096134627700599,163468,0.5859,0.71,0.3067,0.0234,3,4,4,2,5,6,1,2,5
