uid,anno_index,coord_x,coord_y,coord_z,diameter,malscore,sphericiy,margin,spiculation,texture,calcification,internal_structure,lobulation,subtlety
1.3.6.1.4.1.14519.5.2.1.6279.6001.251215764736737018371915284679,Nodule 001,0.2705,0.3516,0.3077,0.0605,5,2,4,2,5,6,1,3,5
1.3.6.1.4.1.14519.5.2.1.6279.6001.251215764736737018371915284679,IL057_160213,0.2715,0.3535,0.3042,0.0586,5,3,5,5,5,6,1,5,5
1.3.6.1.4.1.14519.5.2.1.6279.6001.251215764736737018371915284679,MI014_20115,0.2715,0.3525,0.3077,0.0625,5,4,4,4,5,6,1,5,5
1.3.6.1.4.1.14519.5.2.1.6279.6001.251215764736737018371915284679,0,0.2666,0.3525,0.3077,0.084,4,5,4,5,4,6,1,1,5
