uid,anno_index,coord_x,coord_y,coord_z,diameter,malscore,sphericiy,margin,spiculation,texture,calcification,internal_structure,lobulation,subtlety
1.3.6.1.4.1.14519.5.2.1.6279.6001.149893110752986700464921264055,13391,0.2549,0.5664,0.816,0.0781,5,3,4,1,5,6,1,2,5
1.3.6.1.4.1.14519.5.2.1.6279.6001.149893110752986700464921264055,13398,0.3086,0.6299,0.74,0.0156,1,4,5,1,5,3,1,1,4
1.3.6.1.4.1.14519.5.2.1.6279.6001.149893110752986700464921264055,39880,0.2549,0.5693,0.8187,0.0723,5,4,4,2,5,6,1,4,5
1.3.6.1.4.1.14519.5.2.1.6279.6001.149893110752986700464921264055,Nodule 005,0.3076,0.6299,0.74,0.0176,2,5,5,1,5,6,1,1,4
1.3.6.1.4.1.14519.5.2.1.6279.6001.149893110752986700464921264055,Nodule 006,0.2529,0.5684,0.816,0.0742,5,2,3,3,4,6,1,3,5
1.3.6.1.4.1.14519.5.2.1.6279.6001.149893110752986700464921264055,5,0.3086,0.6299,0.74,0.0156,1,5,5,1,5,3,1,1,5
1.3.6.1.4.1.14519.5.2.1.6279.6001.149893110752986700464921264055,7,0.2568,0.5674,0.812,0.0645,3,5,5,1,5,6,1,4,5
