uid,anno_index,coord_x,coord_y,coord_z,diameter,malscore,sphericiy,margin,spiculation,texture,calcification,internal_structure,lobulation,subtlety
1.3.6.1.4.1.14519.5.2.1.6279.6001.970428941353693253759289796610,0,0.2363,0.7256,0.7241,0.0781,4,5,4,5,4,6,1,1,5
1.3.6.1.4.1.14519.5.2.1.6279.6001.970428941353693253759289796610,2,0.2295,0.5303,0.7483,0.0645,3,3,4,2,4,6,1,3,5
1.3.6.1.4.1.14519.5.2.1.6279.6001.970428941353693253759289796610,114122,0.2314,0.7129,0.7069,0.0762,3,2,2,2,5,6,1,2,5
1.3.6.1.4.1.14519.5.2.1.6279.6001.970428941353693253759289796610,114127,0.2266,0.5303,0.7483,0.0566,2,2,4,2,4,6,1,4,5
1.3.6.1.4.1.14519.5.2.1.6279.6001.970428941353693253759289796610,126768,0.2295,0.7119,0.7103,0.0879,5,3,4,2,5,6,1,2,5
1.3.6.1.4.1.14519.5.2.1.6279.6001.970428941353693253759289796610,126773,0.2275,0.5303,0.7483,0.0605,4,3,3,3,5,6,1,4,5
1.3.6.1.4.1.14519.5.2.1.6279.6001.970428941353693253759289796610,Nodule 002,0.2266,0.5107,0.7448,0.0293,4,3,4,2,5,6,1,2,5
1.3.6.1.4.1.14519.5.2.1.6279.6001.970428941353693253759289796610,Nodule 003,0.2266,0.543,0.7483,0.0352,5,3,4,2,5,6,1,2,5
