uid,anno_index,coord_x,coord_y,coord_z,diameter,malscore,sphericiy,margin,spiculation,texture,calcification,internal_structure,lobulation,subtlety
1.3.6.1.4.1.14519.5.2.1.6279.6001.362762275895885013176610377950,141665,0.3018,0.2783,0.4486,0.0254,3,3,3,4,5,6,1,2,5
1.3.6.1.4.1.14519.5.2.1.6279.6001.362762275895885013176610377950,Nodule 003,0.3008,0.2754,0.4476,0.0195,3,4,5,1,5,6,1,1,4
1.3.6.1.4.1.14519.5.2.1.6279.6001.362762275895885013176610377950,9,0.3018,0.2773,0.4465,0.0215,2,5,5,1,5,6,1,1,3
