uid,anno_index,coord_x,coord_y,coord_z,diameter,malscore,sphericiy,margin,spiculation,texture,calcification,internal_structure,lobulation,subtlety
1.3.6.1.4.1.14519.5.2.1.6279.6001.227962600322799211676960828223,Nodule 001,0.6094,0.4912,0.8517,0.0664,5,3,3,3,4,6,1,3,5
1.3.6.1.4.1.14519.5.2.1.6279.6001.227962600322799211676960828223,IL057_130584,0.6152,0.4932,0.8541,0.0703,5,4,4,3,5,6,1,3,5
1.3.6.1.4.1.14519.5.2.1.6279.6001.227962600322799211676960828223,MI014_16581,0.6113,0.4941,0.8493,0.0664,3,2,3,3,4,6,1,3,5
1.3.6.1.4.1.14519.5.2.1.6279.6001.227962600322799211676960828223,0,0.6104,0.4961,0.8469,0.0723,4,5,4,5,4,6,1,1,5
