uid,anno_index,coord_x,coord_y,coord_z,diameter,malscore,sphericiy,margin,spiculation,texture,calcification,internal_structure,lobulation,subtlety
1.3.6.1.4.1.14519.5.2.1.6279.6001.566816709786169715745131047975,IL057_123354,0.2168,0.5557,0.594,0.0195,2,5,5,1,5,6,1,1,4
1.3.6.1.4.1.14519.5.2.1.6279.6001.566816709786169715745131047975,09973,0.2168,0.5557,0.594,0.0195,1,5,5,1,5,3,1,1,5
1.3.6.1.4.1.14519.5.2.1.6279.6001.566816709786169715745131047975,Nodule 001,0.2168,0.5557,0.594,0.0215,4,4,5,1,5,6,1,1,5
1.3.6.1.4.1.14519.5.2.1.6279.6001.566816709786169715745131047975,1575,0.2178,0.5557,0.594,0.0176,3,5,5,1,5,6,1,1,4
