uid,anno_index,coord_x,coord_y,coord_z,diameter,malscore,sphericiy,margin,spiculation,texture,calcification,internal_structure,lobulation,subtlety
1.3.6.1.4.1.14519.5.2.1.6279.6001.185154482385982570363528682299,124130,0.333,0.7861,0.4739,0.0449,1,3,5,3,5,2,1,1,5
1.3.6.1.4.1.14519.5.2.1.6279.6001.185154482385982570363528682299,124241,0.6787,0.6709,0.5681,0.0215,1,4,5,1,5,2,1,2,2
1.3.6.1.4.1.14519.5.2.1.6279.6001.185154482385982570363528682299,134876,0.3359,0.7861,0.4739,0.0508,1,5,5,1,5,2,1,1,5
1.3.6.1.4.1.14519.5.2.1.6279.6001.185154482385982570363528682299,135726,0.6787,0.6709,0.5667,0.0215,1,5,5,1,5,2,1,1,3
1.3.6.1.4.1.14519.5.2.1.6279.6001.185154482385982570363528682299,17365,0.335,0.7861,0.4739,0.0488,1,3,5,1,5,3,1,1,5
1.3.6.1.4.1.14519.5.2.1.6279.6001.185154482385982570363528682299,17367,0.6797,0.6699,0.5681,0.0234,1,4,5,1,5,3,1,1,5
1.3.6.1.4.1.14519.5.2.1.6279.6001.185154482385982570363528682299,0,0.335,0.7852,0.4725,0.0488,1,5,5,1,5,3,1,1,5
1.3.6.1.4.1.14519.5.2.1.6279.6001.185154482385982570363528682299,1,0.6768,0.6709,0.5623,0.0254,1,5,5,1,5,3,1,1,5
