uid,anno_index,coord_x,coord_y,coord_z,diameter,malscore,sphericiy,margin,spiculation,texture,calcification,internal_structure,lobulation,subtlety
1.3.6.1.4.1.14519.5.2.1.6279.6001.250863365157630276148828903732,Nodule 001,0.3291,0.4238,0.6364,0.0332,5,3,4,2,5,6,1,3,5
1.3.6.1.4.1.14519.5.2.1.6279.6001.250863365157630276148828903732,IL057_159589,0.3311,0.4229,0.6347,0.0332,4,5,2,2,3,6,1,4,4
1.3.6.1.4.1.14519.5.2.1.6279.6001.250863365157630276148828903732,5,0.3301,0.4238,0.6364,0.0508,2,5,2,1,1,6,1,1,1
