uid,anno_index,coord_x,coord_y,coord_z,diameter,malscore,sphericiy,margin,spiculation,texture,calcification,internal_structure,lobulation,subtlety
1.3.6.1.4.1.14519.5.2.1.6279.6001.765459236550358748053283544075,49940,0.7354,0.5205,0.44,0.0254,2,4,4,1,5,6,1,1,5
1.3.6.1.4.1.14519.5.2.1.6279.6001.765459236550358748053283544075,49936,0.6377,0.7012,0.6829,0.0332,4,4,4,1,5,6,1,1,5
1.3.6.1.4.1.14519.5.2.1.6279.6001.765459236550358748053283544075,Nodule 002,0.7354,0.5215,0.44,0.0293,4,3,4,1,4,6,1,2,5
1.3.6.1.4.1.14519.5.2.1.6279.6001.765459236550358748053283544075,Nodule 004,0.6367,0.6992,0.6829,0.0391,5,3,4,1,5,6,1,3,4
1.3.6.1.4.1.14519.5.2.1.6279.6001.765459236550358748053283544075,12584,0.6387,0.7002,0.6829,0.0312,2,3,4,2,5,6,1,3,5
1.3.6.1.4.1.14519.5.2.1.6279.6001.765459236550358748053283544075,12588,0.7344,0.5195,0.4386,0.0195,5,3,5,1,5,6,1,1,5
1.3.6.1.4.1.14519.5.2.1.6279.6001.765459236550358748053283544075,0,0.7363,0.5215,0.4386,0.0234,2,4,4,1,5,6,1,1,5
1.3.6.1.4.1.14519.5.2.1.6279.6001.765459236550358748053283544075,5,0.6377,0.7002,0.6829,0.0371,3,3,4,3,5,6,1,3,5
