uid,anno_index,coord_x,coord_y,coord_z,diameter,malscore,sphericiy,margin,spiculation,texture,calcification,internal_structure,lobulation,subtlety
1.3.6.1.4.1.14519.5.2.1.6279.6001.121391737347333465796214915391,IL057_202829,0.624,0.3438,0.6086,0.1172,5,4,2,3,3,6,1,2,5
1.3.6.1.4.1.14519.5.2.1.6279.6001.121391737347333465796214915391,Nodule 001,0.6006,0.3311,0.6168,0.0762,5,3,3,4,5,6,1,2,5
1.3.6.1.4.1.14519.5.2.1.6279.6001.121391737347333465796214915391,03729,0.6201,0.3389,0.6209,0.1309,3,2,1,3,5,6,1,2,5
