uid,anno_index,coord_x,coord_y,coord_z,diameter,malscore,sphericiy,margin,spiculation,texture,calcification,internal_structure,lobulation,subtlety
1.3.6.1.4.1.14519.5.2.1.6279.6001.313334055029671473836954456733,Nodule 001,0.6904,0.5596,0.2724,0.0449,4,3,4,1,5,6,1,2,4
1.3.6.1.4.1.14519.5.2.1.6279.6001.313334055029671473836954456733,IL057_168355,0.6924,0.5566,0.2683,0.041,5,5,4,1,5,6,1,1,5
1.3.6.1.4.1.14519.5.2.1.6279.6001.313334055029671473836954456733,MI014_13955,0.6904,0.5615,0.2724,0.0488,3,2,5,1,5,6,1,1,2
1.3.6.1.4.1.14519.5.2.1.6279.6001.313334055029671473836954456733,0,0.6914,0.5596,0.2724,0.043,2,5,5,1,5,6,1,1,5
