uid,anno_index,coord_x,coord_y,coord_z,diameter,malscore,sphericiy,margin,spiculation,texture,calcification,internal_structure,lobulation,subtlety
1.3.6.1.4.1.14519.5.2.1.6279.6001.481278873893653517789960724156,Nodule 003,0.2168,0.6074,0.2763,0.0938,5,3,4,2,5,6,1,3,5
1.3.6.1.4.1.14519.5.2.1.6279.6001.481278873893653517789960724156,Nodule 001,0.5928,0.7266,0.3728,0.0586,5,3,4,2,5,6,1,2,5
1.3.6.1.4.1.14519.5.2.1.6279.6001.481278873893653517789960724156,IL057_196922,0.5918,0.7227,0.3772,0.0664,5,3,4,4,5,6,1,5,5
1.3.6.1.4.1.14519.5.2.1.6279.6001.481278873893653517789960724156,IL057_196914,0.2188,0.5908,0.2719,0.123,5,3,4,2,5,6,1,4,5
1.3.6.1.4.1.14519.5.2.1.6279.6001.481278873893653517789960724156,1,0.2168,0.6084,0.2719,0.0898,3,4,5,1,5,6,1,3,5
1.3.6.1.4.1.14519.5.2.1.6279.6001.481278873893653517789960724156,4,0.5938,0.7266,0.3728,0.0586,2,3,5,1,5,6,1,3,5
