uid,anno_index,coord_x,coord_y,coord_z,diameter,malscore,sphericiy,margin,spiculation,texture,calcification,internal_structure,lobulation,subtlety
1.3.6.1.4.1.14519.5.2.1.6279.6001.892375496445736188832556446335,IL057_195832,0.7354,0.4834,0.7714,0.0684,5,5,4,3,5,6,1,5,5
1.3.6.1.4.1.14519.5.2.1.6279.6001.892375496445736188832556446335,4344,0.7324,0.4863,0.7714,0.0703,5,3,3,5,5,6,1,3,5
1.3.6.1.4.1.14519.5.2.1.6279.6001.892375496445736188832556446335,81163,0.7344,0.4863,0.7714,0.0664,5,4,3,4,4,6,1,5,5
1.3.6.1.4.1.14519.5.2.1.6279.6001.892375496445736188832556446335,Nodule 002,0.7324,0.4824,0.7714,0.0703,5,3,4,3,5,6,1,3,5
