uid,anno_index,coord_x,coord_y,coord_z,diameter,malscore,sphericiy,margin,spiculation,texture,calcification,internal_structure,lobulation,subtlety
1.3.6.1.4.1.14519.5.2.1.6279.6001.323535944958374186208096541480,Nodule 001,0.4014,0.541,0.8476,0.0215,5,3,3,2,5,6,1,2,4
1.3.6.1.4.1.14519.5.2.1.6279.6001.323535944958374186208096541480,IL057_161478,0.4043,0.5381,0.8455,0.0312,4,2,1,4,4,6,1,4,3
1.3.6.1.4.1.14519.5.2.1.6279.6001.323535944958374186208096541480,68437,0.3975,0.5381,0.8394,0.041,3,2,2,2,3,6,1,3,5
1.3.6.1.4.1.14519.5.2.1.6279.6001.323535944958374186208096541480,3435,0.4033,0.54,0.8455,0.0254,4,2,3,3,5,6,1,2,3
