uid,anno_index,coord_x,coord_y,coord_z,diameter,malscore,sphericiy,margin,spiculation,texture,calcification,internal_structure,lobulation,subtlety
1.3.6.1.4.1.14519.5.2.1.6279.6001.652347820272212119124022644822,Nodule 001,0.2119,0.6455,0.7149,0.0605,5,3,4,5,5,6,1,2,4
1.3.6.1.4.1.14519.5.2.1.6279.6001.652347820272212119124022644822,IL057_196991,0.2148,0.6514,0.7128,0.0781,5,4,3,5,5,6,1,4,5
1.3.6.1.4.1.14519.5.2.1.6279.6001.652347820272212119124022644822,0,0.2109,0.6484,0.7149,0.0664,4,4,5,5,5,6,1,1,5
