uid,anno_index,coord_x,coord_y,coord_z,diameter,malscore,sphericiy,margin,spiculation,texture,calcification,internal_structure,lobulation,subtlety
1.3.6.1.4.1.14519.5.2.1.6279.6001.121993590721161347818774929286,0,0.2461,0.6201,0.3299,0.0488,3,5,5,1,5,6,1,4,5
1.3.6.1.4.1.14519.5.2.1.6279.6001.121993590721161347818774929286,8,0.3623,0.6162,0.3993,0.0488,3,5,5,1,5,6,1,4,5
1.3.6.1.4.1.14519.5.2.1.6279.6001.121993590721161347818774929286,163430,0.3623,0.6191,0.4028,0.0449,3,5,3,4,5,6,1,3,5
1.3.6.1.4.1.14519.5.2.1.6279.6001.121993590721161347818774929286,163425,0.2451,0.6211,0.3299,0.0469,3,4,4,2,5,6,1,4,5
1.3.6.1.4.1.14519.5.2.1.6279.6001.121993590721161347818774929286,167867,0.3613,0.6172,0.4028,0.0508,5,5,5,1,5,6,1,2,5
1.3.6.1.4.1.14519.5.2.1.6279.6001.121993590721161347818774929286,167864,0.2451,0.6211,0.3333,0.0469,5,4,5,2,5,6,1,4,5
1.3.6.1.4.1.14519.5.2.1.6279.6001.121993590721161347818774929286,Nodule 001,0.2461,0.6191,0.3299,0.0508,5,3,4,2,5,6,1,2,5
1.3.6.1.4.1.14519.5.2.1.6279.6001.121993590721161347818774929286,Nodule 002,0.3613,0.6133,0.4028,0.0547,4,3,4,2,5,6,1,1,5
