uid,anno_index,coord_x,coord_y,coord_z,diameter,malscore,sphericiy,margin,spiculation,texture,calcification,internal_structure,lobulation,subtlety
1.3.6.1.4.1.14519.5.2.1.6279.6001.218476624578721885561483687176,55617,0.1641,0.4424,0.4352,0.0176,2,2,4,1,5,6,1,1,3
1.3.6.1.4.1.14519.5.2.1.6279.6001.218476624578721885561483687176,55621,0.7549,0.5547,0.5486,0.0176,1,3,5,1,5,3,1,1,4
1.3.6.1.4.1.14519.5.2.1.6279.6001.218476624578721885561483687176,Nodule 001,0.1631,0.4434,0.4332,0.0195,2,3,5,1,5,6,1,1,4
1.3.6.1.4.1.14519.5.2.1.6279.6001.218476624578721885561483687176,Nodule 003,0.7529,0.5557,0.5466,0.0176,1,4,5,1,5,3,1,1,5
1.3.6.1.4.1.14519.5.2.1.6279.6001.218476624578721885561483687176,0,0.165,0.4424,0.4332,0.0176,2,5,5,1,5,6,1,1,3
1.3.6.1.4.1.14519.5.2.1.6279.6001.218476624578721885561483687176,3,0.7559,0.5537,0.5466,0.0156,1,5,5,1,5,3,1,1,5
1.3.6.1.4.1.14519.5.2.1.6279.6001.218476624578721885561483687176,72276,0.7559,0.5547,0.5466,0.0195,1,5,5,1,5,3,1,1,4
1.3.6.1.4.1.14519.5.2.1.6279.6001.218476624578721885561483687176,39796,0.1641,0.4424,0.4332,0.0176,3,3,5,1,5,6,1,1,2
