uid,anno_index,coord_x,coord_y,coord_z,diameter,malscore,sphericiy,margin,spiculation,texture,calcification,internal_structure,lobulation,subtlety
1.3.6.1.4.1.14519.5.2.1.6279.6001.230416590143922549745658357505,Nodule 003,0.1318,0.4775,0.4275,0.0293,4,3,4,2,5,6,1,2,4
1.3.6.1.4.1.14519.5.2.1.6279.6001.230416590143922549745658357505,Nodule 001,0.2227,0.5186,0.8358,0.0176,4,3,4,1,5,6,1,2,4
1.3.6.1.4.1.14519.5.2.1.6279.6001.230416590143922549745658357505,IL057_160801,0.1309,0.4785,0.426,0.0312,3,3,4,3,5,6,1,2,3
1.3.6.1.4.1.14519.5.2.1.6279.6001.230416590143922549745658357505,MI014_17528,0.1348,0.4775,0.429,0.0273,3,3,4,2,5,6,1,3,4
1.3.6.1.4.1.14519.5.2.1.6279.6001.230416590143922549745658357505,MI014_17531,0.2236,0.5195,0.8358,0.0195,3,3,2,2,3,6,1,2,2
1.3.6.1.4.1.14519.5.2.1.6279.6001.230416590143922549745658357505,0,0.1318,0.4785,0.426,0.0293,2,5,5,1,5,6,1,1,3
1.3.6.1.4.1.14519.5.2.1.6279.6001.230416590143922549745658357505,8,0.2236,0.5195,0.8373,0.0234,2,5,2,1,1,6,1,1,1
