uid,anno_index,coord_x,coord_y,coord_z,diameter,malscore,sphericiy,margin,spiculation,texture,calcification,internal_structure,lobulation,subtlety
1.3.6.1.4.1.14519.5.2.1.6279.6001.126704785377921920210612476953,6146,0.8486,0.4941,0.4377,0.0176,3,3,2,1,2,6,1,2,1
1.3.6.1.4.1.14519.5.2.1.6279.6001.126704785377921920210612476953,7186,0.8486,0.4941,0.4358,0.0195,3,2,1,1,1,6,1,1,5
1.3.6.1.4.1.14519.5.2.1.6279.6001.126704785377921920210612476953,Nodule 003,0.8477,0.4941,0.4358,0.0234,4,3,4,1,5,6,1,2,3
