uid,anno_index,coord_x,coord_y,coord_z,diameter,malscore,sphericiy,margin,spiculation,texture,calcification,internal_structure,lobulation,subtlety
1.3.6.1.4.1.14519.5.2.1.6279.6001.191266041369462391833537519639,77374,0.208,0.6865,0.4341,0.0176,3,4,4,2,5,6,1,3,5
1.3.6.1.4.1.14519.5.2.1.6279.6001.191266041369462391833537519639,74803,0.208,0.6865,0.4341,0.0176,3,5,4,3,5,6,1,2,3
1.3.6.1.4.1.14519.5.2.1.6279.6001.191266041369462391833537519639,0,0.209,0.6855,0.4341,0.0234,3,4,4,1,5,6,1,1,5
