uid,anno_index,coord_x,coord_y,coord_z,diameter,malscore,sphericiy,margin,spiculation,texture,calcification,internal_structure,lobulation,subtlety
1.3.6.1.4.1.14519.5.2.1.6279.6001.118140393257625250121502185026,Nodule 004,0.3535,0.7754,0.2383,0.0312,3,4,5,1,5,6,1,1,5
1.3.6.1.4.1.14519.5.2.1.6279.6001.118140393257625250121502185026,Nodule 003,0.0723,0.5508,0.3238,0.0312,4,4,5,1,5,6,1,1,5
1.3.6.1.4.1.14519.5.2.1.6279.6001.118140393257625250121502185026,Nodule 002,0.1328,0.5869,0.4715,0.0234,3,4,5,1,5,6,1,1,4
1.3.6.1.4.1.14519.5.2.1.6279.6001.118140393257625250121502185026,13461,0.1348,0.585,0.4741,0.0234,3,3,4,1,5,6,1,1,4
1.3.6.1.4.1.14519.5.2.1.6279.6001.118140393257625250121502185026,13457,0.0742,0.5537,0.329,0.0332,1,5,5,1,5,5,1,1,5
1.3.6.1.4.1.14519.5.2.1.6279.6001.118140393257625250121502185026,13468,0.3555,0.7744,0.2358,0.0332,5,5,5,1,5,6,1,1,5
1.3.6.1.4.1.14519.5.2.1.6279.6001.118140393257625250121502185026,1464,0.1377,0.585,0.4715,0.0254,3,3,4,3,4,6,1,2,3
1.3.6.1.4.1.14519.5.2.1.6279.6001.118140393257625250121502185026,1460,0.0752,0.5537,0.3264,0.0332,3,4,4,2,4,6,1,2,4
1.3.6.1.4.1.14519.5.2.1.6279.6001.118140393257625250121502185026,1471,0.3555,0.7764,0.2383,0.0332,3,4,3,2,4,6,1,3,4
