uid,anno_index,coord_x,coord_y,coord_z,diameter,malscore,sphericiy,margin,spiculation,texture,calcification,internal_structure,lobulation,subtlety
1.3.6.1.4.1.14519.5.2.1.6279.6001.183184435049555024219115904825,54308,0.3184,0.2324,0.4146,0.0195,2,3,4,1,5,6,1,1,4
1.3.6.1.4.1.14519.5.2.1.6279.6001.183184435049555024219115904825,54313,0.6855,0.458,0.8771,0.0195,1,3,5,1,5,3,1,2,5
1.3.6.1.4.1.14519.5.2.1.6279.6001.183184435049555024219115904825,IL057_157046,0.6865,0.457,0.8792,0.0195,1,5,5,1,5,3,1,1,3
1.3.6.1.4.1.14519.5.2.1.6279.6001.183184435049555024219115904825,IL057_157045,0.3203,0.2324,0.4125,0.0195,3,4,4,1,4,6,1,1,3
1.3.6.1.4.1.14519.5.2.1.6279.6001.183184435049555024219115904825,7446,0.3184,0.2324,0.4146,0.0195,3,5,2,2,4,6,1,2,3
1.3.6.1.4.1.14519.5.2.1.6279.6001.183184435049555024219115904825,7450,0.6855,0.457,0.8792,0.0156,1,4,5,1,5,3,1,2,5
1.3.6.1.4.1.14519.5.2.1.6279.6001.183184435049555024219115904825,Nodule 007,0.3213,0.2334,0.4146,0.0254,4,3,4,1,4,6,1,2,4
1.3.6.1.4.1.14519.5.2.1.6279.6001.183184435049555024219115904825,Nodule 002,0.6855,0.457,0.8771,0.0156,4,4,5,1,5,6,1,2,4
