uid,anno_index,coord_x,coord_y,coord_z,diameter,malscore,sphericiy,margin,spiculation,texture,calcification,internal_structure,lobulation,subtlety
1.3.6.1.4.1.14519.5.2.1.6279.6001.558286136379689377915919180358,IL057_156741,0.2891,0.5049,0.8465,0.084,5,4,2,3,1,6,1,5,4
1.3.6.1.4.1.14519.5.2.1.6279.6001.558286136379689377915919180358,48496,0.2881,0.5029,0.8506,0.084,5,2,2,1,2,6,1,5,5
1.3.6.1.4.1.14519.5.2.1.6279.6001.558286136379689377915919180358,Nodule 003,0.2871,0.5039,0.8506,0.0781,5,3,3,2,1,6,1,2,5
1.3.6.1.4.1.14519.5.2.1.6279.6001.558286136379689377915919180358,7061,0.2871,0.499,0.8506,0.0684,3,3,2,1,2,6,1,3,4
