uid,anno_index,coord_x,coord_y,coord_z,diameter,malscore,sphericiy,margin,spiculation,texture,calcification,internal_structure,lobulation,subtlety
1.3.6.1.4.1.14519.5.2.1.6279.6001.249032660919473722154870746474,8088,0.3398,0.7334,0.6451,0.0176,3,4,1,1,2,6,1,3,2
1.3.6.1.4.1.14519.5.2.1.6279.6001.249032660919473722154870746474,IL057_131655,0.3398,0.7324,0.6451,0.0195,3,3,3,1,1,6,1,1,2
1.3.6.1.4.1.14519.5.2.1.6279.6001.249032660919473722154870746474,10264,0.3418,0.7354,0.6451,0.0156,3,4,3,2,2,6,1,2,3
