uid,anno_index,coord_x,coord_y,coord_z,diameter,malscore,sphericiy,margin,spiculation,texture,calcification,internal_structure,lobulation,subtlety
1.3.6.1.4.1.14519.5.2.1.6279.6001.822128649427327893802314908658,164430,0.4004,0.7695,0.3588,0.0195,2,3,4,2,5,6,1,4,4
1.3.6.1.4.1.14519.5.2.1.6279.6001.822128649427327893802314908658,178029,0.4004,0.7695,0.3588,0.0195,1,3,5,1,5,3,1,1,5
1.3.6.1.4.1.14519.5.2.1.6279.6001.822128649427327893802314908658,Nodule 002,0.4004,0.7695,0.3588,0.0195,1,2,5,1,5,6,1,1,3
