uid,anno_index,coord_x,coord_y,coord_z,diameter,malscore,sphericiy,margin,spiculation,texture,calcification,internal_structure,lobulation,subtlety
1.3.6.1.4.1.14519.5.2.1.6279.6001.187694838527128312070807533473,Nodule 001,0.8076,0.3545,0.4773,0.0566,4,3,4,1,5,6,1,2,5
1.3.6.1.4.1.14519.5.2.1.6279.6001.187694838527128312070807533473,IL057_167602,0.8096,0.3604,0.4756,0.0645,5,5,5,1,5,6,1,3,5
1.3.6.1.4.1.14519.5.2.1.6279.6001.187694838527128312070807533473,MI014_17911,0.8105,0.3535,0.4773,0.0547,3,3,4,2,5,6,1,2,5
1.3.6.1.4.1.14519.5.2.1.6279.6001.187694838527128312070807533473,0,0.8096,0.3584,0.4773,0.0605,3,5,5,1,5,6,1,4,5
