uid,anno_index,coord_x,coord_y,coord_z,diameter,malscore,sphericiy,margin,spiculation,texture,calcification,internal_structure,lobulation,subtlety
1.3.6.1.4.1.14519.5.2.1.6279.6001.741709061958490690246385302477,1188,0.2422,0.583,0.7444,0.0156,1,5,5,1,5,3,1,1,5
1.3.6.1.4.1.14519.5.2.1.6279.6001.741709061958490690246385302477,1185,0.7686,0.4414,0.6504,0.0918,5,5,2,5,5,6,1,4,5
1.3.6.1.4.1.14519.5.2.1.6279.6001.741709061958490690246385302477,Nodule 001,0.7705,0.4404,0.6541,0.0762,5,3,3,5,5,6,1,3,5
1.3.6.1.4.1.14519.5.2.1.6279.6001.741709061958490690246385302477,Nodule 002,0.2422,0.584,0.7406,0.0156,1,5,5,1,5,3,1,1,5
1.3.6.1.4.1.14519.5.2.1.6279.6001.741709061958490690246385302477,06649,0.2432,0.584,0.7406,0.0176,1,3,5,3,5,3,1,1,5
1.3.6.1.4.1.14519.5.2.1.6279.6001.741709061958490690246385302477,06644,0.7725,0.4395,0.6504,0.0801,5,4,1,5,5,6,1,4,5
1.3.6.1.4.1.14519.5.2.1.6279.6001.741709061958490690246385302477,IL057_202851,0.2422,0.584,0.7406,0.0117,1,5,5,1,5,3,1,1,5
1.3.6.1.4.1.14519.5.2.1.6279.6001.741709061958490690246385302477,IL057_202847,0.7686,0.4414,0.6504,0.0957,5,4,3,4,5,6,1,4,5
