uid,anno_index,coord_x,coord_y,coord_z,diameter,malscore,sphericiy,margin,spiculation,texture,calcification,internal_structure,lobulation,subtlety
1.3.6.1.4.1.14519.5.2.1.6279.6001.301582691063019848479942618641,Nodule 002,0.7305,0.3457,0.7144,0.043,5,2,4,4,5,6,1,3,5
1.3.6.1.4.1.14519.5.2.1.6279.6001.301582691063019848479942618641,6,0.7324,0.3408,0.7136,0.0332,2,5,5,1,5,6,1,1,3
1.3.6.1.4.1.14519.5.2.1.6279.6001.301582691063019848479942618641,58006,0.7324,0.3418,0.7144,0.0469,5,2,3,1,5,6,1,2,5
1.3.6.1.4.1.14519.5.2.1.6279.6001.301582691063019848479942618641,52270,0.7275,0.3457,0.7136,0.043,4,4,5,1,5,6,1,1,4
