uid,anno_index,coord_x,coord_y,coord_z,diameter,malscore,sphericiy,margin,spiculation,texture,calcification,internal_structure,lobulation,subtlety
1.3.6.1.4.1.14519.5.2.1.6279.6001.162718361851587451505896742103,6,0.4443,0.3027,0.5432,0.0312,1,5,5,1,5,3,1,1,5
1.3.6.1.4.1.14519.5.2.1.6279.6001.162718361851587451505896742103,163221,0.4424,0.3027,0.5432,0.0312,3,4,4,3,5,6,1,4,5
1.3.6.1.4.1.14519.5.2.1.6279.6001.162718361851587451505896742103,160738,0.4443,0.3057,0.5396,0.0332,3,5,5,1,5,6,1,2,3
1.3.6.1.4.1.14519.5.2.1.6279.6001.162718361851587451505896742103,Nodule 003,0.4453,0.3018,0.5432,0.0352,2,4,4,1,5,6,1,1,4
