uid,anno_index,coord_x,coord_y,coord_z,diameter,malscore,sphericiy,margin,spiculation,texture,calcification,internal_structure,lobulation,subtlety
1.3.6.1.4.1.14519.5.2.1.6279.6001.159996104466052855396410079250,Nodule 001,0.2295,0.4404,0.5634,0.0566,5,2,4,3,5,6,1,4,5
1.3.6.1.4.1.14519.5.2.1.6279.6001.159996104466052855396410079250,Nodule 002,0.1953,0.5986,0.7791,0.0273,3,2,4,5,4,6,1,5,3
1.3.6.1.4.1.14519.5.2.1.6279.6001.159996104466052855396410079250,4245,0.2266,0.4668,0.5462,0.0977,5,3,2,2,5,6,1,1,4
1.3.6.1.4.1.14519.5.2.1.6279.6001.159996104466052855396410079250,2944,0.2334,0.4385,0.5616,0.0527,3,4,3,3,5,6,1,4,4
1.3.6.1.4.1.14519.5.2.1.6279.6001.159996104466052855396410079250,0,0.2324,0.4375,0.5634,0.0469,3,3,3,3,5,6,1,4,4
