uid,anno_index,coord_x,coord_y,coord_z,diameter,malscore,sphericiy,margin,spiculation,texture,calcification,internal_structure,lobulation,subtlety
1.3.6.1.4.1.14519.5.2.1.6279.6001.321465552859463184018938648244,Nodule 001,0.4258,0.7246,0.625,0.0352,4,3,5,1,5,6,1,1,5
1.3.6.1.4.1.14519.5.2.1.6279.6001.321465552859463184018938648244,68416,0.4268,0.7266,0.6278,0.0312,4,5,5,1,5,6,1,2,5
1.3.6.1.4.1.14519.5.2.1.6279.6001.321465552859463184018938648244,MI014_14520,0.4268,0.7266,0.625,0.0312,3,4,4,1,4,6,1,3,4
1.3.6.1.4.1.14519.5.2.1.6279.6001.321465552859463184018938648244,0,0.4248,0.7256,0.625,0.0332,2,5,5,1,5,6,1,1,3
