uid,anno_index,coord_x,coord_y,coord_z,diameter,malscore,sphericiy,margin,spiculation,texture,calcification,internal_structure,lobulation,subtlety
1.3.6.1.4.1.14519.5.2.1.6279.6001.390513733720659266816639651938,IL057_195938,0.4473,0.5107,0.8856,0.0254,3,4,2,1,3,6,1,1,1
1.3.6.1.4.1.14519.5.2.1.6279.6001.390513733720659266816639651938,0424,0.4482,0.5176,0.8898,0.0332,3,4,1,1,1,6,1,4,2
1.3.6.1.4.1.14519.5.2.1.6279.6001.390513733720659266816639651938,Nodule 002,0.4473,0.5127,0.8814,0.0176,5,4,3,2,4,6,1,2,3
