uid,anno_index,coord_x,coord_y,coord_z,diameter,malscore,sphericiy,margin,spiculation,texture,calcification,internal_structure,lobulation,subtlety
1.3.6.1.4.1.14519.5.2.1.6279.6001.140239815496047437552471323962,Nodule 001,0.8408,0.7188,0.5617,0.0508,5,3,3,3,5,6,1,2,5
1.3.6.1.4.1.14519.5.2.1.6279.6001.140239815496047437552471323962,IL057_159975,0.8428,0.7178,0.5617,0.0488,4,3,4,3,5,6,1,2,4
1.3.6.1.4.1.14519.5.2.1.6279.6001.140239815496047437552471323962,MI014_19969,0.8438,0.7178,0.5617,0.0527,5,4,4,1,5,6,1,2,5
1.3.6.1.4.1.14519.5.2.1.6279.6001.140239815496047437552471323962,0,0.835,0.7178,0.5617,0.0605,4,5,4,5,4,6,1,1,5
