uid,anno_index,coord_x,coord_y,coord_z,diameter,malscore,sphericiy,margin,spiculation,texture,calcification,internal_structure,lobulation,subtlety
1.3.6.1.4.1.14519.5.2.1.6279.6001.163994693532965040247348251579,IL057_85556,0.1123,0.4248,0.5673,0.0254,2,4,4,1,5,6,1,1,2
1.3.6.1.4.1.14519.5.2.1.6279.6001.163994693532965040247348251579,Nodule 002,0.1104,0.4229,0.5673,0.0215,4,3,5,1,5,6,1,1,5
1.3.6.1.4.1.14519.5.2.1.6279.6001.163994693532965040247348251579,5341,0.1123,0.4229,0.5673,0.0215,3,3,4,2,4,6,1,2,2
1.3.6.1.4.1.14519.5.2.1.6279.6001.163994693532965040247348251579,0102,0.1123,0.4219,0.5673,0.0195,3,3,4,1,5,6,1,1,3
