uid,anno_index,coord_x,coord_y,coord_z,diameter,malscore,sphericiy,margin,spiculation,texture,calcification,internal_structure,lobulation,subtlety
1.3.6.1.4.1.14519.5.2.1.6279.6001.311476128731958142981941696518,65779,0.2598,0.7568,0.3357,0.0234,3,5,4,1,5,6,1,1,5
1.3.6.1.4.1.14519.5.2.1.6279.6001.311476128731958142981941696518,Nodule 001,0.2578,0.7559,0.3375,0.0234,3,4,4,1,5,6,1,1,4
1.3.6.1.4.1.14519.5.2.1.6279.6001.311476128731958142981941696518,14409,0.2568,0.7578,0.3357,0.0215,5,5,4,1,5,6,1,1,5
1.3.6.1.4.1.14519.5.2.1.6279.6001.311476128731958142981941696518,3,0.2598,0.7559,0.3357,0.0195,3,5,5,1,5,6,1,1,5
