uid,anno_index,coord_x,coord_y,coord_z,diameter,malscore,sphericiy,margin,spiculation,texture,calcification,internal_structure,lobulation,subtlety
1.3.6.1.4.1.14519.5.2.1.6279.6001.194632613233275988184244485809,Nodule 002,0.3574,0.4619,0.8269,0.0957,5,3,3,5,4,6,1,3,5
1.3.6.1.4.1.14519.5.2.1.6279.6001.194632613233275988184244485809,IL057_168328,0.3623,0.4619,0.8231,0.0918,5,5,4,5,5,6,1,4,5
1.3.6.1.4.1.14519.5.2.1.6279.6001.194632613233275988184244485809,0,0.3623,0.4678,0.8269,0.0801,4,4,5,5,5,6,1,1,5
