uid,anno_index,coord_x,coord_y,coord_z,diameter,malscore,sphericiy,margin,spiculation,texture,calcification,internal_structure,lobulation,subtlety
1.3.6.1.4.1.14519.5.2.1.6279.6001.771831598853841017505646275338,4,0.6045,0.6445,0.9122,0.0859,4,5,5,5,5,6,1,2,5
1.3.6.1.4.1.14519.5.2.1.6279.6001.771831598853841017505646275338,52229,0.6016,0.6475,0.9162,0.0957,5,3,3,3,4,6,1,3,5
1.3.6.1.4.1.14519.5.2.1.6279.6001.771831598853841017505646275338,57965,0.6045,0.6484,0.9132,0.1055,5,2,1,5,5,6,1,2,5
