uid,anno_index,coord_x,coord_y,coord_z,diameter,malscore,sphericiy,margin,spiculation,texture,calcification,internal_structure,lobulation,subtlety
1.3.6.1.4.1.14519.5.2.1.6279.6001.486999111981013268988489262668,5,0.7461,0.7256,0.5331,0.0215,1,5,5,1,5,3,1,1,5
1.3.6.1.4.1.14519.5.2.1.6279.6001.486999111981013268988489262668,161439,0.7451,0.7246,0.5298,0.0293,3,4,4,1,5,6,1,1,3
1.3.6.1.4.1.14519.5.2.1.6279.6001.486999111981013268988489262668,163353,0.7471,0.7246,0.5364,0.0234,3,4,4,1,5,6,1,2,5
1.3.6.1.4.1.14519.5.2.1.6279.6001.486999111981013268988489262668,Nodule 003,0.7471,0.7227,0.5298,0.0234,2,4,5,1,5,6,1,1,3
