uid,anno_index,coord_x,coord_y,coord_z,diameter,malscore,sphericiy,margin,spiculation,texture,calcification,internal_structure,lobulation,subtlety
1.3.6.1.4.1.14519.5.2.1.6279.6001.265780642925621389994857727416,IL057_160775,0.1758,0.4453,0.5932,0.0625,4,5,1,2,1,6,1,2,3
1.3.6.1.4.1.14519.5.2.1.6279.6001.265780642925621389994857727416,Nodule 002,0.1729,0.4482,0.5975,0.0449,4,4,4,1,1,6,1,1,5
1.3.6.1.4.1.14519.5.2.1.6279.6001.265780642925621389994857727416,40387,0.1748,0.4463,0.5975,0.0488,3,4,1,2,1,6,1,3,5
1.3.6.1.4.1.14519.5.2.1.6279.6001.265780642925621389994857727416,8860,0.1738,0.4443,0.5975,0.0547,4,4,1,1,1,6,1,1,3
