uid,anno_index,coord_x,coord_y,coord_z,diameter,malscore,sphericiy,margin,spiculation,texture,calcification,internal_structure,lobulation,subtlety
1.3.6.1.4.1.14519.5.2.1.6279.6001.194246472548954252250399902051,3172,0.416,0.5234,0.708,0.0195,3,4,4,2,4,6,1,2,3
1.3.6.1.4.1.14519.5.2.1.6279.6001.194246472548954252250399902051,Nodule 001,0.415,0.5225,0.7117,0.0215,4,4,4,1,5,6,1,2,4
1.3.6.1.4.1.14519.5.2.1.6279.6001.194246472548954252250399902051,10074,0.415,0.5234,0.708,0.0215,3,5,5,1,5,6,1,1,3
1.3.6.1.4.1.14519.5.2.1.6279.6001.194246472548954252250399902051,29938,0.415,0.5225,0.7117,0.0215,2,4,4,1,5,6,1,1,3
