uid,anno_index,coord_x,coord_y,coord_z,diameter,malscore,sphericiy,margin,spiculation,texture,calcification,internal_structure,lobulation,subtlety
1.3.6.1.4.1.14519.5.2.1.6279.6001.287560874054243719452635194040,1,0.3369,0.3164,0.5906,0.0352,2,5,5,1,5,6,1,1,3
1.3.6.1.4.1.14519.5.2.1.6279.6001.287560874054243719452635194040,162862,0.335,0.3184,0.5906,0.0312,2,2,4,1,5,6,1,3,5
1.3.6.1.4.1.14519.5.2.1.6279.6001.287560874054243719452635194040,167743,0.3369,0.3184,0.5906,0.0312,2,2,5,1,5,6,1,1,4
1.3.6.1.4.1.14519.5.2.1.6279.6001.287560874054243719452635194040,Nodule 001,0.335,0.3193,0.5906,0.0293,3,3,4,1,5,6,1,1,4
