uid,anno_index,coord_x,coord_y,coord_z,diameter,malscore,sphericiy,margin,spiculation,texture,calcification,internal_structure,lobulation,subtlety
1.3.6.1.4.1.14519.5.2.1.6279.6001.149041668385192796520281592139,71329,0.7051,0.7109,0.2218,0.0742,4,2,3,4,5,6,1,4,5
1.3.6.1.4.1.14519.5.2.1.6279.6001.149041668385192796520281592139,IL057_166294,0.7061,0.709,0.218,0.0723,3,2,4,4,5,6,1,4,4
1.3.6.1.4.1.14519.5.2.1.6279.6001.149041668385192796520281592139,3697,0.707,0.7139,0.2143,0.0664,5,2,3,5,5,6,1,3,5
1.3.6.1.4.1.14519.5.2.1.6279.6001.149041668385192796520281592139,Nodule 002,0.7119,0.7119,0.1992,0.0488,5,2,4,2,5,6,1,2,4
1.3.6.1.4.1.14519.5.2.1.6279.6001.149041668385192796520281592139,Nodule 001,0.6875,0.709,0.188,0.0273,4,3,4,1,5,6,1,2,4
1.3.6.1.4.1.14519.5.2.1.6279.6001.149041668385192796520281592139,Nodule 003,0.7109,0.7119,0.2406,0.041,4,3,4,1,5,6,1,2,5
