uid,anno_index,coord_x,coord_y,coord_z,diameter,malscore,sphericiy,margin,spiculation,texture,calcification,internal_structure,lobulation,subtlety
1.3.6.1.4.1.14519.5.2.1.6279.6001.479402560265137632920333093071,Nodule 001,0.1436,0.5557,0.2542,0.0254,4,3,4,2,5,6,1,1,4
1.3.6.1.4.1.14519.5.2.1.6279.6001.479402560265137632920333093071,Nodule 003,0.1719,0.5654,0.4394,0.0215,4,4,5,1,2,6,1,1,4
1.3.6.1.4.1.14519.5.2.1.6279.6001.479402560265137632920333093071,IL057_201509,0.1729,0.5645,0.4394,0.0195,3,3,3,1,1,6,1,1,3
1.3.6.1.4.1.14519.5.2.1.6279.6001.479402560265137632920333093071,IL057_201505,0.1436,0.5566,0.2525,0.0254,3,4,5,1,5,6,1,1,5
1.3.6.1.4.1.14519.5.2.1.6279.6001.479402560265137632920333093071,MI014_20642,0.1436,0.5557,0.2542,0.0254,3,4,3,1,4,6,1,4,3
1.3.6.1.4.1.14519.5.2.1.6279.6001.479402560265137632920333093071,MI014_20646,0.1719,0.5635,0.4394,0.0215,3,3,1,1,3,6,1,1,3
1.3.6.1.4.1.14519.5.2.1.6279.6001.479402560265137632920333093071,0,0.1436,0.5566,0.2542,0.0254,1,4,5,1,5,6,1,1,5
1.3.6.1.4.1.14519.5.2.1.6279.6001.479402560265137632920333093071,2,0.1729,0.5635,0.4411,0.0215,2,5,2,1,1,6,1,1,1
