uid,anno_index,coord_x,coord_y,coord_z,diameter,malscore,sphericiy,margin,spiculation,texture,calcification,internal_structure,lobulation,subtlety
1.3.6.1.4.1.14519.5.2.1.6279.6001.725236073737175770730904408416,0,0.1953,0.6152,0.5972,0.0273,2,5,5,1,5,6,1,1,5
1.3.6.1.4.1.14519.5.2.1.6279.6001.725236073737175770730904408416,25941,0.1943,0.6152,0.5972,0.0254,2,4,5,1,5,6,3,1,4
1.3.6.1.4.1.14519.5.2.1.6279.6001.725236073737175770730904408416,50299,0.1943,0.6152,0.5972,0.0254,4,4,4,1,5,6,1,1,5
