uid,anno_index,coord_x,coord_y,coord_z,diameter,malscore,sphericiy,margin,spiculation,texture,calcification,internal_structure,lobulation,subtlety
1.3.6.1.4.1.14519.5.2.1.6279.6001.241083615484551649610616348856,Nodule 001,0.6543,0.6211,0.3553,0.0352,4,4,4,1,4,6,1,2,5
1.3.6.1.4.1.14519.5.2.1.6279.6001.241083615484551649610616348856,14941,0.6572,0.6201,0.3553,0.0371,3,3,4,1,5,6,1,2,5
1.3.6.1.4.1.14519.5.2.1.6279.6001.241083615484551649610616348856,2099,0.6572,0.6211,0.3553,0.0371,4,3,5,2,5,6,1,1,5
1.3.6.1.4.1.14519.5.2.1.6279.6001.241083615484551649610616348856,0,0.6562,0.6211,0.3553,0.0312,3,3,4,1,5,6,1,3,5
