uid,anno_index,coord_x,coord_y,coord_z,diameter,malscore,sphericiy,margin,spiculation,texture,calcification,internal_structure,lobulation,subtlety
1.3.6.1.4.1.14519.5.2.1.6279.6001.200513183558872708878454294671,7760,0.3359,0.3057,0.6387,0.0176,1,4,4,1,5,3,1,1,5
1.3.6.1.4.1.14519.5.2.1.6279.6001.200513183558872708878454294671,10186,0.3359,0.3076,0.6387,0.0176,1,3,4,1,5,5,1,2,5
1.3.6.1.4.1.14519.5.2.1.6279.6001.200513183558872708878454294671,IL057_123565,0.3369,0.3076,0.6387,0.0176,1,4,5,1,5,4,1,1,4
1.3.6.1.4.1.14519.5.2.1.6279.6001.200513183558872708878454294671,Nodule 001,0.3359,0.3066,0.6387,0.0195,4,4,4,1,5,6,1,1,4
