uid,anno_index,coord_x,coord_y,coord_z,diameter,malscore,sphericiy,margin,spiculation,texture,calcification,internal_structure,lobulation,subtlety
1.3.6.1.4.1.14519.5.2.1.6279.6001.293757615532132808762625441831,Nodule 001,0.3145,0.3965,0.5084,0.0234,4,2,4,2,4,6,1,2,5
1.3.6.1.4.1.14519.5.2.1.6279.6001.293757615532132808762625441831,Nodule 003,0.2744,0.6084,0.5818,0.0488,4,2,4,3,4,6,1,3,5
1.3.6.1.4.1.14519.5.2.1.6279.6001.293757615532132808762625441831,15567,0.2744,0.6074,0.5818,0.0508,3,2,3,2,4,6,1,3,5
1.3.6.1.4.1.14519.5.2.1.6279.6001.293757615532132808762625441831,15561,0.3164,0.3965,0.5094,0.0195,1,4,5,1,5,3,1,3,5
1.3.6.1.4.1.14519.5.2.1.6279.6001.293757615532132808762625441831,0,0.3174,0.3965,0.5084,0.0156,1,3,5,1,5,3,1,1,5
1.3.6.1.4.1.14519.5.2.1.6279.6001.293757615532132808762625441831,1,0.2637,0.6172,0.5849,0.0273,2,3,2,1,1,6,1,1,3
1.3.6.1.4.1.14519.5.2.1.6279.6001.293757615532132808762625441831,9895,0.2627,0.6191,0.5849,0.0254,4,4,5,1,5,6,1,2,4
1.3.6.1.4.1.14519.5.2.1.6279.6001.293757615532132808762625441831,9889,0.3174,0.3965,0.5084,0.0156,1,3,5,1,5,3,1,3,5
