uid,anno_index,coord_x,coord_y,coord_z,diameter,malscore,sphericiy,margin,spiculation,texture,calcification,internal_structure,lobulation,subtlety
1.3.6.1.4.1.14519.5.2.1.6279.6001.185226274332527104841463955058,4460,0.8379,0.5254,0.3292,0.0195,3,3,5,1,5,6,1,1,1
1.3.6.1.4.1.14519.5.2.1.6279.6001.185226274332527104841463955058,IL057_195893,0.8379,0.5254,0.3292,0.0234,3,3,4,1,5,6,1,1,2
1.3.6.1.4.1.14519.5.2.1.6279.6001.185226274332527104841463955058,IL057_196383,0.2646,0.3994,0.4729,0.0137,3,4,3,1,5,6,1,1,1
1.3.6.1.4.1.14519.5.2.1.6279.6001.185226274332527104841463955058,Nodule 001,0.834,0.5244,0.3292,0.0215,3,4,5,1,5,6,1,2,4
1.3.6.1.4.1.14519.5.2.1.6279.6001.185226274332527104841463955058,Nodule 004,0.2637,0.3994,0.4729,0.0156,2,4,5,1,5,6,1,2,3
1.3.6.1.4.1.14519.5.2.1.6279.6001.185226274332527104841463955058,81193,0.2646,0.3994,0.4729,0.0137,2,3,4,3,5,6,1,1,2
1.3.6.1.4.1.14519.5.2.1.6279.6001.185226274332527104841463955058,81192,0.8359,0.5254,0.3292,0.0195,2,2,4,1,5,6,1,2,3
