uid,anno_index,coord_x,coord_y,coord_z,diameter,malscore,sphericiy,margin,spiculation,texture,calcification,internal_structure,lobulation,subtlety
1.3.6.1.4.1.14519.5.2.1.6279.6001.244442540088515471945035689377,81089,0.7959,0.5693,0.5141,0.0254,1,5,5,1,5,3,1,1,5
1.3.6.1.4.1.14519.5.2.1.6279.6001.244442540088515471945035689377,40884,0.7969,0.5752,0.5153,0.041,1,3,5,1,5,3,1,1,5
1.3.6.1.4.1.14519.5.2.1.6279.6001.244442540088515471945035689377,10716,0.7969,0.5762,0.5153,0.043,1,2,5,1,5,3,1,2,5
1.3.6.1.4.1.14519.5.2.1.6279.6001.244442540088515471945035689377,9,0.7949,0.5791,0.5153,0.0449,1,5,5,1,5,3,1,1,5
