uid,anno_index,coord_x,coord_y,coord_z,diameter,malscore,sphericiy,margin,spiculation,texture,calcification,internal_structure,lobulation,subtlety
1.3.6.1.4.1.14519.5.2.1.6279.6001.225515255547637437801620523312,Nodule 001,0.5625,0.3232,0.5794,0.043,4,3,5,1,5,6,1,1,4
1.3.6.1.4.1.14519.5.2.1.6279.6001.225515255547637437801620523312,Nodule 003,0.6826,0.417,0.5884,0.0176,3,4,5,1,5,6,1,2,3
1.3.6.1.4.1.14519.5.2.1.6279.6001.225515255547637437801620523312,IL057_197155,0.5625,0.3252,0.5794,0.0391,5,4,5,1,5,6,1,1,5
1.3.6.1.4.1.14519.5.2.1.6279.6001.225515255547637437801620523312,IL057_197158,0.6836,0.416,0.5884,0.0156,3,5,5,1,5,6,1,1,4
1.3.6.1.4.1.14519.5.2.1.6279.6001.225515255547637437801620523312,MI014_20381,0.6836,0.416,0.5866,0.0156,5,5,5,1,5,6,1,1,5
1.3.6.1.4.1.14519.5.2.1.6279.6001.225515255547637437801620523312,MI014_20377,0.5635,0.3262,0.5794,0.041,5,4,4,1,5,6,1,3,5
1.3.6.1.4.1.14519.5.2.1.6279.6001.225515255547637437801620523312,0,0.5625,0.3271,0.5794,0.043,2,5,5,1,5,6,1,1,3
1.3.6.1.4.1.14519.5.2.1.6279.6001.225515255547637437801620523312,2,0.6836,0.417,0.5866,0.0176,2,5,5,1,5,6,1,1,3
