uid,anno_index,coord_x,coord_y,coord_z,diameter,malscore,sphericiy,margin,spiculation,texture,calcification,internal_structure,lobulation,subtlety
1.3.6.1.4.1.14519.5.2.1.6279.6001.797637294244261543517154417124,7064,0.8779,0.3809,0.2746,0.0215,3,3,3,2,5,6,1,2,4
1.3.6.1.4.1.14519.5.2.1.6279.6001.797637294244261543517154417124,5863,0.876,0.3809,0.2787,0.0332,3,3,4,1,4,6,1,1,5
1.3.6.1.4.1.14519.5.2.1.6279.6001.797637294244261543517154417124,IL057_69881,0.876,0.3818,0.2725,0.0332,2,3,4,1,5,6,1,1,4
1.3.6.1.4.1.14519.5.2.1.6279.6001.797637294244261543517154417124,Nodule 002,0.876,0.3828,0.2766,0.0254,3,2,4,2,5,6,1,1,4
