uid,anno_index,coord_x,coord_y,coord_z,diameter,malscore,sphericiy,margin,spiculation,texture,calcification,internal_structure,lobulation,subtlety
1.3.6.1.4.1.14519.5.2.1.6279.6001.226456162308124493341905600418,Nodule 005,0.8291,0.6104,0.5062,0.0566,4,3,3,1,2,6,1,2,4
1.3.6.1.4.1.14519.5.2.1.6279.6001.226456162308124493341905600418,Nodule 001,0.793,0.7041,0.5622,0.0273,5,3,3,2,5,6,1,3,4
1.3.6.1.4.1.14519.5.2.1.6279.6001.226456162308124493341905600418,0690,0.7939,0.7061,0.5664,0.041,3,4,1,1,4,6,1,4,4
1.3.6.1.4.1.14519.5.2.1.6279.6001.226456162308124493341905600418,0686,0.8311,0.6104,0.5062,0.0527,3,4,1,1,1,6,1,2,2
1.3.6.1.4.1.14519.5.2.1.6279.6001.226456162308124493341905600418,IL057_203690,0.793,0.7051,0.5643,0.0312,4,5,2,3,4,6,1,3,4
1.3.6.1.4.1.14519.5.2.1.6279.6001.226456162308124493341905600418,87912,0.792,0.7031,0.5664,0.0391,4,3,2,2,4,6,1,3,5
1.3.6.1.4.1.14519.5.2.1.6279.6001.226456162308124493341905600418,87906,0.8301,0.6094,0.5083,0.0508,3,3,2,2,1,6,1,2,3
