uid,anno_index,coord_x,coord_y,coord_z,diameter,malscore,sphericiy,margin,spiculation,texture,calcification,internal_structure,lobulation,subtlety
1.3.6.1.4.1.14519.5.2.1.6279.6001.669435869708883155232318480131,Nodule 001,0.4297,0.5645,0.55,0.0664,5,4,4,2,5,6,1,2,5
1.3.6.1.4.1.14519.5.2.1.6279.6001.669435869708883155232318480131,IL057_201403,0.4316,0.5645,0.55,0.0664,5,5,5,1,5,6,1,1,5
1.3.6.1.4.1.14519.5.2.1.6279.6001.669435869708883155232318480131,MI014_20539,0.4307,0.5645,0.55,0.0703,5,5,5,1,5,6,1,4,5
1.3.6.1.4.1.14519.5.2.1.6279.6001.669435869708883155232318480131,0,0.4307,0.5654,0.55,0.0684,2,4,5,2,5,6,1,1,5
