uid,anno_index,coord_x,coord_y,coord_z,diameter,malscore,sphericiy,margin,spiculation,texture,calcification,internal_structure,lobulation,subtlety
1.3.6.1.4.1.14519.5.2.1.6279.6001.133378195429627807109985347209,Nodule 002,0.4131,0.6338,0.1702,0.0449,3,3,5,1,5,6,1,1,3
1.3.6.1.4.1.14519.5.2.1.6279.6001.133378195429627807109985347209,Nodule 001,0.3486,0.7061,0.5714,0.0449,3,3,5,1,5,6,1,1,5
1.3.6.1.4.1.14519.5.2.1.6279.6001.133378195429627807109985347209,IL057_160149,0.3496,0.7061,0.5735,0.043,3,5,4,1,5,6,1,1,4
1.3.6.1.4.1.14519.5.2.1.6279.6001.133378195429627807109985347209,IL057_160153,0.4141,0.6338,0.1681,0.0449,3,3,4,2,5,6,1,2,3
1.3.6.1.4.1.14519.5.2.1.6279.6001.133378195429627807109985347209,MI014_20054,0.4121,0.6338,0.1639,0.0488,3,3,5,1,5,6,1,1,4
1.3.6.1.4.1.14519.5.2.1.6279.6001.133378195429627807109985347209,MI014_20050,0.3486,0.7061,0.5714,0.0449,4,5,5,1,5,6,1,1,5
1.3.6.1.4.1.14519.5.2.1.6279.6001.133378195429627807109985347209,1,0.3486,0.7061,0.5714,0.041,2,5,5,1,5,6,1,1,3
