uid,anno_index,coord_x,coord_y,coord_z,diameter,malscore,sphericiy,margin,spiculation,texture,calcification,internal_structure,lobulation,subtlety
1.3.6.1.4.1.14519.5.2.1.6279.6001.910607280658963002048724648683,54694,0.6318,0.5537,0.7205,0.0176,3,4,3,1,4,6,1,1,2
1.3.6.1.4.1.14519.5.2.1.6279.6001.910607280658963002048724648683,Nodule 001,0.6318,0.5527,0.7205,0.0156,2,4,5,1,5,6,1,1,5
1.3.6.1.4.1.14519.5.2.1.6279.6001.910607280658963002048724648683,12650,0.6318,0.5537,0.7205,0.0137,3,4,4,1,5,6,1,1,4
1.3.6.1.4.1.14519.5.2.1.6279.6001.910607280658963002048724648683,0,0.6328,0.5537,0.7205,0.0137,2,4,4,1,5,6,1,1,4
