uid,anno_index,coord_x,coord_y,coord_z,diameter,malscore,sphericiy,margin,spiculation,texture,calcification,internal_structure,lobulation,subtlety
1.3.6.1.4.1.14519.5.2.1.6279.6001.518487185634324801733841260431,10143,0.7402,0.3408,0.5547,0.0215,3,4,4,2,5,6,1,3,5
1.3.6.1.4.1.14519.5.2.1.6279.6001.518487185634324801733841260431,IL057_123525,0.7402,0.3408,0.5547,0.0215,3,5,5,1,5,6,1,1,4
1.3.6.1.4.1.14519.5.2.1.6279.6001.518487185634324801733841260431,6043,0.7402,0.3408,0.5584,0.0215,3,4,5,1,5,6,1,1,4
1.3.6.1.4.1.14519.5.2.1.6279.6001.518487185634324801733841260431,Nodule 001,0.7393,0.3408,0.5584,0.0215,4,4,5,2,5,6,1,1,5
