uid,anno_index,coord_x,coord_y,coord_z,diameter,malscore,sphericiy,margin,spiculation,texture,calcification,internal_structure,lobulation,subtlety
1.3.6.1.4.1.14519.5.2.1.6279.6001.780558315515979171413904604168,140846,0.2324,0.626,0.4556,0.0488,1,3,5,1,5,3,1,2,5
1.3.6.1.4.1.14519.5.2.1.6279.6001.780558315515979171413904604168,159039,0.2334,0.626,0.4569,0.0527,1,5,5,1,5,3,1,1,5
1.3.6.1.4.1.14519.5.2.1.6279.6001.780558315515979171413904604168,19065,0.2334,0.626,0.4542,0.0488,1,5,5,1,5,3,1,1,5
1.3.6.1.4.1.14519.5.2.1.6279.6001.780558315515979171413904604168,0,0.2334,0.626,0.4542,0.0488,1,5,5,1,5,3,1,1,5
