uid,anno_index,coord_x,coord_y,coord_z,diameter,malscore,sphericiy,margin,spiculation,texture,calcification,internal_structure,lobulation,subtlety
1.3.6.1.4.1.14519.5.2.1.6279.6001.178391668569567816549737454720,Nodule 003,0.7324,0.4424,0.5977,0.0176,3,4,5,1,5,6,1,1,4
1.3.6.1.4.1.14519.5.2.1.6279.6001.178391668569567816549737454720,IL057_167650,0.7344,0.4434,0.5977,0.0195,2,5,3,1,5,6,1,1,2
1.3.6.1.4.1.14519.5.2.1.6279.6001.178391668569567816549737454720,MI014_17928,0.7344,0.4434,0.5977,0.0195,3,5,4,1,4,6,1,2,1
