uid,anno_index,coord_x,coord_y,coord_z,diameter,malscore,sphericiy,margin,spiculation,texture,calcification,internal_structure,lobulation,subtlety
1.3.6.1.4.1.14519.5.2.1.6279.6001.300270516469599170290456821227,52586,0.2402,0.2881,0.5332,0.0215,1,3,4,1,5,3,1,1,3
1.3.6.1.4.1.14519.5.2.1.6279.6001.300270516469599170290456821227,52579,0.0391,0.4453,0.1383,0.0352,2,4,4,1,5,6,1,1,3
1.3.6.1.4.1.14519.5.2.1.6279.6001.300270516469599170290456821227,41006,0.2393,0.2881,0.5319,0.0176,1,3,5,1,5,3,1,1,4
1.3.6.1.4.1.14519.5.2.1.6279.6001.300270516469599170290456821227,42726,0.0361,0.4453,0.1396,0.0312,3,4,5,1,5,6,1,1,5
1.3.6.1.4.1.14519.5.2.1.6279.6001.300270516469599170290456821227,13073,0.0361,0.4482,0.141,0.0332,4,3,4,1,4,6,1,1,5
1.3.6.1.4.1.14519.5.2.1.6279.6001.300270516469599170290456821227,6,0.2402,0.2842,0.5332,0.0312,3,4,4,1,5,6,1,1,5
1.3.6.1.4.1.14519.5.2.1.6279.6001.300270516469599170290456821227,8,0.0391,0.4473,0.1383,0.0352,3,3,5,1,5,6,1,1,5
