uid,anno_index,coord_x,coord_y,coord_z,diameter,malscore,sphericiy,margin,spiculation,texture,calcification,internal_structure,lobulation,subtlety
1.3.6.1.4.1.14519.5.2.1.6279.6001.107109359065300889765026303943,81146,0.2422,0.3086,0.2652,0.0703,4,3,3,4,5,6,1,3,5
1.3.6.1.4.1.14519.5.2.1.6279.6001.107109359065300889765026303943,IL057_195816,0.2363,0.3076,0.2652,0.0664,5,4,5,1,5,6,1,2,5
1.3.6.1.4.1.14519.5.2.1.6279.6001.107109359065300889765026303943,Nodule 001,0.2412,0.3027,0.2652,0.0762,5,4,4,1,5,6,1,2,5
1.3.6.1.4.1.14519.5.2.1.6279.6001.107109359065300889765026303943,5811,0.2461,0.3037,0.2565,0.082,5,3,5,3,5,6,1,2,5
