uid,anno_index,coord_x,coord_y,coord_z,diameter,malscore,sphericiy,margin,spiculation,texture,calcification,internal_structure,lobulation,subtlety
1.3.6.1.4.1.14519.5.2.1.6279.6001.131939324905446238286154504249,3147,0.2363,0.7295,0.6103,0.0664,5,4,5,4,5,6,1,5,5
1.3.6.1.4.1.14519.5.2.1.6279.6001.131939324905446238286154504249,3177,0.3291,0.7178,0.2904,0.0332,5,5,5,5,5,6,1,5,3
1.3.6.1.4.1.14519.5.2.1.6279.6001.131939324905446238286154504249,0,0.2363,0.7246,0.6103,0.0664,3,3,3,2,5,6,1,4,4
1.3.6.1.4.1.14519.5.2.1.6279.6001.131939324905446238286154504249,3,0.3281,0.7188,0.2868,0.0273,2,4,4,1,5,6,1,2,2
1.3.6.1.4.1.14519.5.2.1.6279.6001.131939324905446238286154504249,1196,0.2285,0.7295,0.6176,0.082,4,4,3,3,5,6,1,5,5
1.3.6.1.4.1.14519.5.2.1.6279.6001.131939324905446238286154504249,1226,0.3262,0.7256,0.2941,0.0488,3,4,5,5,5,6,1,4,2
1.3.6.1.4.1.14519.5.2.1.6279.6001.131939324905446238286154504249,5267,0.2344,0.7266,0.6103,0.0664,2,4,3,5,4,6,1,3,5
1.3.6.1.4.1.14519.5.2.1.6279.6001.131939324905446238286154504249,4589,0.3291,0.7207,0.2978,0.0234,3,5,3,5,4,6,1,5,3
