uid,anno_index,coord_x,coord_y,coord_z,diameter,malscore,sphericiy,margin,spiculation,texture,calcification,internal_structure,lobulation,subtlety
1.3.6.1.4.1.14519.5.2.1.6279.6001.750792629100457382099842515038,37490,0.2432,0.6328,0.8,0.0605,4,5,4,1,5,6,4,1,5
1.3.6.1.4.1.14519.5.2.1.6279.6001.750792629100457382099842515038,37492,0.6201,0.707,0.5012,0.0293,1,2,4,1,5,6,1,3,3
1.3.6.1.4.1.14519.5.2.1.6279.6001.750792629100457382099842515038,Nodule 004,0.6162,0.7061,0.505,0.0293,4,3,4,2,5,6,1,2,5
1.3.6.1.4.1.14519.5.2.1.6279.6001.750792629100457382099842515038,Nodule 001,0.2432,0.6309,0.8,0.0566,5,4,4,1,3,6,1,1,5
1.3.6.1.4.1.14519.5.2.1.6279.6001.750792629100457382099842515038,8311,0.2451,0.6338,0.8,0.0566,5,5,4,2,5,6,1,2,5
1.3.6.1.4.1.14519.5.2.1.6279.6001.750792629100457382099842515038,9,0.6162,0.708,0.5025,0.0215,2,3,3,1,5,6,1,1,3
