uid,anno_index,coord_x,coord_y,coord_z,diameter,malscore,sphericiy,margin,spiculation,texture,calcification,internal_structure,lobulation,subtlety
1.3.6.1.4.1.14519.5.2.1.6279.6001.270152671889301412052226973069,8917,0.1621,0.71,0.4074,0.0273,3,3,3,1,3,6,1,1,4
1.3.6.1.4.1.14519.5.2.1.6279.6001.270152671889301412052226973069,Nodule 002,0.1611,0.7119,0.4074,0.0332,4,3,5,1,5,6,1,3,5
1.3.6.1.4.1.14519.5.2.1.6279.6001.270152671889301412052226973069,11332,0.1631,0.7109,0.4074,0.0293,5,4,5,1,5,6,1,1,5
